# OXRSys controller, generated by make_controller.gd from Godot CSG
mtllib oxrsys_controller.mtl
usemtl body
vt 0.5 0.5
v -0.027699 -0.005562 -0.025735
v -0.025142 -0.002816 -0.031154
v -0.028766 -0.002816 -0.026572
v -0.030506 -0.005562 -0.020787
v -0.028766 -0.002816 -0.026572
v -0.031681 -0.002816 -0.021434
v -0.027699 -0.005562 -0.025735
v -0.028580 -0.008172 -0.019727
v -0.025950 -0.008172 -0.024362
v -0.027699 -0.005562 -0.025735
v -0.028766 -0.002816 -0.026572
v -0.030506 -0.005562 -0.020787
v -0.027699 -0.005562 -0.025735
v -0.030506 -0.005562 -0.020787
v -0.028580 -0.008172 -0.019727
v -0.024210 -0.005562 -0.030147
v -0.020900 -0.002816 -0.035067
v -0.025142 -0.002816 -0.031154
v -0.020125 -0.005562 -0.033915
v -0.020900 -0.002816 -0.035067
v -0.024210 -0.005562 -0.030147
v -0.020125 -0.005562 -0.033915
v -0.016142 -0.002816 -0.038216
v -0.020900 -0.002816 -0.035067
v -0.018854 -0.008172 -0.032026
v -0.015544 -0.005562 -0.036947
v -0.020125 -0.005562 -0.033915
v -0.027699 -0.005562 -0.025735
v -0.025950 -0.008172 -0.024362
v -0.024210 -0.005562 -0.030147
v -0.027699 -0.005562 -0.025735
v -0.024210 -0.005562 -0.030147
v -0.025142 -0.002816 -0.031154
v -0.022681 -0.008172 -0.028496
v -0.024210 -0.005562 -0.030147
v -0.025950 -0.008172 -0.024362
v -0.025950 -0.008172 -0.024362
v -0.025950 -0.010580 -0.018280
v -0.023562 -0.010580 -0.022489
v -0.022681 -0.008172 -0.028496
v -0.025950 -0.008172 -0.024362
v -0.023562 -0.010580 -0.022489
v -0.023562 -0.010580 -0.022489
v -0.020594 -0.012728 -0.020160
v -0.020594 -0.010580 -0.026242
v -0.020594 -0.010580 -0.026242
v -0.018000 -0.012728 -0.023440
v -0.017119 -0.010580 -0.029447
v -0.020594 -0.010580 -0.026242
v -0.020594 -0.012728 -0.020160
v -0.018000 -0.012728 -0.023440
v -0.018854 -0.008172 -0.032026
v -0.020125 -0.005562 -0.033915
v -0.022681 -0.008172 -0.028496
v -0.018854 -0.008172 -0.032026
v -0.022681 -0.008172 -0.028496
v -0.020594 -0.010580 -0.026242
v -0.020125 -0.005562 -0.033915
v -0.024210 -0.005562 -0.030147
v -0.022681 -0.008172 -0.028496
v -0.018854 -0.008172 -0.032026
v -0.020594 -0.010580 -0.026242
v -0.017119 -0.010580 -0.029447
v -0.022681 -0.008172 -0.028496
v -0.023562 -0.010580 -0.022489
v -0.020594 -0.010580 -0.026242
v -0.032562 -0.005562 -0.015427
v -0.030506 -0.005562 -0.020787
v -0.031681 -0.002816 -0.021434
v -0.032562 -0.005562 -0.015427
v -0.031681 -0.002816 -0.021434
v -0.033817 -0.002816 -0.015867
v -0.033817 -0.005562 -0.009784
v -0.033817 -0.002816 -0.015867
v -0.035119 -0.002816 -0.010007
v -0.032562 -0.005562 -0.015427
v -0.031681 -0.008172 -0.009419
v -0.030506 -0.008172 -0.014705
v -0.032562 -0.005562 -0.015427
v -0.033817 -0.002816 -0.015867
v -0.033817 -0.005562 -0.009784
v -0.032562 -0.005562 -0.015427
v -0.033817 -0.005562 -0.009784
v -0.031681 -0.008172 -0.009419
v -0.027699 -0.010580 -0.013720
v -0.028766 -0.010580 -0.008921
v -0.025142 -0.012728 -0.008301
v -0.030506 -0.005562 -0.020787
v -0.030506 -0.008172 -0.014705
v -0.028580 -0.008172 -0.019727
v -0.032562 -0.005562 -0.015427
v -0.030506 -0.008172 -0.014705
v -0.030506 -0.005562 -0.020787
v -0.028580 -0.008172 -0.019727
v -0.030506 -0.008172 -0.014705
v -0.027699 -0.010580 -0.013720
v -0.028580 -0.008172 -0.019727
v -0.027699 -0.010580 -0.013720
v -0.025950 -0.010580 -0.018280
v -0.030506 -0.008172 -0.014705
v -0.031681 -0.008172 -0.009419
v -0.028766 -0.010580 -0.008921
v -0.030506 -0.008172 -0.014705
v -0.028766 -0.010580 -0.008921
v -0.027699 -0.010580 -0.013720
v -0.033817 -0.005562 -0.009784
v -0.035119 -0.002816 -0.010007
v -0.034238 -0.005562 -0.004000
v -0.034238 -0.005562 -0.004000
v -0.035119 -0.002816 -0.010007
v -0.035557 -0.002816 -0.004000
v -0.033817 -0.005562 -0.009784
v -0.032076 -0.008172 -0.004000
v -0.031681 -0.008172 -0.009419
v -0.033817 -0.005562 -0.009784
v -0.034238 -0.005562 -0.004000
v -0.032076 -0.008172 -0.004000
v -0.034238 -0.005562 -0.004000
v -0.035557 -0.002816 -0.004000
v -0.033817 -0.005562 0.001784
v -0.035557 -0.002816 -0.004000
v -0.035119 -0.002816 0.002007
v -0.033817 -0.005562 0.001784
v -0.034238 -0.005562 -0.004000
v -0.031681 -0.008172 0.001419
v -0.032076 -0.008172 -0.004000
v -0.034238 -0.005562 -0.004000
v -0.033817 -0.005562 0.001784
v -0.031681 -0.008172 0.001419
v -0.028766 -0.010580 -0.008921
v -0.029125 -0.010580 -0.004000
v -0.025456 -0.012728 -0.004000
v -0.029125 -0.010580 -0.004000
v -0.028766 -0.010580 0.000921
v -0.025142 -0.012728 0.000301
v -0.031681 -0.008172 -0.009419
v -0.032076 -0.008172 -0.004000
v -0.029125 -0.010580 -0.004000
v -0.031681 -0.008172 -0.009419
v -0.029125 -0.010580 -0.004000
v -0.028766 -0.010580 -0.008921
v -0.032076 -0.008172 -0.004000
v -0.028766 -0.010580 0.000921
v -0.029125 -0.010580 -0.004000
v -0.032076 -0.008172 -0.004000
v -0.031681 -0.008172 0.001419
v -0.028766 -0.010580 0.000921
v -0.023562 -0.010580 -0.022489
v -0.025950 -0.010580 -0.018280
v -0.022681 -0.012728 -0.016481
v -0.022681 -0.012728 -0.016481
v -0.025950 -0.010580 -0.018280
v -0.024210 -0.012728 -0.012496
v -0.027699 -0.010580 -0.013720
v -0.024210 -0.012728 -0.012496
v -0.025950 -0.010580 -0.018280
v -0.027699 -0.010580 -0.013720
v -0.025142 -0.012728 -0.008301
v -0.024210 -0.012728 -0.012496
v -0.025950 -0.008172 -0.024362
v -0.028580 -0.008172 -0.019727
v -0.025950 -0.010580 -0.018280
v -0.023562 -0.010580 -0.022489
v -0.022681 -0.012728 -0.016481
v -0.020594 -0.012728 -0.020160
v -0.022681 -0.012728 -0.016481
v -0.018854 -0.014562 -0.014375
v -0.020594 -0.012728 -0.020160
v -0.020594 -0.012728 -0.020160
v -0.017119 -0.014562 -0.017433
v -0.018000 -0.012728 -0.023440
v -0.020594 -0.012728 -0.020160
v -0.018854 -0.014562 -0.014375
v -0.017119 -0.014562 -0.017433
v -0.022681 -0.012728 -0.016481
v -0.024210 -0.012728 -0.012496
v -0.020125 -0.014562 -0.011062
v -0.022681 -0.012728 -0.016481
v -0.020125 -0.014562 -0.011062
v -0.018854 -0.014562 -0.014375
v -0.024210 -0.012728 -0.012496
v -0.020900 -0.014562 -0.007575
v -0.020125 -0.014562 -0.011062
v -0.018854 -0.014562 -0.014375
v -0.020125 -0.014562 -0.011062
v -0.015544 -0.016038 -0.009455
v -0.028766 -0.010580 -0.008921
v -0.025456 -0.012728 -0.004000
v -0.025142 -0.012728 -0.008301
v -0.024210 -0.012728 -0.012496
v -0.025142 -0.012728 -0.008301
v -0.020900 -0.014562 -0.007575
v -0.025142 -0.012728 -0.008301
v -0.025456 -0.012728 -0.004000
v -0.021160 -0.014562 -0.004000
v -0.029125 -0.010580 -0.004000
v -0.025142 -0.012728 0.000301
v -0.025456 -0.012728 -0.004000
v -0.025456 -0.012728 -0.004000
v -0.020900 -0.014562 -0.000425
v -0.021160 -0.014562 -0.004000
v -0.025456 -0.012728 -0.004000
v -0.025142 -0.012728 0.000301
v -0.020900 -0.014562 -0.000425
v -0.025142 -0.012728 -0.008301
v -0.021160 -0.014562 -0.004000
v -0.020900 -0.014562 -0.007575
v -0.020125 -0.014562 -0.011062
v -0.020900 -0.014562 -0.007575
v -0.016142 -0.016038 -0.006761
v -0.020900 -0.014562 -0.007575
v -0.021160 -0.014562 -0.004000
v -0.016344 -0.016038 -0.004000
v -0.021160 -0.014562 -0.004000
v -0.020900 -0.014562 -0.000425
v -0.016142 -0.016038 -0.001239
v -0.020900 -0.014562 -0.000425
v -0.017274 -0.015561 0.000847
v -0.016142 -0.016038 -0.001239
v -0.029125 0.000000 -0.026853
v -0.028766 -0.002816 -0.026572
v -0.025456 0.000000 -0.031492
v -0.029125 0.000000 -0.026853
v -0.025142 0.002816 -0.031154
v -0.028766 0.002816 -0.026572
v -0.031681 -0.002816 -0.021434
v -0.028766 -0.002816 -0.026572
v -0.029125 0.000000 -0.026853
v -0.031681 -0.002816 -0.021434
v -0.029125 0.000000 -0.026853
v -0.032076 0.000000 -0.021651
v -0.032076 0.000000 -0.021651
v -0.029125 0.000000 -0.026853
v -0.028766 0.002816 -0.026572
v -0.031681 0.002816 -0.021434
v -0.028766 0.002816 -0.026572
v -0.027699 0.005562 -0.025735
v -0.032076 0.000000 -0.021651
v -0.028766 0.002816 -0.026572
v -0.031681 0.002816 -0.021434
v -0.031681 0.002816 -0.021434
v -0.027699 0.005562 -0.025735
v -0.030506 0.005562 -0.020787
v -0.025950 0.008172 -0.024362
v -0.028580 0.008172 -0.019727
v -0.030506 0.005562 -0.020787
v -0.027699 0.005562 -0.025735
v -0.025950 0.008172 -0.024362
v -0.030506 0.005562 -0.020787
v -0.021160 0.000000 -0.035455
v -0.025456 0.000000 -0.031492
v -0.025142 -0.002816 -0.031154
v -0.020900 0.002816 -0.035067
v -0.025142 0.002816 -0.031154
v -0.025456 0.000000 -0.031492
v -0.021160 0.000000 -0.035455
v -0.020900 0.002816 -0.035067
v -0.025456 0.000000 -0.031492
v -0.020900 -0.002816 -0.035067
v -0.021160 0.000000 -0.035455
v -0.025142 -0.002816 -0.031154
v -0.020900 0.002816 -0.035067
v -0.020125 0.005562 -0.033915
v -0.025142 0.002816 -0.031154
v -0.020900 -0.002816 -0.035067
v -0.016344 0.000000 -0.038642
v -0.021160 0.000000 -0.035455
v -0.021160 0.000000 -0.035455
v -0.016142 0.002816 -0.038216
v -0.020900 0.002816 -0.035067
v -0.020125 0.005562 -0.033915
v -0.018854 0.008172 -0.032026
v -0.024210 0.005562 -0.030147
v -0.020900 0.002816 -0.035067
v -0.015544 0.005562 -0.036947
v -0.020125 0.005562 -0.033915
v -0.028766 -0.002816 -0.026572
v -0.025142 -0.002816 -0.031154
v -0.025456 0.000000 -0.031492
v -0.029125 0.000000 -0.026853
v -0.025456 0.000000 -0.031492
v -0.025142 0.002816 -0.031154
v -0.028766 0.002816 -0.026572
v -0.025142 0.002816 -0.031154
v -0.024210 0.005562 -0.030147
v -0.028766 0.002816 -0.026572
v -0.024210 0.005562 -0.030147
v -0.027699 0.005562 -0.025735
v -0.027699 0.005562 -0.025735
v -0.024210 0.005562 -0.030147
v -0.022681 0.008172 -0.028496
v -0.020125 0.005562 -0.033915
v -0.024210 0.005562 -0.030147
v -0.025142 0.002816 -0.031154
v -0.027699 0.005562 -0.025735
v -0.022681 0.008172 -0.028496
v -0.025950 0.008172 -0.024362
v -0.025950 0.008172 -0.024362
v -0.023562 0.010580 -0.022489
v -0.028580 0.008172 -0.019727
v -0.022681 0.008172 -0.028496
v -0.020594 0.010580 -0.026242
v -0.025950 0.008172 -0.024362
v -0.025950 0.008172 -0.024362
v -0.020594 0.010580 -0.026242
v -0.023562 0.010580 -0.022489
v -0.018854 0.008172 -0.032026
v -0.022681 0.008172 -0.028496
v -0.024210 0.005562 -0.030147
v -0.018854 0.008172 -0.032026
v -0.017119 0.010580 -0.029447
v -0.022681 0.008172 -0.028496
v -0.022681 0.008172 -0.028496
v -0.017119 0.010580 -0.029447
v -0.020594 0.010580 -0.026242
v -0.023562 0.010580 -0.022489
v -0.020594 0.010580 -0.026242
v -0.018000 0.012728 -0.023440
v -0.023562 0.010580 -0.022489
v -0.018000 0.012728 -0.023440
v -0.020594 0.012728 -0.020160
v -0.031681 -0.002816 -0.021434
v -0.032076 0.000000 -0.021651
v -0.033817 -0.002816 -0.015867
v -0.032076 0.000000 -0.021651
v -0.034238 0.000000 -0.016015
v -0.033817 -0.002816 -0.015867
v -0.032076 0.000000 -0.021651
v -0.031681 0.002816 -0.021434
v -0.034238 0.000000 -0.016015
v -0.031681 0.002816 -0.021434
v -0.030506 0.005562 -0.020787
v -0.033817 0.002816 -0.015867
v -0.031681 0.002816 -0.021434
v -0.033817 0.002816 -0.015867
v -0.034238 0.000000 -0.016015
v -0.033817 -0.002816 -0.015867
v -0.034238 0.000000 -0.016015
v -0.035119 -0.002816 -0.010007
v -0.034238 0.000000 -0.016015
v -0.035557 0.000000 -0.010082
v -0.035119 -0.002816 -0.010007
v -0.034238 0.000000 -0.016015
v -0.033817 0.002816 -0.015867
v -0.035557 0.000000 -0.010082
v -0.033817 0.002816 -0.015867
v -0.032562 0.005562 -0.015427
v -0.035119 0.002816 -0.010007
v -0.033817 0.002816 -0.015867
v -0.035119 0.002816 -0.010007
v -0.035557 0.000000 -0.010082
v -0.033817 0.002816 -0.015867
v -0.030506 0.005562 -0.020787
v -0.032562 0.005562 -0.015427
v -0.032562 0.005562 -0.015427
v -0.033817 0.005562 -0.009784
v -0.035119 0.002816 -0.010007
v -0.032562 0.005562 -0.015427
v -0.030506 0.008172 -0.014705
v -0.033817 0.005562 -0.009784
v -0.030506 0.008172 -0.014705
v -0.031681 0.008172 -0.009419
v -0.033817 0.005562 -0.009784
v -0.032562 0.005562 -0.015427
v -0.030506 0.005562 -0.020787
v -0.028580 0.008172 -0.019727
v -0.032562 0.005562 -0.015427
v -0.028580 0.008172 -0.019727
v -0.030506 0.008172 -0.014705
v -0.028580 0.008172 -0.019727
v -0.025950 0.010580 -0.018280
v -0.030506 0.008172 -0.014705
v -0.030506 0.008172 -0.014705
v -0.027699 0.010580 -0.013720
v -0.031681 0.008172 -0.009419
v -0.027699 0.010580 -0.013720
v -0.028766 0.010580 -0.008921
v -0.031681 0.008172 -0.009419
v -0.030506 0.008172 -0.014705
v -0.025950 0.010580 -0.018280
v -0.027699 0.010580 -0.013720
v -0.035119 -0.002816 -0.010007
v -0.035557 0.000000 -0.010082
v -0.035557 -0.002816 -0.004000
v -0.035557 0.000000 -0.010082
v -0.036000 0.000000 -0.004000
v -0.035557 -0.002816 -0.004000
v -0.035557 0.000000 -0.010082
v -0.035119 0.002816 -0.010007
v -0.036000 0.000000 -0.004000
v -0.035119 0.002816 -0.010007
v -0.033817 0.005562 -0.009784
v -0.035557 0.002816 -0.004000
v -0.035119 0.002816 -0.010007
v -0.035557 0.002816 -0.004000
v -0.036000 0.000000 -0.004000
v -0.035557 -0.002816 -0.004000
v -0.036000 0.000000 -0.004000
v -0.035119 -0.002816 0.002007
v -0.036000 0.000000 -0.004000
v -0.035557 0.000000 0.002082
v -0.035119 -0.002816 0.002007
v -0.036000 0.000000 -0.004000
v -0.035557 0.002816 -0.004000
v -0.035557 0.000000 0.002082
v -0.035557 0.002816 -0.004000
v -0.035119 0.002816 0.002007
v -0.035557 0.000000 0.002082
v -0.035557 0.002816 -0.004000
v -0.034238 0.005562 -0.004000
v -0.035119 0.002816 0.002007
v -0.035557 0.002816 -0.004000
v -0.033817 0.005562 -0.009784
v -0.034238 0.005562 -0.004000
v -0.033817 0.005562 -0.009784
v -0.031681 0.008172 -0.009419
v -0.034238 0.005562 -0.004000
v -0.031681 0.008172 -0.009419
v -0.032076 0.008172 -0.004000
v -0.034238 0.005562 -0.004000
v -0.034238 0.005562 -0.004000
v -0.033817 0.005562 0.001784
v -0.035119 0.002816 0.002007
v -0.034238 0.005562 -0.004000
v -0.032076 0.008172 -0.004000
v -0.033817 0.005562 0.001784
v -0.032076 0.008172 -0.004000
v -0.031681 0.008172 0.001419
v -0.033817 0.005562 0.001784
v -0.031681 0.008172 -0.009419
v -0.028766 0.010580 -0.008921
v -0.032076 0.008172 -0.004000
v -0.032076 0.008172 -0.004000
v -0.028766 0.010580 -0.008921
v -0.029125 0.010580 -0.004000
v -0.028766 0.010580 -0.008921
v -0.025142 0.012728 -0.008301
v -0.029125 0.010580 -0.004000
v -0.032076 0.008172 -0.004000
v -0.029125 0.010580 -0.004000
v -0.031681 0.008172 0.001419
v -0.029125 0.010580 -0.004000
v -0.028766 0.010580 0.000921
v -0.031681 0.008172 0.001419
v -0.029125 0.010580 -0.004000
v -0.025456 0.012728 -0.004000
v -0.028766 0.010580 0.000921
v -0.023562 0.010580 -0.022489
v -0.025950 0.010580 -0.018280
v -0.028580 0.008172 -0.019727
v -0.027699 0.010580 -0.013720
v -0.025950 0.010580 -0.018280
v -0.022681 0.012728 -0.016481
v -0.023562 0.010580 -0.022489
v -0.020594 0.012728 -0.020160
v -0.025950 0.010580 -0.018280
v -0.025950 0.010580 -0.018280
v -0.020594 0.012728 -0.020160
v -0.022681 0.012728 -0.016481
v -0.027699 0.010580 -0.013720
v -0.022681 0.012728 -0.016481
v -0.024210 0.012728 -0.012496
v -0.027699 0.010580 -0.013720
v -0.024210 0.012728 -0.012496
v -0.028766 0.010580 -0.008921
v -0.028766 0.010580 -0.008921
v -0.024210 0.012728 -0.012496
v -0.025142 0.012728 -0.008301
v -0.029125 0.010580 -0.004000
v -0.025142 0.012728 -0.008301
v -0.025456 0.012728 -0.004000
v -0.025456 0.012728 -0.004000
v -0.025142 0.012728 0.000301
v -0.028766 0.010580 0.000921
v -0.024210 0.012728 -0.012496
v -0.020125 0.014562 -0.011062
v -0.025142 0.012728 -0.008301
v -0.022681 0.012728 -0.016481
v -0.020594 0.012728 -0.020160
v -0.017119 0.014562 -0.017433
v -0.022681 0.012728 -0.016481
v -0.017119 0.014562 -0.017433
v -0.018854 0.014562 -0.014375
v -0.022681 0.012728 -0.016481
v -0.018854 0.014562 -0.014375
v -0.024210 0.012728 -0.012496
v -0.024210 0.012728 -0.012496
v -0.018854 0.014562 -0.014375
v -0.020125 0.014562 -0.011062
v -0.025142 0.012728 -0.008301
v -0.020900 0.014562 -0.007575
v -0.025456 0.012728 -0.004000
v -0.025456 0.012728 -0.004000
v -0.020900 0.014562 -0.007575
v -0.021160 0.014562 -0.004000
v -0.025456 0.012728 -0.004000
v -0.021160 0.014562 -0.004000
v -0.025142 0.012728 0.000301
v -0.020125 0.014562 -0.011062
v -0.020900 0.014562 -0.007575
v -0.025142 0.012728 -0.008301
v -0.020125 0.014562 -0.011062
v -0.015544 0.016038 -0.009455
v -0.020900 0.014562 -0.007575
v -0.020900 0.014562 -0.007575
v -0.016142 0.016038 -0.006761
v -0.021160 0.014562 -0.004000
v -0.025142 0.012728 0.000301
v -0.021160 0.014562 -0.004000
v -0.020900 0.014562 -0.000425
v -0.021160 0.014562 -0.004000
v -0.016344 0.016038 -0.004000
v -0.020900 0.014562 -0.000425
v -0.020900 0.014562 -0.000425
v -0.016142 0.016038 -0.001239
v -0.020125 0.014562 0.003062
v -0.015544 -0.005562 -0.036947
v -0.010988 -0.002816 -0.040522
v -0.016142 -0.002816 -0.038216
v -0.018854 -0.008172 -0.032026
v -0.017119 -0.010580 -0.029447
v -0.014562 -0.008172 -0.034867
v -0.018854 -0.008172 -0.032026
v -0.014562 -0.008172 -0.034867
v -0.015544 -0.005562 -0.036947
v -0.020125 -0.005562 -0.033915
v -0.015544 -0.005562 -0.036947
v -0.016142 -0.002816 -0.038216
v -0.014562 -0.008172 -0.034867
v -0.017119 -0.010580 -0.029447
v -0.013222 -0.010580 -0.032026
v -0.014562 -0.008172 -0.034867
v -0.010580 -0.005562 -0.039167
v -0.015544 -0.005562 -0.036947
v -0.015544 -0.005562 -0.036947
v -0.010580 -0.005562 -0.039167
v -0.010988 -0.002816 -0.040522
v -0.010580 -0.005562 -0.039167
v -0.005562 -0.002816 -0.041929
v -0.010988 -0.002816 -0.040522
v -0.014562 -0.008172 -0.034867
v -0.009912 -0.008172 -0.036947
v -0.010580 -0.005562 -0.039167
v -0.014562 -0.008172 -0.034867
v -0.013222 -0.010580 -0.032026
v -0.009912 -0.008172 -0.036947
v -0.013222 -0.010580 -0.032026
v -0.009000 -0.010580 -0.033915
v -0.009912 -0.008172 -0.036947
v -0.013222 -0.010580 -0.032026
v -0.017119 -0.010580 -0.029447
v -0.014963 -0.012728 -0.026242
v -0.018000 -0.012728 -0.023440
v -0.014963 -0.012728 -0.026242
v -0.017119 -0.010580 -0.029447
v -0.018000 -0.012728 -0.023440
v -0.014963 -0.014562 -0.020160
v -0.014963 -0.012728 -0.026242
v -0.014963 -0.012728 -0.026242
v -0.014963 -0.014562 -0.020160
v -0.012438 -0.014562 -0.022489
v -0.013222 -0.010580 -0.032026
v -0.011557 -0.012728 -0.028496
v -0.009000 -0.010580 -0.033915
v -0.013222 -0.010580 -0.032026
v -0.014963 -0.012728 -0.026242
v -0.011557 -0.012728 -0.028496
v -0.011557 -0.012728 -0.028496
v -0.007866 -0.012728 -0.030147
v -0.009000 -0.010580 -0.033915
v -0.011557 -0.012728 -0.028496
v -0.009607 -0.014562 -0.024362
v -0.007866 -0.012728 -0.030147
v -0.014963 -0.012728 -0.026242
v -0.012438 -0.014562 -0.022489
v -0.011557 -0.012728 -0.028496
v -0.012438 -0.014562 -0.022489
v -0.009607 -0.016038 -0.018280
v -0.009607 -0.014562 -0.024362
v -0.009607 -0.014562 -0.024362
v -0.009607 -0.016038 -0.018280
v -0.008000 -0.015647 -0.020957
v -0.011557 -0.012728 -0.028496
v -0.012438 -0.014562 -0.022489
v -0.009607 -0.014562 -0.024362
v -0.009000 -0.010580 -0.033915
v -0.007866 -0.012728 -0.030147
v -0.004556 -0.010580 -0.035067
v -0.004556 -0.010580 -0.035067
v -0.007866 -0.012728 -0.030147
v -0.003982 -0.012728 -0.031154
v -0.009912 -0.008172 -0.036947
v -0.005018 -0.008172 -0.038216
v -0.005356 -0.005562 -0.040522
v -0.010580 -0.005562 -0.039167
v -0.005356 -0.005562 -0.040522
v -0.005562 -0.002816 -0.041929
v -0.010580 -0.005562 -0.039167
v -0.009912 -0.008172 -0.036947
v -0.005356 -0.005562 -0.040522
v -0.009912 -0.008172 -0.036947
v -0.009000 -0.010580 -0.033915
v -0.005018 -0.008172 -0.038216
v -0.005018 -0.008172 -0.038216
v -0.009000 -0.010580 -0.033915
v -0.004556 -0.010580 -0.035067
v -0.004556 -0.010580 -0.035067
v -0.003982 -0.012728 -0.031154
v 0.000000 -0.010580 -0.035455
v -0.003982 -0.012728 -0.031154
v 0.000000 -0.012728 -0.031492
v 0.000000 -0.010580 -0.035455
v -0.005356 -0.005562 -0.040522
v 0.000000 -0.002816 -0.042401
v -0.005562 -0.002816 -0.041929
v -0.005018 -0.008172 -0.038216
v 0.000000 -0.005562 -0.040977
v -0.005356 -0.005562 -0.040522
v -0.005018 -0.008172 -0.038216
v 0.000000 -0.008172 -0.038642
v 0.000000 -0.005562 -0.040977
v -0.005356 -0.005562 -0.040522
v 0.000000 -0.005562 -0.040977
v 0.000000 -0.002816 -0.042401
v -0.005018 -0.008172 -0.038216
v -0.004556 -0.010580 -0.035067
v 0.000000 -0.008172 -0.038642
v -0.004556 -0.010580 -0.035067
v 0.000000 -0.010580 -0.035455
v 0.000000 -0.008172 -0.038642
v -0.009607 -0.014562 -0.024362
v -0.008000 -0.013313 -0.028490
v -0.007866 -0.012728 -0.030147
v -0.007866 -0.012728 -0.030147
v -0.008000 -0.013313 -0.028490
v -0.007382 -0.013397 -0.028538
v -0.007866 -0.012728 -0.030147
v -0.007382 -0.013397 -0.028538
v -0.005167 -0.013578 -0.028643
v -0.007866 -0.012728 -0.030147
v -0.005167 -0.013578 -0.028643
v -0.003982 -0.012728 -0.031154
v -0.009607 -0.014562 -0.024362
v -0.008000 -0.015647 -0.020957
v -0.008000 -0.014562 -0.025081
v -0.009607 -0.014562 -0.024362
v -0.008000 -0.014562 -0.025081
v -0.008000 -0.013313 -0.028490
v -0.003982 -0.012728 -0.031154
v -0.005167 -0.013578 -0.028643
v -0.003625 -0.013704 -0.028716
v -0.003982 -0.012728 -0.031154
v -0.003625 -0.013704 -0.028716
v 0.000000 -0.012728 -0.031492
v 0.000000 -0.012728 -0.031492
v -0.003625 -0.013704 -0.028716
v -0.001849 -0.013753 -0.028744
v 0.000000 -0.012728 -0.031492
v -0.001849 -0.013753 -0.028744
v 0.000000 -0.013803 -0.028773
v -0.018000 -0.012728 -0.023440
v -0.017119 -0.014562 -0.017433
v -0.014963 -0.014562 -0.020160
v -0.017119 -0.014562 -0.017433
v -0.013222 -0.016038 -0.014375
v -0.014963 -0.014562 -0.020160
v -0.018854 -0.014562 -0.014375
v -0.014562 -0.016038 -0.012013
v -0.017119 -0.014562 -0.017433
v -0.018854 -0.014562 -0.014375
v -0.015544 -0.016038 -0.009455
v -0.014562 -0.016038 -0.012013
v -0.017119 -0.014562 -0.017433
v -0.014562 -0.016038 -0.012013
v -0.013222 -0.016038 -0.014375
v -0.012438 -0.014562 -0.022489
v -0.014963 -0.014562 -0.020160
v -0.011557 -0.016038 -0.016481
v -0.014963 -0.014562 -0.020160
v -0.013222 -0.016038 -0.014375
v -0.011557 -0.016038 -0.016481
v -0.012438 -0.014562 -0.022489
v -0.011557 -0.016038 -0.016481
v -0.009607 -0.016038 -0.018280
v -0.011557 -0.016038 -0.016481
v -0.007866 -0.017119 -0.012496
v -0.009607 -0.016038 -0.018280
v -0.011557 -0.016038 -0.016481
v -0.013222 -0.016038 -0.014375
v -0.009000 -0.017119 -0.011062
v -0.014562 -0.016038 -0.012013
v -0.009912 -0.017119 -0.009455
v -0.013222 -0.016038 -0.014375
v -0.011557 -0.016038 -0.016481
v -0.009000 -0.017119 -0.011062
v -0.007866 -0.017119 -0.012496
v -0.013222 -0.016038 -0.014375
v -0.009912 -0.017119 -0.009455
v -0.009000 -0.017119 -0.011062
v -0.020125 -0.014562 -0.011062
v -0.016142 -0.016038 -0.006761
v -0.015544 -0.016038 -0.009455
v -0.020900 -0.014562 -0.007575
v -0.016344 -0.016038 -0.004000
v -0.016142 -0.016038 -0.006761
v -0.014562 -0.016038 -0.012013
v -0.015544 -0.016038 -0.009455
v -0.010580 -0.017119 -0.007713
v -0.016142 -0.016038 -0.006761
v -0.016344 -0.016038 -0.004000
v -0.014019 -0.016520 -0.004000
v -0.016142 -0.016038 -0.006761
v -0.013016 -0.016712 -0.005041
v -0.011792 -0.016950 -0.006017
v -0.016142 -0.016038 -0.006761
v -0.011481 -0.017002 -0.006267
v -0.015544 -0.016038 -0.009455
v -0.016142 -0.016038 -0.006761
v -0.013609 -0.016597 -0.004496
v -0.013435 -0.016630 -0.004707
v -0.016142 -0.016038 -0.006761
v -0.014019 -0.016520 -0.004000
v -0.013609 -0.016597 -0.004496
v -0.016142 -0.016038 -0.006761
v -0.013435 -0.016630 -0.004707
v -0.013016 -0.016712 -0.005041
v -0.021160 -0.014562 -0.004000
v -0.016142 -0.016038 -0.001239
v -0.016344 -0.016038 -0.004000
v -0.016344 -0.016038 -0.004000
v -0.016130 -0.016041 -0.001241
v -0.015934 -0.016087 -0.001609
v -0.016344 -0.016038 -0.004000
v -0.016142 -0.016038 -0.001239
v -0.016130 -0.016041 -0.001241
v -0.016344 -0.016038 -0.004000
v -0.015934 -0.016087 -0.001609
v -0.015798 -0.016119 -0.001863
v -0.016142 -0.016038 -0.001239
v -0.016139 -0.016038 -0.001224
v -0.016130 -0.016041 -0.001241
v -0.016142 -0.016038 -0.001239
v -0.017274 -0.015561 0.000847
v -0.016139 -0.016038 -0.001224
v -0.016344 -0.016038 -0.004000
v -0.014544 -0.016401 -0.003369
v -0.014019 -0.016520 -0.004000
v -0.016344 -0.016038 -0.004000
v -0.015798 -0.016119 -0.001863
v -0.014544 -0.016401 -0.003369
v -0.015544 -0.016038 -0.009455
v -0.011481 -0.017002 -0.006267
v -0.010580 -0.017119 -0.007713
v -0.014562 -0.016038 -0.012013
v -0.010580 -0.017119 -0.007713
v -0.009912 -0.017119 -0.009455
v -0.016142 -0.016038 -0.006761
v -0.011792 -0.016950 -0.006017
v -0.011481 -0.017002 -0.006267
v -0.010580 -0.017119 -0.007713
v -0.009771 -0.017221 -0.007429
v -0.009912 -0.017119 -0.009455
v -0.009912 -0.017119 -0.009455
v -0.009771 -0.017221 -0.007429
v -0.008314 -0.017350 -0.008201
v -0.010580 -0.017119 -0.007713
v -0.011481 -0.017002 -0.006267
v -0.010775 -0.017119 -0.006836
v -0.010580 -0.017119 -0.007713
v -0.010775 -0.017119 -0.006836
v -0.010556 -0.017140 -0.007016
v -0.010580 -0.017119 -0.007713
v -0.010556 -0.017140 -0.007016
v -0.009921 -0.017206 -0.007350
v -0.010580 -0.017119 -0.007713
v -0.009921 -0.017206 -0.007350
v -0.009771 -0.017221 -0.007429
v -0.009607 -0.016038 -0.018280
v -0.008000 -0.016038 -0.019343
v -0.008000 -0.015647 -0.020957
v -0.009607 -0.016038 -0.018280
v -0.008000 -0.016162 -0.018588
v -0.008000 -0.016038 -0.019343
v -0.009607 -0.016038 -0.018280
v -0.006539 -0.017119 -0.013720
v -0.008000 -0.016162 -0.018588
v -0.006539 -0.017119 -0.013720
v -0.007259 -0.016235 -0.018630
v -0.008000 -0.016162 -0.018588
v -0.005050 -0.017119 -0.014705
v -0.006912 -0.016270 -0.018650
v -0.007259 -0.016235 -0.018630
v -0.005050 -0.017119 -0.014705
v -0.005050 -0.016404 -0.018728
v -0.006912 -0.016270 -0.018650
v -0.005050 -0.017119 -0.014705
v -0.003438 -0.017119 -0.015427
v -0.005050 -0.016404 -0.018728
v -0.009607 -0.016038 -0.018280
v -0.007866 -0.017119 -0.012496
v -0.006539 -0.017119 -0.013720
v -0.009000 -0.017119 -0.011062
v -0.006389 -0.017506 -0.009013
v -0.007866 -0.017119 -0.012496
v -0.006539 -0.017119 -0.013720
v -0.005050 -0.017119 -0.014705
v -0.007259 -0.016235 -0.018630
v -0.007866 -0.017119 -0.012496
v -0.004572 -0.017626 -0.009551
v -0.006539 -0.017119 -0.013720
v -0.007866 -0.017119 -0.012496
v -0.005667 -0.017557 -0.009226
v -0.005017 -0.017603 -0.009418
v -0.007866 -0.017119 -0.012496
v -0.005017 -0.017603 -0.009418
v -0.004572 -0.017626 -0.009551
v -0.006539 -0.017119 -0.013720
v -0.003875 -0.017663 -0.009760
v -0.005050 -0.017119 -0.014705
v -0.006539 -0.017119 -0.013720
v -0.004572 -0.017626 -0.009551
v -0.003953 -0.017659 -0.009737
v -0.006539 -0.017119 -0.013720
v -0.003953 -0.017659 -0.009737
v -0.003875 -0.017663 -0.009760
v -0.003438 -0.017119 -0.015427
v -0.004439 -0.016448 -0.018753
v -0.005050 -0.016404 -0.018728
v -0.003438 -0.017119 -0.015427
v -0.002944 -0.016514 -0.018791
v -0.004439 -0.016448 -0.018753
v -0.001740 -0.017119 -0.015867
v -0.002172 -0.016547 -0.018811
v -0.002944 -0.016514 -0.018791
v -0.001740 -0.017119 -0.015867
v -0.002944 -0.016514 -0.018791
v -0.003438 -0.017119 -0.015427
v -0.001740 -0.017119 -0.015867
v -0.000851 -0.016567 -0.018822
v -0.002172 -0.016547 -0.018811
v 0.000000 -0.017119 -0.016015
v 0.000000 -0.016579 -0.018829
v -0.000851 -0.016567 -0.018822
v -0.001740 -0.017119 -0.015867
v 0.000000 -0.017119 -0.016015
v -0.000851 -0.016567 -0.018822
v -0.005050 -0.017119 -0.014705
v -0.002628 -0.017725 -0.009907
v -0.003438 -0.017119 -0.015427
v -0.001740 -0.017119 -0.015867
v -0.003438 -0.017119 -0.015427
v -0.001740 -0.017756 -0.009989
v -0.005050 -0.017119 -0.014705
v -0.003875 -0.017663 -0.009760
v -0.003707 -0.017669 -0.009812
v -0.005050 -0.017119 -0.014705
v -0.003707 -0.017669 -0.009812
v -0.003582 -0.017676 -0.009823
v -0.005050 -0.017119 -0.014705
v -0.003582 -0.017676 -0.009823
v -0.002780 -0.017719 -0.009893
v -0.005050 -0.017119 -0.014705
v -0.002780 -0.017719 -0.009893
v -0.002628 -0.017725 -0.009907
v -0.003438 -0.017119 -0.015427
v -0.002628 -0.017725 -0.009907
v -0.001800 -0.017755 -0.009983
v -0.003438 -0.017119 -0.015427
v -0.001800 -0.017755 -0.009983
v -0.001740 -0.017756 -0.009989
v -0.001740 -0.017119 -0.015867
v -0.000871 -0.017771 -0.010074
v 0.000000 -0.017119 -0.016015
v -0.001740 -0.017119 -0.015867
v -0.001740 -0.017756 -0.009989
v -0.000890 -0.017771 -0.010072
v -0.001740 -0.017119 -0.015867
v -0.000890 -0.017771 -0.010072
v -0.000871 -0.017771 -0.010074
v 0.000000 -0.017119 -0.016015
v -0.000871 -0.017771 -0.010074
v -0.000256 -0.017770 -0.010137
v 0.000000 -0.017119 -0.016015
v -0.000256 -0.017770 -0.010137
v 0.000000 -0.017769 -0.010163
v -0.009912 -0.017119 -0.009455
v -0.007967 -0.017381 -0.008384
v -0.009000 -0.017119 -0.011062
v -0.009000 -0.017119 -0.011062
v -0.007967 -0.017381 -0.008384
v -0.007500 -0.017414 -0.008634
v -0.009000 -0.017119 -0.011062
v -0.007500 -0.017414 -0.008634
v -0.007271 -0.017431 -0.008756
v -0.009912 -0.017119 -0.009455
v -0.008314 -0.017350 -0.008201
v -0.007967 -0.017381 -0.008384
v -0.009000 -0.017119 -0.011062
v -0.006951 -0.017458 -0.008849
v -0.006389 -0.017506 -0.009013
v -0.009000 -0.017119 -0.011062
v -0.007271 -0.017431 -0.008756
v -0.006951 -0.017458 -0.008849
v -0.007866 -0.017119 -0.012496
v -0.006389 -0.017506 -0.009013
v -0.005667 -0.017557 -0.009226
v -0.016142 -0.002816 -0.038216
v -0.011125 0.000000 -0.040977
v -0.016344 0.000000 -0.038642
v -0.016344 0.000000 -0.038642
v -0.010988 0.002816 -0.040522
v -0.016142 0.002816 -0.038216
v -0.020900 -0.002816 -0.035067
v -0.016142 -0.002816 -0.038216
v -0.016344 0.000000 -0.038642
v -0.021160 0.000000 -0.035455
v -0.016344 0.000000 -0.038642
v -0.016142 0.002816 -0.038216
v -0.020900 0.002816 -0.035067
v -0.016142 0.002816 -0.038216
v -0.015544 0.005562 -0.036947
v -0.016142 0.002816 -0.038216
v -0.010580 0.005562 -0.039167
v -0.015544 0.005562 -0.036947
v -0.020125 0.005562 -0.033915
v -0.015544 0.005562 -0.036947
v -0.014562 0.008172 -0.034867
v -0.020125 0.005562 -0.033915
v -0.014562 0.008172 -0.034867
v -0.018854 0.008172 -0.032026
v -0.018854 0.008172 -0.032026
v -0.014562 0.008172 -0.034867
v -0.013222 0.010580 -0.032026
v -0.016142 -0.002816 -0.038216
v -0.010988 -0.002816 -0.040522
v -0.011125 0.000000 -0.040977
v -0.016344 0.000000 -0.038642
v -0.011125 0.000000 -0.040977
v -0.010988 0.002816 -0.040522
v -0.016142 0.002816 -0.038216
v -0.010988 0.002816 -0.040522
v -0.010580 0.005562 -0.039167
v -0.010988 -0.002816 -0.040522
v -0.005632 0.000000 -0.042401
v -0.011125 0.000000 -0.040977
v -0.011125 0.000000 -0.040977
v -0.005562 0.002816 -0.041929
v -0.010988 0.002816 -0.040522
v -0.015544 0.005562 -0.036947
v -0.010580 0.005562 -0.039167
v -0.009912 0.008172 -0.036947
v -0.015544 0.005562 -0.036947
v -0.009912 0.008172 -0.036947
v -0.014562 0.008172 -0.034867
v -0.014562 0.008172 -0.034867
v -0.009000 0.010580 -0.033915
v -0.013222 0.010580 -0.032026
v -0.014562 0.008172 -0.034867
v -0.009912 0.008172 -0.036947
v -0.009000 0.010580 -0.033915
v -0.013222 0.010580 -0.032026
v -0.009000 0.010580 -0.033915
v -0.007866 0.012728 -0.030147
v -0.018854 0.008172 -0.032026
v -0.013222 0.010580 -0.032026
v -0.017119 0.010580 -0.029447
v -0.020594 0.010580 -0.026242
v -0.017119 0.010580 -0.029447
v -0.014963 0.012728 -0.026242
v -0.013222 0.010580 -0.032026
v -0.011557 0.012728 -0.028496
v -0.017119 0.010580 -0.029447
v -0.017119 0.010580 -0.029447
v -0.011557 0.012728 -0.028496
v -0.014963 0.012728 -0.026242
v -0.020594 0.010580 -0.026242
v -0.014963 0.012728 -0.026242
v -0.018000 0.012728 -0.023440
v -0.013222 0.010580 -0.032026
v -0.007866 0.012728 -0.030147
v -0.011557 0.012728 -0.028496
v -0.020594 0.012728 -0.020160
v -0.018000 0.012728 -0.023440
v -0.014963 0.014562 -0.020160
v -0.018000 0.012728 -0.023440
v -0.014963 0.012728 -0.026242
v -0.012438 0.014562 -0.022489
v -0.018000 0.012728 -0.023440
v -0.012438 0.014562 -0.022489
v -0.014963 0.014562 -0.020160
v -0.014963 0.012728 -0.026242
v -0.011557 0.012728 -0.028496
v -0.009607 0.014562 -0.024362
v -0.014963 0.012728 -0.026242
v -0.009607 0.014562 -0.024362
v -0.012438 0.014562 -0.022489
v -0.011557 0.012728 -0.028496
v -0.006539 0.014562 -0.025735
v -0.009607 0.014562 -0.024362
v -0.012438 0.014562 -0.022489
v -0.009607 0.014562 -0.024362
v -0.007420 0.016038 -0.019727
v -0.010988 -0.002816 -0.040522
v -0.005562 -0.002816 -0.041929
v -0.005632 0.000000 -0.042401
v -0.011125 0.000000 -0.040977
v -0.005632 0.000000 -0.042401
v -0.005562 0.002816 -0.041929
v -0.010988 0.002816 -0.040522
v -0.005562 0.002816 -0.041929
v -0.005356 0.005562 -0.040522
v -0.010988 0.002816 -0.040522
v -0.005356 0.005562 -0.040522
v -0.010580 0.005562 -0.039167
v -0.010580 0.005562 -0.039167
v -0.005018 0.008172 -0.038216
v -0.009912 0.008172 -0.036947
v -0.010580 0.005562 -0.039167
v -0.005356 0.005562 -0.040522
v -0.005018 0.008172 -0.038216
v -0.009912 0.008172 -0.036947
v -0.004556 0.010580 -0.035067
v -0.009000 0.010580 -0.033915
v -0.009912 0.008172 -0.036947
v -0.005018 0.008172 -0.038216
v -0.004556 0.010580 -0.035067
v -0.009000 0.010580 -0.033915
v -0.004556 0.010580 -0.035067
v -0.003982 0.012728 -0.031154
v -0.005632 0.000000 -0.042401
v -0.005562 -0.002816 -0.041929
v 0.000000 0.000000 -0.042880
v -0.005632 0.000000 -0.042401
v 0.000000 0.002816 -0.042401
v -0.005562 0.002816 -0.041929
v -0.005562 -0.002816 -0.041929
v 0.000000 -0.002816 -0.042401
v 0.000000 0.000000 -0.042880
v -0.005632 0.000000 -0.042401
v 0.000000 0.000000 -0.042880
v 0.000000 0.002816 -0.042401
v -0.005562 0.002816 -0.041929
v 0.000000 0.002816 -0.042401
v 0.000000 0.005562 -0.040977
v -0.005562 0.002816 -0.041929
v 0.000000 0.005562 -0.040977
v -0.005356 0.005562 -0.040522
v -0.005356 0.005562 -0.040522
v 0.000000 0.008172 -0.038642
v -0.005018 0.008172 -0.038216
v -0.005356 0.005562 -0.040522
v 0.000000 0.005562 -0.040977
v 0.000000 0.008172 -0.038642
v -0.005018 0.008172 -0.038216
v 0.000000 0.010580 -0.035455
v -0.004556 0.010580 -0.035067
v -0.004556 0.010580 -0.035067
v 0.000000 0.012728 -0.031492
v -0.003982 0.012728 -0.031154
v -0.005018 0.008172 -0.038216
v 0.000000 0.008172 -0.038642
v 0.000000 0.010580 -0.035455
v -0.004556 0.010580 -0.035067
v 0.000000 0.010580 -0.035455
v 0.000000 0.012728 -0.031492
v -0.009000 0.010580 -0.033915
v -0.003982 0.012728 -0.031154
v -0.007866 0.012728 -0.030147
v -0.011557 0.012728 -0.028496
v -0.007866 0.012728 -0.030147
v -0.006539 0.014562 -0.025735
v -0.007866 0.012728 -0.030147
v -0.003310 0.014562 -0.026572
v -0.006539 0.014562 -0.025735
v -0.007866 0.012728 -0.030147
v -0.003982 0.012728 -0.031154
v -0.003310 0.014562 -0.026572
v -0.009607 0.014562 -0.024362
v -0.006539 0.014562 -0.025735
v -0.005050 0.016038 -0.020787
v -0.009607 0.014562 -0.024362
v -0.005050 0.016038 -0.020787
v -0.007420 0.016038 -0.019727
v -0.006539 0.014562 -0.025735
v -0.002557 0.016038 -0.021434
v -0.005050 0.016038 -0.020787
v -0.003982 0.012728 -0.031154
v 0.000000 0.014562 -0.026853
v -0.003310 0.014562 -0.026572
v -0.003982 0.012728 -0.031154
v 0.000000 0.012728 -0.031492
v 0.000000 0.014562 -0.026853
v -0.006539 0.014562 -0.025735
v -0.003310 0.014562 -0.026572
v -0.002557 0.016038 -0.021434
v -0.003310 0.014562 -0.026572
v 0.000000 0.014562 -0.026853
v 0.000000 0.016038 -0.021651
v -0.003310 0.014562 -0.026572
v 0.000000 0.016038 -0.021651
v -0.002557 0.016038 -0.021434
v -0.020594 0.012728 -0.020160
v -0.014963 0.014562 -0.020160
v -0.017119 0.014562 -0.017433
v -0.018854 0.014562 -0.014375
v -0.017119 0.014562 -0.017433
v -0.015183 0.015296 -0.015913
v -0.017119 0.014562 -0.017433
v -0.015200 0.015276 -0.016000
v -0.015183 0.015296 -0.015913
v -0.017119 0.014562 -0.017433
v -0.014963 0.014562 -0.020160
v -0.013970 0.015014 -0.018970
v -0.014963 0.014562 -0.020160
v -0.013903 0.015022 -0.019015
v -0.013970 0.015014 -0.018970
v -0.014963 0.014562 -0.020160
v -0.012607 0.015093 -0.019880
v -0.013903 0.015022 -0.019015
v -0.017119 0.014562 -0.017433
v -0.013970 0.015014 -0.018970
v -0.014880 0.015053 -0.017607
v -0.017119 0.014562 -0.017433
v -0.014880 0.015053 -0.017607
v -0.015200 0.015276 -0.016000
v -0.018854 0.014562 -0.014375
v -0.015183 0.015296 -0.015913
v -0.014880 0.015601 -0.014393
v -0.018854 0.014562 -0.014375
v -0.014880 0.015601 -0.014393
v -0.014562 0.016038 -0.012013
v -0.018854 0.014562 -0.014375
v -0.014562 0.016038 -0.012013
v -0.020125 0.014562 -0.011062
v -0.020125 0.014562 -0.011062
v -0.014562 0.016038 -0.012013
v -0.015544 0.016038 -0.009455
v -0.014562 0.016038 -0.012013
v -0.014880 0.015601 -0.014393
v -0.013978 0.016038 -0.013043
v -0.014562 0.016038 -0.012013
v -0.013978 0.016038 -0.013043
v -0.013970 0.016041 -0.013030
v -0.014562 0.016038 -0.012013
v -0.013970 0.016041 -0.013030
v -0.012607 0.016374 -0.012120
v -0.012438 0.014562 -0.022489
v -0.012607 0.015093 -0.019880
v -0.014963 0.014562 -0.020160
v -0.012438 0.014562 -0.022489
v -0.011000 0.015345 -0.020200
v -0.012607 0.015093 -0.019880
v -0.012438 0.014562 -0.022489
v -0.010882 0.015373 -0.020177
v -0.011000 0.015345 -0.020200
v -0.012438 0.014562 -0.022489
v -0.009393 0.015684 -0.019880
v -0.010882 0.015373 -0.020177
v -0.012438 0.014562 -0.022489
v -0.007420 0.016038 -0.019727
v -0.009393 0.015684 -0.019880
v -0.014562 0.016038 -0.012013
v -0.009912 0.017119 -0.009455
v -0.015544 0.016038 -0.009455
v -0.014562 0.016038 -0.012013
v -0.012607 0.016374 -0.012120
v -0.009000 0.017119 -0.011062
v -0.009000 0.017119 -0.011062
v -0.012607 0.016374 -0.012120
v -0.011000 0.016691 -0.011800
v -0.014562 0.016038 -0.012013
v -0.009000 0.017119 -0.011062
v -0.009912 0.017119 -0.009455
v -0.009000 0.017119 -0.011062
v -0.010155 0.016823 -0.011968
v -0.009393 0.016925 -0.012120
v -0.009000 0.017119 -0.011062
v -0.011000 0.016691 -0.011800
v -0.010155 0.016823 -0.011968
v -0.020900 0.014562 -0.007575
v -0.015544 0.016038 -0.009455
v -0.016142 0.016038 -0.006761
v -0.021160 0.014562 -0.004000
v -0.016142 0.016038 -0.006761
v -0.016344 0.016038 -0.004000
v -0.016142 0.016038 -0.006761
v -0.015544 0.016038 -0.009455
v -0.010580 0.017119 -0.007713
v -0.016142 0.016038 -0.006761
v -0.010988 0.017119 -0.005879
v -0.016344 0.016038 -0.004000
v -0.020900 0.014562 -0.000425
v -0.016344 0.016038 -0.004000
v -0.016142 0.016038 -0.001239
v -0.016344 0.016038 -0.004000
v -0.011125 0.017119 -0.004000
v -0.016142 0.016038 -0.001239
v -0.016142 0.016038 -0.001239
v -0.010988 0.017119 -0.002121
v -0.015544 0.016038 0.001455
v -0.015544 0.016038 -0.009455
v -0.009912 0.017119 -0.009455
v -0.010580 0.017119 -0.007713
v -0.016142 0.016038 -0.006761
v -0.010580 0.017119 -0.007713
v -0.010988 0.017119 -0.005879
v -0.010988 0.017119 -0.005879
v -0.005562 0.017778 -0.004951
v -0.011125 0.017119 -0.004000
v -0.016344 0.016038 -0.004000
v -0.010988 0.017119 -0.005879
v -0.011125 0.017119 -0.004000
v -0.016142 0.016038 -0.001239
v -0.011125 0.017119 -0.004000
v -0.010988 0.017119 -0.002121
v -0.010988 0.017119 -0.002121
v -0.010580 0.017119 -0.000287
v -0.015544 0.016038 0.001455
v -0.011125 0.017119 -0.004000
v -0.005632 0.017778 -0.004000
v -0.010988 0.017119 -0.002121
v -0.010988 0.017119 -0.002121
v -0.005562 0.017778 -0.003049
v -0.010580 0.017119 -0.000287
v -0.007420 0.016038 -0.019727
v -0.008296 0.016038 -0.019147
v -0.009393 0.015684 -0.019880
v -0.007420 0.016038 -0.019727
v -0.008030 0.016096 -0.018970
v -0.008296 0.016038 -0.019147
v -0.007420 0.016038 -0.019727
v -0.007120 0.016418 -0.017607
v -0.008030 0.016096 -0.018970
v -0.007420 0.016038 -0.019727
v -0.006800 0.016717 -0.016000
v -0.007120 0.016418 -0.017607
v -0.007420 0.016038 -0.019727
v -0.005050 0.016038 -0.020787
v -0.003438 0.017119 -0.015427
v -0.007420 0.016038 -0.019727
v -0.005050 0.017119 -0.014705
v -0.006800 0.016717 -0.016000
v -0.007420 0.016038 -0.019727
v -0.003438 0.017119 -0.015427
v -0.005050 0.017119 -0.014705
v -0.007866 0.017119 -0.012496
v -0.008030 0.017019 -0.013030
v -0.006539 0.017119 -0.013720
v -0.006539 0.017119 -0.013720
v -0.008030 0.017019 -0.013030
v -0.007120 0.016942 -0.014393
v -0.006539 0.017119 -0.013720
v -0.007120 0.016942 -0.014393
v -0.007090 0.016925 -0.014540
v -0.007866 0.017119 -0.012496
v -0.009393 0.016925 -0.012120
v -0.008235 0.017011 -0.012893
v -0.009000 0.017119 -0.011062
v -0.009393 0.016925 -0.012120
v -0.007866 0.017119 -0.012496
v -0.007866 0.017119 -0.012496
v -0.008235 0.017011 -0.012893
v -0.008030 0.017019 -0.013030
v -0.009000 0.017119 -0.011062
v -0.007866 0.017119 -0.012496
v -0.003982 0.017778 -0.008301
v -0.005050 0.017119 -0.014705
v -0.007090 0.016925 -0.014540
v -0.006800 0.016717 -0.016000
v -0.006539 0.017119 -0.013720
v -0.007090 0.016925 -0.014540
v -0.005050 0.017119 -0.014705
v -0.007866 0.017119 -0.012496
v -0.006539 0.017119 -0.013720
v -0.003310 0.017778 -0.008921
v -0.006539 0.017119 -0.013720
v -0.005050 0.017119 -0.014705
v -0.002557 0.017778 -0.009419
v -0.002557 0.016038 -0.021434
v -0.001740 0.017119 -0.015867
v -0.005050 0.016038 -0.020787
v -0.005050 0.016038 -0.020787
v -0.001740 0.017119 -0.015867
v -0.003438 0.017119 -0.015427
v -0.002557 0.016038 -0.021434
v 0.000000 0.016038 -0.021651
v 0.000000 0.017119 -0.016015
v -0.002557 0.016038 -0.021434
v 0.000000 0.017119 -0.016015
v -0.001740 0.017119 -0.015867
v -0.005050 0.017119 -0.014705
v -0.003438 0.017119 -0.015427
v -0.001740 0.017778 -0.009784
v -0.006539 0.017119 -0.013720
v -0.002557 0.017778 -0.009419
v -0.003310 0.017778 -0.008921
v -0.005050 0.017119 -0.014705
v -0.001740 0.017778 -0.009784
v -0.002557 0.017778 -0.009419
v -0.001740 0.017119 -0.015867
v -0.000881 0.017778 -0.010007
v -0.003438 0.017119 -0.015427
v -0.001740 0.017119 -0.015867
v 0.000000 0.017119 -0.016015
v 0.000000 0.017778 -0.010082
v -0.003438 0.017119 -0.015427
v -0.000881 0.017778 -0.010007
v -0.001740 0.017778 -0.009784
v -0.001740 0.017119 -0.015867
v 0.000000 0.017778 -0.010082
v -0.000881 0.017778 -0.010007
v -0.010580 0.017119 -0.007713
v -0.009912 0.017119 -0.009455
v -0.005018 0.017778 -0.006761
v -0.009912 0.017119 -0.009455
v -0.009000 0.017119 -0.011062
v -0.004556 0.017778 -0.007575
v -0.010580 0.017119 -0.007713
v -0.005356 0.017778 -0.005879
v -0.010988 0.017119 -0.005879
v -0.010580 0.017119 -0.007713
v -0.005018 0.017778 -0.006761
v -0.005356 0.017778 -0.005879
v -0.010988 0.017119 -0.005879
v -0.005356 0.017778 -0.005879
v -0.005562 0.017778 -0.004951
v -0.009000 0.017119 -0.011062
v -0.003982 0.017778 -0.008301
v -0.004556 0.017778 -0.007575
v -0.009912 0.017119 -0.009455
v -0.004556 0.017778 -0.007575
v -0.005018 0.017778 -0.006761
v -0.007866 0.017119 -0.012496
v -0.003310 0.017778 -0.008921
v -0.003982 0.017778 -0.008301
v -0.011125 0.017119 -0.004000
v -0.005562 0.017778 -0.004951
v -0.005632 0.017778 -0.004000
v -0.010988 0.017119 -0.002121
v -0.005632 0.017778 -0.004000
v -0.005562 0.017778 -0.003049
v -0.010580 0.017119 -0.000287
v -0.005356 0.017778 -0.002121
v -0.009912 0.017119 0.001455
v -0.010580 0.017119 -0.000287
v -0.005562 0.017778 -0.003049
v -0.005356 0.017778 -0.002121
v -0.005356 0.017778 -0.002121
v -0.005018 0.017778 -0.001239
v -0.009912 0.017119 0.001455
v -0.005018 0.017778 -0.001239
v -0.004556 0.017778 -0.000425
v -0.009000 0.017119 0.003062
v -0.005018 0.017778 -0.006761
v 0.000000 0.018000 -0.004000
v -0.005356 0.017778 -0.005879
v -0.005356 0.017778 -0.005879
v 0.000000 0.018000 -0.004000
v -0.005562 0.017778 -0.004951
v -0.004556 0.017778 -0.007575
v -0.003982 0.017778 -0.008301
v 0.000000 0.018000 -0.004000
v -0.003982 0.017778 -0.008301
v -0.003310 0.017778 -0.008921
v 0.000000 0.018000 -0.004000
v -0.004556 0.017778 -0.007575
v 0.000000 0.018000 -0.004000
v -0.005018 0.017778 -0.006761
v -0.002557 0.017778 -0.009419
v -0.001740 0.017778 -0.009784
v 0.000000 0.018000 -0.004000
v -0.001740 0.017778 -0.009784
v -0.000881 0.017778 -0.010007
v 0.000000 0.018000 -0.004000
v -0.000881 0.017778 -0.010007
v 0.000000 0.017778 -0.010082
v 0.000000 0.018000 -0.004000
v -0.002557 0.017778 -0.009419
v 0.000000 0.018000 -0.004000
v -0.003310 0.017778 -0.008921
v -0.005562 0.017778 -0.004951
v 0.000000 0.018000 -0.004000
v -0.005632 0.017778 -0.004000
v -0.005632 0.017778 -0.004000
v 0.000000 0.018000 -0.004000
v -0.005562 0.017778 -0.003049
v -0.005562 0.017778 -0.003049
v 0.000000 0.018000 -0.004000
v -0.005356 0.017778 -0.002121
v -0.005356 0.017778 -0.002121
v 0.000000 0.018000 -0.004000
v -0.005018 0.017778 -0.001239
v -0.005018 0.017778 -0.001239
v 0.000000 0.018000 -0.004000
v -0.004556 0.017778 -0.000425
v -0.004556 0.017778 -0.000425
v 0.000000 0.018000 -0.004000
v -0.003982 0.017778 0.000301
v -0.003982 0.017778 0.000301
v 0.000000 0.018000 -0.004000
v -0.003310 0.017778 0.000921
v -0.003310 0.017778 0.000921
v 0.000000 0.018000 -0.004000
v -0.002557 0.017778 0.001419
v -0.002557 0.017778 0.001419
v 0.000000 0.018000 -0.004000
v -0.002206 0.017778 0.001576
v 0.000000 0.018000 -0.004000
v -0.001913 0.017789 0.001381
v -0.002206 0.017778 0.001576
v 0.000000 0.018000 -0.004000
v -0.001600 0.017796 0.001318
v -0.001913 0.017789 0.001381
v 0.000000 0.018000 -0.004000
v -0.000755 0.017810 0.001150
v -0.001600 0.017796 0.001318
v 0.000000 0.018000 -0.004000
v 0.000000 0.017818 0.001000
v -0.000755 0.017810 0.001150
v -0.033817 -0.005562 0.001784
v -0.035119 -0.002816 0.002007
v -0.032562 -0.005562 0.007427
v -0.032562 -0.005562 0.007427
v -0.035119 -0.002816 0.002007
v -0.033817 -0.002816 0.007867
v -0.033817 -0.005562 0.001784
v -0.030506 -0.008172 0.006705
v -0.031681 -0.008172 0.001419
v -0.033817 -0.005562 0.001784
v -0.032562 -0.005562 0.007427
v -0.030506 -0.008172 0.006705
v -0.032562 -0.005562 0.007427
v -0.033817 -0.002816 0.007867
v -0.030506 -0.005562 0.012787
v -0.030506 -0.005562 0.012787
v -0.033817 -0.002816 0.007867
v -0.031681 -0.002816 0.013434
v -0.031681 -0.008172 0.001419
v -0.027699 -0.010580 0.005720
v -0.028766 -0.010580 0.000921
v -0.031681 -0.008172 0.001419
v -0.030506 -0.008172 0.006705
v -0.027699 -0.010580 0.005720
v -0.032562 -0.005562 0.007427
v -0.028580 -0.008172 0.011727
v -0.030506 -0.008172 0.006705
v -0.032562 -0.005562 0.007427
v -0.030506 -0.005562 0.012787
v -0.028580 -0.008172 0.011727
v -0.027699 -0.010580 0.005720
v -0.030506 -0.008172 0.006705
v -0.025950 -0.010580 0.010280
v -0.030506 -0.008172 0.006705
v -0.028580 -0.008172 0.011727
v -0.025950 -0.010580 0.010280
v -0.030506 -0.005562 0.012787
v -0.031681 -0.002816 0.013434
v -0.027699 -0.005562 0.017735
v -0.027699 -0.005562 0.017735
v -0.031681 -0.002816 0.013434
v -0.028766 -0.002816 0.018572
v -0.030506 -0.005562 0.012787
v -0.025950 -0.008172 0.016362
v -0.028580 -0.008172 0.011727
v -0.030506 -0.005562 0.012787
v -0.027699 -0.005562 0.017735
v -0.025950 -0.008172 0.016362
v -0.025142 -0.012728 0.000301
v -0.028766 -0.010580 0.000921
v -0.024210 -0.012728 0.004496
v -0.028766 -0.010580 0.000921
v -0.027699 -0.010580 0.005720
v -0.024210 -0.012728 0.004496
v -0.025142 -0.012728 0.000301
v -0.024210 -0.012728 0.004496
v -0.020125 -0.014562 0.003062
v -0.027699 -0.010580 0.005720
v -0.022681 -0.012728 0.008481
v -0.024210 -0.012728 0.004496
v -0.027699 -0.010580 0.005720
v -0.025950 -0.010580 0.010280
v -0.022681 -0.012728 0.008481
v -0.022681 -0.012728 0.008481
v -0.025950 -0.010580 0.010280
v -0.020594 -0.012728 0.012160
v -0.025142 -0.012728 0.000301
v -0.020125 -0.014562 0.003062
v -0.020900 -0.014562 -0.000425
v -0.024210 -0.012728 0.004496
v -0.018854 -0.014562 0.006375
v -0.020125 -0.014562 0.003062
v -0.020900 -0.014562 -0.000425
v -0.020125 -0.014562 0.003062
v -0.017828 -0.015302 0.002256
v -0.020900 -0.014562 -0.000425
v -0.017554 -0.015444 0.001357
v -0.017274 -0.015561 0.000847
v -0.020900 -0.014562 -0.000425
v -0.017828 -0.015302 0.002256
v -0.017554 -0.015444 0.001357
v -0.020125 -0.014562 0.003062
v -0.018180 -0.015078 0.003395
v -0.017828 -0.015302 0.002256
v -0.020125 -0.014562 0.003062
v -0.018666 -0.014746 0.005182
v -0.018635 -0.014788 0.004871
v -0.020125 -0.014562 0.003062
v -0.018854 -0.014562 0.006375
v -0.018666 -0.014746 0.005182
v -0.020125 -0.014562 0.003062
v -0.018635 -0.014788 0.004871
v -0.018180 -0.015078 0.003395
v -0.018854 -0.014562 0.006375
v -0.018779 -0.014588 0.006334
v -0.018666 -0.014746 0.005182
v -0.024210 -0.012728 0.004496
v -0.022681 -0.012728 0.008481
v -0.018854 -0.014562 0.006375
v -0.022681 -0.012728 0.008481
v -0.020594 -0.012728 0.012160
v -0.018940 -0.013962 0.009121
v -0.022681 -0.012728 0.008481
v -0.018794 -0.014562 0.006481
v -0.018854 -0.014562 0.006375
v -0.022681 -0.012728 0.008481
v -0.019000 -0.014065 0.008515
v -0.018794 -0.014562 0.006481
v -0.022681 -0.012728 0.008481
v -0.018968 -0.014011 0.008835
v -0.019000 -0.014065 0.008515
v -0.018854 -0.014562 0.006375
v -0.018783 -0.014581 0.006375
v -0.018779 -0.014588 0.006334
v -0.018854 -0.014562 0.006375
v -0.018794 -0.014562 0.006481
v -0.018783 -0.014581 0.006375
v -0.022681 -0.012728 0.008481
v -0.018940 -0.013962 0.009121
v -0.018968 -0.014011 0.008835
v -0.020594 -0.012728 0.012160
v -0.018779 -0.013686 0.010735
v -0.018940 -0.013962 0.009121
v -0.025950 -0.010580 0.010280
v -0.023562 -0.010580 0.014489
v -0.020594 -0.012728 0.012160
v -0.028580 -0.008172 0.011727
v -0.023562 -0.010580 0.014489
v -0.025950 -0.010580 0.010280
v -0.028580 -0.008172 0.011727
v -0.025950 -0.008172 0.016362
v -0.023562 -0.010580 0.014489
v -0.025950 -0.008172 0.016362
v -0.020594 -0.010580 0.018242
v -0.023562 -0.010580 0.014489
v -0.027699 -0.005562 0.017735
v -0.022681 -0.008172 0.020496
v -0.025950 -0.008172 0.016362
v -0.027699 -0.005562 0.017735
v -0.028766 -0.002816 0.018572
v -0.024210 -0.005562 0.022147
v -0.024210 -0.005562 0.022147
v -0.028766 -0.002816 0.018572
v -0.025142 -0.002816 0.023154
v -0.027699 -0.005562 0.017735
v -0.024210 -0.005562 0.022147
v -0.022681 -0.008172 0.020496
v -0.025950 -0.008172 0.016362
v -0.022681 -0.008172 0.020496
v -0.020594 -0.010580 0.018242
v -0.023562 -0.010580 0.014489
v -0.018000 -0.012728 0.015440
v -0.020594 -0.012728 0.012160
v -0.023562 -0.010580 0.014489
v -0.020594 -0.010580 0.018242
v -0.018000 -0.012728 0.015440
v -0.020594 -0.012728 0.012160
v -0.018635 -0.013365 0.012165
v -0.018779 -0.013686 0.010735
v -0.020594 -0.012728 0.012160
v -0.018536 -0.013314 0.012487
v -0.018635 -0.013365 0.012165
v -0.020594 -0.012728 0.012160
v -0.018000 -0.012728 0.015440
v -0.018536 -0.013314 0.012487
v -0.018000 -0.012728 0.015440
v -0.017725 -0.012894 0.015143
v -0.018536 -0.013314 0.012487
v -0.020594 -0.010580 0.018242
v -0.017388 -0.012728 0.016004
v -0.018000 -0.012728 0.015440
v -0.020594 -0.010580 0.018242
v -0.016169 -0.012268 0.018242
v -0.017388 -0.012728 0.016004
v -0.022681 -0.008172 0.020496
v -0.024210 -0.005562 0.022147
v -0.018854 -0.008172 0.024026
v -0.022681 -0.008172 0.020496
v -0.017119 -0.010580 0.021447
v -0.020594 -0.010580 0.018242
v -0.022681 -0.008172 0.020496
v -0.018854 -0.008172 0.024026
v -0.017119 -0.010580 0.021447
v -0.024210 -0.005562 0.022147
v -0.025142 -0.002816 0.023154
v -0.020125 -0.005562 0.025915
v -0.024210 -0.005562 0.022147
v -0.020125 -0.005562 0.025915
v -0.018854 -0.008172 0.024026
v -0.020125 -0.005562 0.025915
v -0.025142 -0.002816 0.023154
v -0.020900 -0.002816 0.027067
v -0.020125 -0.005562 0.025915
v -0.020900 -0.002816 0.027067
v -0.015544 -0.005562 0.028947
v -0.035119 -0.002816 0.002007
v -0.035557 0.000000 0.002082
v -0.033817 -0.002816 0.007867
v -0.035557 0.000000 0.002082
v -0.034238 0.000000 0.008015
v -0.033817 -0.002816 0.007867
v -0.035557 0.000000 0.002082
v -0.035119 0.002816 0.002007
v -0.034238 0.000000 0.008015
v -0.035119 0.002816 0.002007
v -0.033817 0.002816 0.007867
v -0.034238 0.000000 0.008015
v -0.035119 0.002816 0.002007
v -0.033817 0.005562 0.001784
v -0.033817 0.002816 0.007867
v -0.033817 -0.002816 0.007867
v -0.034238 0.000000 0.008015
v -0.031681 -0.002816 0.013434
v -0.034238 0.000000 0.008015
v -0.033817 0.002816 0.007867
v -0.032076 0.000000 0.013651
v -0.033817 0.002816 0.007867
v -0.032562 0.005562 0.007427
v -0.031681 0.002816 0.013434
v -0.033817 0.005562 0.001784
v -0.031681 0.008172 0.001419
v -0.032562 0.005562 0.007427
v -0.033817 0.002816 0.007867
v -0.033817 0.005562 0.001784
v -0.032562 0.005562 0.007427
v -0.031681 0.008172 0.001419
v -0.030506 0.008172 0.006705
v -0.032562 0.005562 0.007427
v -0.032562 0.005562 0.007427
v -0.030506 0.005562 0.012787
v -0.031681 0.002816 0.013434
v -0.031681 0.008172 0.001419
v -0.028766 0.010580 0.000921
v -0.030506 0.008172 0.006705
v -0.025142 0.012728 0.000301
v -0.027699 0.010580 0.005720
v -0.028766 0.010580 0.000921
v -0.028766 0.010580 0.000921
v -0.027699 0.010580 0.005720
v -0.030506 0.008172 0.006705
v -0.032562 0.005562 0.007427
v -0.030506 0.008172 0.006705
v -0.030506 0.005562 0.012787
v -0.030506 0.008172 0.006705
v -0.028580 0.008172 0.011727
v -0.030506 0.005562 0.012787
v -0.027699 0.010580 0.005720
v -0.028580 0.008172 0.011727
v -0.030506 0.008172 0.006705
v -0.027699 0.010580 0.005720
v -0.025950 0.010580 0.010280
v -0.028580 0.008172 0.011727
v -0.034238 0.000000 0.008015
v -0.032076 0.000000 0.013651
v -0.031681 -0.002816 0.013434
v -0.033817 0.002816 0.007867
v -0.031681 0.002816 0.013434
v -0.032076 0.000000 0.013651
v -0.031681 -0.002816 0.013434
v -0.032076 0.000000 0.013651
v -0.028766 -0.002816 0.018572
v -0.032076 0.000000 0.013651
v -0.031681 0.002816 0.013434
v -0.029125 0.000000 0.018853
v -0.031681 0.002816 0.013434
v -0.030506 0.005562 0.012787
v -0.028766 0.002816 0.018572
v -0.032076 0.000000 0.013651
v -0.029125 0.000000 0.018853
v -0.028766 -0.002816 0.018572
v -0.031681 0.002816 0.013434
v -0.028766 0.002816 0.018572
v -0.029125 0.000000 0.018853
v -0.028766 -0.002816 0.018572
v -0.029125 0.000000 0.018853
v -0.025142 -0.002816 0.023154
v -0.029125 0.000000 0.018853
v -0.028766 0.002816 0.018572
v -0.025456 0.000000 0.023492
v -0.028766 0.002816 0.018572
v -0.027699 0.005562 0.017735
v -0.025142 0.002816 0.023154
v -0.030506 0.005562 0.012787
v -0.028580 0.008172 0.011727
v -0.027699 0.005562 0.017735
v -0.028766 0.002816 0.018572
v -0.030506 0.005562 0.012787
v -0.027699 0.005562 0.017735
v -0.028580 0.008172 0.011727
v -0.025950 0.008172 0.016362
v -0.027699 0.005562 0.017735
v -0.025142 0.012728 0.000301
v -0.024210 0.012728 0.004496
v -0.027699 0.010580 0.005720
v -0.027699 0.010580 0.005720
v -0.024210 0.012728 0.004496
v -0.025950 0.010580 0.010280
v -0.025950 0.010580 0.010280
v -0.024210 0.012728 0.004496
v -0.022681 0.012728 0.008481
v -0.025950 0.010580 0.010280
v -0.022681 0.012728 0.008481
v -0.023562 0.010580 0.014489
v -0.029125 0.000000 0.018853
v -0.025456 0.000000 0.023492
v -0.025142 -0.002816 0.023154
v -0.028766 0.002816 0.018572
v -0.025142 0.002816 0.023154
v -0.025456 0.000000 0.023492
v -0.028580 0.008172 0.011727
v -0.025950 0.010580 0.010280
v -0.025950 0.008172 0.016362
v -0.025950 0.010580 0.010280
v -0.023562 0.010580 0.014489
v -0.025950 0.008172 0.016362
v -0.027699 0.005562 0.017735
v -0.025950 0.008172 0.016362
v -0.024210 0.005562 0.022147
v -0.027699 0.005562 0.017735
v -0.024210 0.005562 0.022147
v -0.025142 0.002816 0.023154
v -0.025950 0.008172 0.016362
v -0.022681 0.008172 0.020496
v -0.024210 0.005562 0.022147
v -0.025950 0.008172 0.016362
v -0.023562 0.010580 0.014489
v -0.022681 0.008172 0.020496
v -0.023562 0.010580 0.014489
v -0.022681 0.012728 0.008481
v -0.020594 0.012728 0.012160
v -0.023562 0.010580 0.014489
v -0.020594 0.012728 0.012160
v -0.020594 0.010580 0.018242
v -0.020594 0.010580 0.018242
v -0.020594 0.012728 0.012160
v -0.018000 0.012728 0.015440
v -0.023562 0.010580 0.014489
v -0.020594 0.010580 0.018242
v -0.022681 0.008172 0.020496
v -0.022681 0.008172 0.020496
v -0.020594 0.010580 0.018242
v -0.018854 0.008172 0.024026
v -0.020594 0.010580 0.018242
v -0.018000 0.012728 0.015440
v -0.017119 0.010580 0.021447
v -0.020594 0.010580 0.018242
v -0.017119 0.010580 0.021447
v -0.018854 0.008172 0.024026
v -0.025142 0.012728 0.000301
v -0.020900 0.014562 -0.000425
v -0.024210 0.012728 0.004496
v -0.020900 0.014562 -0.000425
v -0.020125 0.014562 0.003062
v -0.024210 0.012728 0.004496
v -0.024210 0.012728 0.004496
v -0.020125 0.014562 0.003062
v -0.022681 0.012728 0.008481
v -0.022681 0.012728 0.008481
v -0.020125 0.014562 0.003062
v -0.018854 0.014562 0.006375
v -0.020125 0.014562 0.003062
v -0.015544 0.016038 0.001455
v -0.018854 0.014562 0.006375
v -0.022681 0.012728 0.008481
v -0.018854 0.014562 0.006375
v -0.020594 0.012728 0.012160
v -0.018854 0.014562 0.006375
v -0.017119 0.014562 0.009433
v -0.020594 0.012728 0.012160
v -0.020594 0.012728 0.012160
v -0.017119 0.014562 0.009433
v -0.018000 0.012728 0.015440
v -0.025142 -0.002816 0.023154
v -0.025456 0.000000 0.023492
v -0.020900 -0.002816 0.027067
v -0.025456 0.000000 0.023492
v -0.021160 0.000000 0.027455
v -0.020900 -0.002816 0.027067
v -0.025456 0.000000 0.023492
v -0.025142 0.002816 0.023154
v -0.021160 0.000000 0.027455
v -0.024210 0.005562 0.022147
v -0.020900 0.002816 0.027067
v -0.025142 0.002816 0.023154
v -0.025142 0.002816 0.023154
v -0.020900 0.002816 0.027067
v -0.021160 0.000000 0.027455
v -0.020900 -0.002816 0.027067
v -0.021160 0.000000 0.027455
v -0.016142 -0.002816 0.030216
v -0.021160 0.000000 0.027455
v -0.020900 0.002816 0.027067
v -0.016344 0.000000 0.030642
v -0.020900 0.002816 0.027067
v -0.020125 0.005562 0.025915
v -0.016142 0.002816 0.030216
v -0.024210 0.005562 0.022147
v -0.022681 0.008172 0.020496
v -0.020125 0.005562 0.025915
v -0.022681 0.008172 0.020496
v -0.018854 0.008172 0.024026
v -0.020125 0.005562 0.025915
v -0.024210 0.005562 0.022147
v -0.020125 0.005562 0.025915
v -0.020900 0.002816 0.027067
v -0.018854 0.008172 0.024026
v -0.015544 0.005562 0.028947
v -0.020125 0.005562 0.025915
v -0.018000 -0.012728 0.015440
v -0.017652 -0.012843 0.015380
v -0.017725 -0.012894 0.015143
v -0.018000 -0.012728 0.015440
v -0.017554 -0.012775 0.015697
v -0.017652 -0.012843 0.015380
v -0.018000 -0.012728 0.015440
v -0.017388 -0.012728 0.016004
v -0.017554 -0.012775 0.015697
v -0.020594 -0.010580 0.018242
v -0.015798 -0.012127 0.018924
v -0.016169 -0.012268 0.018242
v -0.020594 -0.010580 0.018242
v -0.017119 -0.010580 0.021447
v -0.015798 -0.012127 0.018924
v -0.017119 -0.010580 0.021447
v -0.015592 -0.012101 0.019177
v -0.015798 -0.012127 0.018924
v -0.015592 -0.012101 0.019177
v -0.017119 -0.010580 0.021447
v -0.015564 -0.012094 0.019211
v -0.017119 -0.010580 0.021447
v -0.014121 -0.011738 0.020935
v -0.015564 -0.012094 0.019211
v -0.017119 -0.010580 0.021447
v -0.013435 -0.011568 0.021755
v -0.014121 -0.011738 0.020935
v -0.017119 -0.010580 0.021447
v -0.013222 -0.010580 0.024026
v -0.013435 -0.011568 0.021755
v -0.018854 -0.008172 0.024026
v -0.013222 -0.010580 0.024026
v -0.017119 -0.010580 0.021447
v -0.018854 -0.008172 0.024026
v -0.020125 -0.005562 0.025915
v -0.014562 -0.008172 0.026867
v -0.020125 -0.005562 0.025915
v -0.015544 -0.005562 0.028947
v -0.014562 -0.008172 0.026867
v -0.018854 -0.008172 0.024026
v -0.014562 -0.008172 0.026867
v -0.013222 -0.010580 0.024026
v -0.020900 -0.002816 0.027067
v -0.016142 -0.002816 0.030216
v -0.015544 -0.005562 0.028947
v -0.015544 -0.005562 0.028947
v -0.016142 -0.002816 0.030216
v -0.010580 -0.005562 0.031167
v -0.013222 -0.010580 0.024026
v -0.013142 -0.011545 0.021998
v -0.013435 -0.011568 0.021755
v -0.013222 -0.010580 0.024026
v -0.012512 -0.011496 0.022520
v -0.013142 -0.011545 0.021998
v -0.013222 -0.010580 0.024026
v -0.011421 -0.011302 0.023394
v -0.012512 -0.011496 0.022520
v -0.013222 -0.010580 0.024026
v -0.010556 -0.011148 0.024088
v -0.011421 -0.011302 0.023394
v -0.009000 -0.010580 0.025915
v -0.010212 -0.011132 0.024274
v -0.010556 -0.011148 0.024088
v -0.009000 -0.010580 0.025915
v -0.008745 -0.011063 0.025068
v -0.010212 -0.011132 0.024274
v -0.014562 -0.008172 0.026867
v -0.009000 -0.010580 0.025915
v -0.013222 -0.010580 0.024026
v -0.013222 -0.010580 0.024026
v -0.009000 -0.010580 0.025915
v -0.010556 -0.011148 0.024088
v -0.014562 -0.008172 0.026867
v -0.009912 -0.008172 0.028947
v -0.009000 -0.010580 0.025915
v -0.014562 -0.008172 0.026867
v -0.015544 -0.005562 0.028947
v -0.009912 -0.008172 0.028947
v -0.015544 -0.005562 0.028947
v -0.010580 -0.005562 0.031167
v -0.009912 -0.008172 0.028947
v -0.010580 -0.005562 0.031167
v -0.016142 -0.002816 0.030216
v -0.010988 -0.002816 0.032522
v -0.009000 -0.010580 0.025915
v -0.008082 -0.010973 0.025410
v -0.008745 -0.011063 0.025068
v -0.009000 -0.010580 0.025915
v -0.007271 -0.010862 0.025830
v -0.008082 -0.010973 0.025410
v -0.009000 -0.010580 0.025915
v -0.004556 -0.010580 0.027067
v -0.007271 -0.010862 0.025830
v -0.009912 -0.008172 0.028947
v -0.004556 -0.010580 0.027067
v -0.009000 -0.010580 0.025915
v -0.004556 -0.010580 0.027067
v -0.006890 -0.010853 0.025947
v -0.007271 -0.010862 0.025830
v -0.004556 -0.010580 0.027067
v -0.004499 -0.010792 0.026681
v -0.006890 -0.010853 0.025947
v -0.009912 -0.008172 0.028947
v -0.010580 -0.005562 0.031167
v -0.005018 -0.008172 0.030216
v -0.010580 -0.005562 0.031167
v -0.010988 -0.002816 0.032522
v -0.005356 -0.005562 0.032522
v -0.010580 -0.005562 0.031167
v -0.005356 -0.005562 0.032522
v -0.005018 -0.008172 0.030216
v -0.005356 -0.005562 0.032522
v -0.010988 -0.002816 0.032522
v -0.005562 -0.002816 0.033929
v -0.009912 -0.008172 0.028947
v -0.005018 -0.008172 0.030216
v -0.004556 -0.010580 0.027067
v -0.004556 -0.010580 0.027067
v -0.004180 -0.010757 0.026772
v -0.004499 -0.010792 0.026681
v -0.004556 -0.010580 0.027067
v -0.003707 -0.010706 0.026907
v -0.004180 -0.010757 0.026772
v -0.004556 -0.010580 0.027067
v 0.000000 -0.010580 0.027455
v -0.003707 -0.010706 0.026907
v 0.000000 -0.010580 0.027455
v -0.003304 -0.010703 0.026947
v -0.003707 -0.010706 0.026907
v 0.000000 -0.010580 0.027455
v -0.000000 -0.010676 0.027277
v -0.003304 -0.010703 0.026947
v 0.000000 -0.010580 0.027455
v 0.000000 -0.010676 0.027277
v -0.000000 -0.010676 0.027277
v -0.004556 -0.010580 0.027067
v -0.005018 -0.008172 0.030216
v 0.000000 -0.010580 0.027455
v -0.005018 -0.008172 0.030216
v -0.005356 -0.005562 0.032522
v 0.000000 -0.008172 0.030642
v -0.005018 -0.008172 0.030216
v 0.000000 -0.008172 0.030642
v 0.000000 -0.010580 0.027455
v -0.005356 -0.005562 0.032522
v 0.000000 -0.005562 0.032977
v 0.000000 -0.008172 0.030642
v -0.005356 -0.005562 0.032522
v -0.005562 -0.002816 0.033929
v 0.000000 -0.005562 0.032977
v -0.005562 -0.002816 0.033929
v 0.000000 -0.002816 0.034401
v 0.000000 -0.005562 0.032977
v -0.017119 0.010580 0.021447
v -0.018000 0.012728 0.015440
v -0.014963 0.012728 0.018242
v -0.017119 0.010580 0.021447
v -0.014963 0.012728 0.018242
v -0.013222 0.010580 0.024026
v -0.014963 0.012728 0.018242
v -0.011557 0.012728 0.020496
v -0.013222 0.010580 0.024026
v -0.016142 0.016038 -0.001239
v -0.015544 0.016038 0.001455
v -0.020125 0.014562 0.003062
v -0.018854 0.014562 0.006375
v -0.015544 0.016038 0.001455
v -0.014562 0.016038 0.004013
v -0.010580 0.017119 -0.000287
v -0.014562 0.016038 0.004013
v -0.015544 0.016038 0.001455
v -0.018854 0.014562 0.006375
v -0.014562 0.016038 0.004013
v -0.017119 0.014562 0.009433
v -0.014562 0.016038 0.004013
v -0.013222 0.016038 0.006375
v -0.017119 0.014562 0.009433
v -0.017119 0.014562 0.009433
v -0.013222 0.016038 0.006375
v -0.014963 0.014562 0.012160
v -0.010580 0.017119 -0.000287
v -0.009912 0.017119 0.001455
v -0.014562 0.016038 0.004013
v -0.014562 0.016038 0.004013
v -0.009912 0.017119 0.001455
v -0.013222 0.016038 0.006375
v -0.013222 0.016038 0.006375
v -0.009000 0.017119 0.003062
v -0.011557 0.016038 0.008481
v -0.009912 0.017119 0.001455
v -0.009000 0.017119 0.003062
v -0.013222 0.016038 0.006375
v -0.011557 0.016038 0.008481
v -0.009000 0.017119 0.003062
v -0.007866 0.017119 0.004496
v -0.013222 0.016038 0.006375
v -0.011557 0.016038 0.008481
v -0.014963 0.014562 0.012160
v -0.011557 0.016038 0.008481
v -0.009607 0.016038 0.010280
v -0.012438 0.014562 0.014489
v -0.011557 0.016038 0.008481
v -0.007866 0.017119 0.004496
v -0.009607 0.016038 0.010280
v -0.017119 0.014562 0.009433
v -0.014963 0.014562 0.012160
v -0.018000 0.012728 0.015440
v -0.018000 0.012728 0.015440
v -0.014963 0.014562 0.012160
v -0.014963 0.012728 0.018242
v -0.014963 0.014562 0.012160
v -0.012438 0.014562 0.014489
v -0.014963 0.012728 0.018242
v -0.011557 0.016038 0.008481
v -0.012438 0.014562 0.014489
v -0.014963 0.014562 0.012160
v -0.009607 0.016038 0.010280
v -0.009607 0.014562 0.016362
v -0.012438 0.014562 0.014489
v -0.014963 0.012728 0.018242
v -0.012438 0.014562 0.014489
v -0.011557 0.012728 0.020496
v -0.012438 0.014562 0.014489
v -0.009607 0.014562 0.016362
v -0.011557 0.012728 0.020496
v -0.009607 0.014562 0.016362
v -0.007866 0.012728 0.022147
v -0.011557 0.012728 0.020496
v -0.005018 0.017778 -0.001239
v -0.009000 0.017119 0.003062
v -0.009912 0.017119 0.001455
v -0.004556 0.017778 -0.000425
v -0.007866 0.017119 0.004496
v -0.009000 0.017119 0.003062
v -0.004556 0.017778 -0.000425
v -0.003982 0.017778 0.000301
v -0.007866 0.017119 0.004496
v -0.003982 0.017778 0.000301
v -0.003310 0.017778 0.000921
v -0.006539 0.017119 0.005720
v -0.003982 0.017778 0.000301
v -0.006539 0.017119 0.005720
v -0.007866 0.017119 0.004496
v -0.006539 0.017119 0.005720
v -0.003536 0.017617 0.002464
v -0.004619 0.017395 0.004087
v -0.006539 0.017119 0.005720
v -0.004619 0.017395 0.004087
v -0.005000 0.017189 0.006000
v -0.009607 0.016038 0.010280
v -0.007866 0.017119 0.004496
v -0.006539 0.017119 0.005720
v -0.009607 0.016038 0.010280
v -0.006539 0.017119 0.005720
v -0.007420 0.016038 0.011727
v -0.006539 0.017119 0.005720
v -0.005050 0.017119 0.006705
v -0.007420 0.016038 0.011727
v -0.006539 0.017119 0.005720
v -0.005000 0.017189 0.006000
v -0.005050 0.017119 0.006705
v -0.005050 0.017119 0.006705
v -0.005000 0.017189 0.006000
v -0.004916 0.017154 0.006421
v -0.005050 0.017119 0.006705
v -0.004916 0.017154 0.006421
v -0.004841 0.017119 0.006799
v -0.005050 0.017119 0.006705
v -0.005050 0.016038 0.012787
v -0.007420 0.016038 0.011727
v -0.005050 0.017119 0.006705
v -0.004841 0.017119 0.006799
v -0.005050 0.016038 0.012787
v -0.005050 0.016038 0.012787
v -0.004841 0.017119 0.006799
v -0.004619 0.016939 0.007913
v -0.005050 0.016038 0.012787
v -0.004619 0.016939 0.007913
v -0.003906 0.016805 0.008982
v -0.006539 0.017119 0.005720
v -0.003310 0.017778 0.000921
v -0.003536 0.017617 0.002464
v -0.003310 0.017778 0.000921
v -0.002826 0.017707 0.001991
v -0.003536 0.017617 0.002464
v -0.003310 0.017778 0.000921
v -0.002557 0.017778 0.001419
v -0.002826 0.017707 0.001991
v -0.002557 0.017778 0.001419
v -0.002206 0.017778 0.001576
v -0.002826 0.017707 0.001991
v -0.005050 0.016038 0.012787
v -0.003906 0.016805 0.008982
v -0.003536 0.016720 0.009536
v -0.002557 0.016038 0.013434
v -0.003536 0.016720 0.009536
v -0.002123 0.016612 0.010479
v -0.009607 0.016038 0.010280
v -0.007420 0.016038 0.011727
v -0.009607 0.014562 0.016362
v -0.009607 0.014562 0.016362
v -0.007420 0.016038 0.011727
v -0.006539 0.014562 0.017735
v -0.007420 0.016038 0.011727
v -0.005050 0.016038 0.012787
v -0.006539 0.014562 0.017735
v -0.005050 0.016038 0.012787
v -0.003310 0.014562 0.018572
v -0.006539 0.014562 0.017735
v -0.009607 0.014562 0.016362
v -0.006539 0.014562 0.017735
v -0.007866 0.012728 0.022147
v -0.007866 0.012728 0.022147
v -0.006539 0.014562 0.017735
v -0.003982 0.012728 0.023154
v -0.006539 0.014562 0.017735
v -0.003310 0.014562 0.018572
v -0.003982 0.012728 0.023154
v -0.005050 0.016038 0.012787
v -0.002557 0.016038 0.013434
v -0.003310 0.014562 0.018572
v -0.005050 0.016038 0.012787
v -0.003536 0.016720 0.009536
v -0.002557 0.016038 0.013434
v -0.002557 0.016038 0.013434
v 0.000000 0.016038 0.013651
v 0.000000 0.014562 0.018853
v -0.002557 0.016038 0.013434
v -0.002123 0.016612 0.010479
v -0.001913 0.016588 0.010619
v -0.002557 0.016038 0.013434
v -0.001913 0.016588 0.010619
v 0.000000 0.016038 0.013651
v 0.000000 0.016038 0.013651
v -0.001913 0.016588 0.010619
v -0.000000 0.016547 0.011000
v 0.000000 0.016038 0.013651
v -0.000000 0.016547 0.011000
v 0.000000 0.016547 0.011000
v -0.003310 0.014562 0.018572
v 0.000000 0.012728 0.023492
v -0.003982 0.012728 0.023154
v -0.002557 0.016038 0.013434
v 0.000000 0.014562 0.018853
v -0.003310 0.014562 0.018572
v -0.003310 0.014562 0.018572
v 0.000000 0.014562 0.018853
v 0.000000 0.012728 0.023492
v -0.021160 0.000000 0.027455
v -0.016344 0.000000 0.030642
v -0.016142 -0.002816 0.030216
v -0.020900 0.002816 0.027067
v -0.016142 0.002816 0.030216
v -0.016344 0.000000 0.030642
v -0.016142 -0.002816 0.030216
v -0.016344 0.000000 0.030642
v -0.010988 -0.002816 0.032522
v -0.016344 0.000000 0.030642
v -0.016142 0.002816 0.030216
v -0.011125 0.000000 0.032977
v -0.016142 0.002816 0.030216
v -0.015544 0.005562 0.028947
v -0.010988 0.002816 0.032522
v -0.018854 0.008172 0.024026
v -0.014562 0.008172 0.026867
v -0.015544 0.005562 0.028947
v -0.018854 0.008172 0.024026
v -0.017119 0.010580 0.021447
v -0.014562 0.008172 0.026867
v -0.017119 0.010580 0.021447
v -0.013222 0.010580 0.024026
v -0.014562 0.008172 0.026867
v -0.020125 0.005562 0.025915
v -0.015544 0.005562 0.028947
v -0.016142 0.002816 0.030216
v -0.014562 0.008172 0.026867
v -0.010580 0.005562 0.031167
v -0.015544 0.005562 0.028947
v -0.016344 0.000000 0.030642
v -0.011125 0.000000 0.032977
v -0.010988 -0.002816 0.032522
v -0.016142 0.002816 0.030216
v -0.010988 0.002816 0.032522
v -0.011125 0.000000 0.032977
v -0.010988 0.002816 0.032522
v -0.010580 0.005562 0.031167
v -0.005562 0.002816 0.033929
v -0.011557 0.012728 0.020496
v -0.009000 0.010580 0.025915
v -0.013222 0.010580 0.024026
v -0.014562 0.008172 0.026867
v -0.013222 0.010580 0.024026
v -0.009912 0.008172 0.028947
v -0.011557 0.012728 0.020496
v -0.007866 0.012728 0.022147
v -0.009000 0.010580 0.025915
v -0.013222 0.010580 0.024026
v -0.009000 0.010580 0.025915
v -0.009912 0.008172 0.028947
v -0.014562 0.008172 0.026867
v -0.009912 0.008172 0.028947
v -0.010580 0.005562 0.031167
v -0.015544 0.005562 0.028947
v -0.010580 0.005562 0.031167
v -0.010988 0.002816 0.032522
v -0.010988 -0.002816 0.032522
v -0.011125 0.000000 0.032977
v -0.005562 -0.002816 0.033929
v -0.011125 0.000000 0.032977
v -0.010988 0.002816 0.032522
v -0.005632 0.000000 0.034401
v -0.007866 0.012728 0.022147
v -0.004556 0.010580 0.027067
v -0.009000 0.010580 0.025915
v -0.007866 0.012728 0.022147
v -0.003982 0.012728 0.023154
v -0.004556 0.010580 0.027067
v -0.009912 0.008172 0.028947
v -0.005356 0.005562 0.032522
v -0.010580 0.005562 0.031167
v -0.010580 0.005562 0.031167
v -0.005356 0.005562 0.032522
v -0.005562 0.002816 0.033929
v -0.009912 0.008172 0.028947
v -0.005018 0.008172 0.030216
v -0.005356 0.005562 0.032522
v -0.009912 0.008172 0.028947
v -0.009000 0.010580 0.025915
v -0.005018 0.008172 0.030216
v -0.009000 0.010580 0.025915
v -0.004556 0.010580 0.027067
v -0.005018 0.008172 0.030216
v -0.004556 0.010580 0.027067
v -0.003982 0.012728 0.023154
v 0.000000 0.010580 0.027455
v -0.003982 0.012728 0.023154
v 0.000000 0.012728 0.023492
v 0.000000 0.010580 0.027455
v -0.005018 0.008172 0.030216
v 0.000000 0.005562 0.032977
v -0.005356 0.005562 0.032522
v -0.004556 0.010580 0.027067
v 0.000000 0.008172 0.030642
v -0.005018 0.008172 0.030216
v -0.005018 0.008172 0.030216
v 0.000000 0.008172 0.030642
v 0.000000 0.005562 0.032977
v -0.004556 0.010580 0.027067
v 0.000000 0.010580 0.027455
v 0.000000 0.008172 0.030642
v -0.011125 0.000000 0.032977
v -0.005632 0.000000 0.034401
v -0.005562 -0.002816 0.033929
v -0.010988 0.002816 0.032522
v -0.005562 0.002816 0.033929
v -0.005632 0.000000 0.034401
v -0.005632 0.000000 0.034401
v 0.000000 -0.002816 0.034401
v -0.005562 -0.002816 0.033929
v -0.005632 0.000000 0.034401
v -0.005562 0.002816 0.033929
v 0.000000 0.000000 0.034880
v -0.005356 0.005562 0.032522
v 0.000000 0.002816 0.034401
v -0.005562 0.002816 0.033929
v -0.005632 0.000000 0.034401
v 0.000000 0.000000 0.034880
v 0.000000 -0.002816 0.034401
v -0.005562 0.002816 0.033929
v 0.000000 0.002816 0.034401
v 0.000000 0.000000 0.034880
v -0.005356 0.005562 0.032522
v 0.000000 0.005562 0.032977
v 0.000000 0.002816 0.034401
v 0.000000 -0.010580 -0.035455
v 0.000000 -0.012728 -0.031492
v 0.004556 -0.010580 -0.035067
v 0.004556 -0.010580 -0.035067
v 0.000000 -0.012728 -0.031492
v 0.003982 -0.012728 -0.031154
v 0.000000 -0.005562 -0.040977
v 0.005562 -0.002816 -0.041929
v 0.000000 -0.002816 -0.042401
v 0.000000 -0.008172 -0.038642
v 0.005356 -0.005562 -0.040522
v 0.000000 -0.005562 -0.040977
v 0.000000 -0.008172 -0.038642
v 0.005018 -0.008172 -0.038216
v 0.005356 -0.005562 -0.040522
v 0.000000 -0.005562 -0.040977
v 0.005356 -0.005562 -0.040522
v 0.005562 -0.002816 -0.041929
v 0.000000 -0.008172 -0.038642
v 0.000000 -0.010580 -0.035455
v 0.005018 -0.008172 -0.038216
v 0.000000 -0.010580 -0.035455
v 0.004556 -0.010580 -0.035067
v 0.005018 -0.008172 -0.038216
v 0.004556 -0.010580 -0.035067
v 0.003982 -0.012728 -0.031154
v 0.009000 -0.010580 -0.033915
v 0.005018 -0.008172 -0.038216
v 0.009912 -0.008172 -0.036947
v 0.010580 -0.005562 -0.039167
v 0.005356 -0.005562 -0.040522
v 0.010988 -0.002816 -0.040522
v 0.005562 -0.002816 -0.041929
v 0.005018 -0.008172 -0.038216
v 0.010580 -0.005562 -0.039167
v 0.005356 -0.005562 -0.040522
v 0.005356 -0.005562 -0.040522
v 0.010580 -0.005562 -0.039167
v 0.010988 -0.002816 -0.040522
v 0.005018 -0.008172 -0.038216
v 0.004556 -0.010580 -0.035067
v 0.009912 -0.008172 -0.036947
v 0.004556 -0.010580 -0.035067
v 0.009000 -0.010580 -0.033915
v 0.009912 -0.008172 -0.036947
v 0.000000 -0.012728 -0.031492
v 0.000000 -0.013803 -0.028773
v 0.001752 -0.013755 -0.028745
v 0.000000 -0.012728 -0.031492
v 0.001752 -0.013755 -0.028745
v 0.003982 -0.012728 -0.031154
v 0.003982 -0.012728 -0.031154
v 0.001752 -0.013755 -0.028745
v 0.003625 -0.013704 -0.028716
v 0.003982 -0.012728 -0.031154
v 0.003625 -0.013704 -0.028716
v 0.005905 -0.013517 -0.028608
v 0.003982 -0.012728 -0.031154
v 0.005905 -0.013517 -0.028608
v 0.007866 -0.012728 -0.030147
v 0.003982 -0.012728 -0.031154
v 0.007866 -0.012728 -0.030147
v 0.009000 -0.010580 -0.033915
v 0.007866 -0.012728 -0.030147
v 0.005905 -0.013517 -0.028608
v 0.007382 -0.013397 -0.028538
v 0.007866 -0.012728 -0.030147
v 0.007382 -0.013397 -0.028538
v 0.008000 -0.013313 -0.028490
v 0.009607 -0.014562 -0.024362
v 0.008000 -0.014562 -0.025081
v 0.008000 -0.015647 -0.020957
v 0.009607 -0.014562 -0.024362
v 0.008000 -0.013313 -0.028490
v 0.008000 -0.014562 -0.025081
v 0.007866 -0.012728 -0.030147
v 0.013222 -0.010580 -0.032026
v 0.009000 -0.010580 -0.033915
v 0.010580 -0.005562 -0.039167
v 0.009912 -0.008172 -0.036947
v 0.015544 -0.005562 -0.036947
v 0.010580 -0.005562 -0.039167
v 0.016142 -0.002816 -0.038216
v 0.010988 -0.002816 -0.040522
v 0.009912 -0.008172 -0.036947
v 0.009000 -0.010580 -0.033915
v 0.014562 -0.008172 -0.034867
v 0.009912 -0.008172 -0.036947
v 0.014562 -0.008172 -0.034867
v 0.015544 -0.005562 -0.036947
v 0.009000 -0.010580 -0.033915
v 0.013222 -0.010580 -0.032026
v 0.014562 -0.008172 -0.034867
v 0.010580 -0.005562 -0.039167
v 0.015544 -0.005562 -0.036947
v 0.016142 -0.002816 -0.038216
v 0.013222 -0.010580 -0.032026
v 0.018854 -0.008172 -0.032026
v 0.014562 -0.008172 -0.034867
v 0.014562 -0.008172 -0.034867
v 0.018854 -0.008172 -0.032026
v 0.020125 -0.005562 -0.033915
v 0.014562 -0.008172 -0.034867
v 0.020125 -0.005562 -0.033915
v 0.015544 -0.005562 -0.036947
v 0.015544 -0.005562 -0.036947
v 0.020900 -0.002816 -0.035067
v 0.016142 -0.002816 -0.038216
v 0.007866 -0.012728 -0.030147
v 0.011557 -0.012728 -0.028496
v 0.013222 -0.010580 -0.032026
v 0.007866 -0.012728 -0.030147
v 0.008000 -0.013313 -0.028490
v 0.011557 -0.012728 -0.028496
v 0.011557 -0.012728 -0.028496
v 0.008000 -0.013313 -0.028490
v 0.009607 -0.014562 -0.024362
v 0.009607 -0.014562 -0.024362
v 0.008000 -0.015647 -0.020957
v 0.012438 -0.014562 -0.022489
v 0.011557 -0.012728 -0.028496
v 0.009607 -0.014562 -0.024362
v 0.014963 -0.012728 -0.026242
v 0.009607 -0.014562 -0.024362
v 0.012438 -0.014562 -0.022489
v 0.014963 -0.012728 -0.026242
v 0.013222 -0.010580 -0.032026
v 0.011557 -0.012728 -0.028496
v 0.017119 -0.010580 -0.029447
v 0.011557 -0.012728 -0.028496
v 0.014963 -0.012728 -0.026242
v 0.017119 -0.010580 -0.029447
v 0.014963 -0.012728 -0.026242
v 0.020594 -0.010580 -0.026242
v 0.017119 -0.010580 -0.029447
v 0.012438 -0.014562 -0.022489
v 0.018000 -0.012728 -0.023440
v 0.014963 -0.012728 -0.026242
v 0.012438 -0.014562 -0.022489
v 0.014963 -0.014562 -0.020160
v 0.018000 -0.012728 -0.023440
v 0.014963 -0.012728 -0.026242
v 0.018000 -0.012728 -0.023440
v 0.020594 -0.010580 -0.026242
v 0.014963 -0.014562 -0.020160
v 0.020594 -0.012728 -0.020160
v 0.018000 -0.012728 -0.023440
v 0.013222 -0.010580 -0.032026
v 0.017119 -0.010580 -0.029447
v 0.018854 -0.008172 -0.032026
v 0.000000 -0.017119 -0.016015
v 0.001322 -0.016560 -0.018818
v 0.000000 -0.016579 -0.018829
v 0.000000 -0.017119 -0.016015
v 0.001740 -0.017119 -0.015867
v 0.001322 -0.016560 -0.018818
v 0.001740 -0.017119 -0.015867
v 0.002172 -0.016547 -0.018811
v 0.001322 -0.016560 -0.018818
v 0.001740 -0.017119 -0.015867
v 0.003695 -0.016481 -0.018772
v 0.002172 -0.016547 -0.018811
v 0.001740 -0.017119 -0.015867
v 0.003438 -0.017119 -0.015427
v 0.003695 -0.016481 -0.018772
v 0.003438 -0.017119 -0.015427
v 0.004439 -0.016448 -0.018753
v 0.003695 -0.016481 -0.018772
v 0.000000 -0.017119 -0.016015
v 0.000024 -0.017769 -0.010160
v 0.001740 -0.017119 -0.015867
v 0.001740 -0.017119 -0.015867
v 0.000910 -0.017771 -0.010070
v 0.003438 -0.017119 -0.015427
v 0.000000 -0.017119 -0.016015
v 0.000000 -0.017769 -0.010163
v 0.000000 -0.017769 -0.010163
v 0.000000 -0.017119 -0.016015
v 0.000000 -0.017769 -0.010163
v 0.000024 -0.017769 -0.010160
v 0.001740 -0.017119 -0.015867
v 0.000024 -0.017769 -0.010160
v 0.000890 -0.017771 -0.010072
v 0.001740 -0.017119 -0.015867
v 0.000890 -0.017771 -0.010072
v 0.000910 -0.017771 -0.010070
v 0.003438 -0.017119 -0.015427
v 0.000910 -0.017771 -0.010070
v 0.001800 -0.017755 -0.009983
v 0.003438 -0.017119 -0.015427
v 0.001870 -0.017753 -0.009977
v 0.005050 -0.017119 -0.014705
v 0.003438 -0.017119 -0.015427
v 0.001800 -0.017755 -0.009983
v 0.001870 -0.017753 -0.009977
v 0.005050 -0.017119 -0.014705
v 0.001870 -0.017753 -0.009977
v 0.002780 -0.017719 -0.009893
v 0.005050 -0.017119 -0.014705
v 0.002780 -0.017719 -0.009893
v 0.002979 -0.017708 -0.009875
v 0.006539 -0.017119 -0.013720
v 0.002979 -0.017708 -0.009875
v 0.003451 -0.017683 -0.009834
v 0.003438 -0.017119 -0.015427
v 0.006441 -0.016304 -0.018670
v 0.004439 -0.016448 -0.018753
v 0.003438 -0.017119 -0.015427
v 0.005050 -0.017119 -0.014705
v 0.006441 -0.016304 -0.018670
v 0.005050 -0.017119 -0.014705
v 0.006912 -0.016270 -0.018650
v 0.006441 -0.016304 -0.018670
v 0.005050 -0.017119 -0.014705
v 0.008000 -0.016162 -0.018588
v 0.006912 -0.016270 -0.018650
v 0.009607 -0.016038 -0.018280
v 0.008000 -0.015647 -0.020957
v 0.008000 -0.016038 -0.019343
v 0.009607 -0.016038 -0.018280
v 0.008000 -0.016038 -0.019343
v 0.008000 -0.016162 -0.018588
v 0.005050 -0.017119 -0.014705
v 0.009607 -0.016038 -0.018280
v 0.008000 -0.016162 -0.018588
v 0.005050 -0.017119 -0.014705
v 0.002979 -0.017708 -0.009875
v 0.006539 -0.017119 -0.013720
v 0.006539 -0.017119 -0.013720
v 0.003451 -0.017683 -0.009834
v 0.003707 -0.017669 -0.009812
v 0.006539 -0.017119 -0.013720
v 0.003707 -0.017669 -0.009812
v 0.003875 -0.017663 -0.009760
v 0.006539 -0.017119 -0.013720
v 0.003875 -0.017663 -0.009760
v 0.004241 -0.017644 -0.009651
v 0.006539 -0.017119 -0.013720
v 0.004241 -0.017644 -0.009651
v 0.007866 -0.017119 -0.012496
v 0.007866 -0.017119 -0.012496
v 0.004241 -0.017644 -0.009651
v 0.005017 -0.017603 -0.009418
v 0.007866 -0.017119 -0.012496
v 0.005017 -0.017603 -0.009418
v 0.005665 -0.017557 -0.009227
v 0.005050 -0.017119 -0.014705
v 0.006539 -0.017119 -0.013720
v 0.009607 -0.016038 -0.018280
v 0.006539 -0.017119 -0.013720
v 0.007866 -0.017119 -0.012496
v 0.011557 -0.016038 -0.016481
v 0.007866 -0.017119 -0.012496
v 0.005665 -0.017557 -0.009227
v 0.009000 -0.017119 -0.011062
v 0.009000 -0.017119 -0.011062
v 0.005665 -0.017557 -0.009227
v 0.006389 -0.017506 -0.009013
v 0.009000 -0.017119 -0.011062
v 0.006389 -0.017506 -0.009013
v 0.007023 -0.017452 -0.008828
v 0.009000 -0.017119 -0.011062
v 0.007023 -0.017452 -0.008828
v 0.007271 -0.017431 -0.008756
v 0.009000 -0.017119 -0.011062
v 0.007271 -0.017431 -0.008756
v 0.007529 -0.017412 -0.008618
v 0.009000 -0.017119 -0.011062
v 0.007529 -0.017412 -0.008618
v 0.009912 -0.017119 -0.009455
v 0.009912 -0.017119 -0.009455
v 0.007529 -0.017412 -0.008618
v 0.007967 -0.017381 -0.008384
v 0.012438 -0.014562 -0.022489
v 0.008000 -0.015647 -0.020957
v 0.009607 -0.016038 -0.018280
v 0.006539 -0.017119 -0.013720
v 0.011557 -0.016038 -0.016481
v 0.009607 -0.016038 -0.018280
v 0.012438 -0.014562 -0.022489
v 0.009607 -0.016038 -0.018280
v 0.014963 -0.014562 -0.020160
v 0.009607 -0.016038 -0.018280
v 0.011557 -0.016038 -0.016481
v 0.014963 -0.014562 -0.020160
v 0.007866 -0.017119 -0.012496
v 0.013222 -0.016038 -0.014375
v 0.011557 -0.016038 -0.016481
v 0.007866 -0.017119 -0.012496
v 0.009000 -0.017119 -0.011062
v 0.013222 -0.016038 -0.014375
v 0.009000 -0.017119 -0.011062
v 0.009912 -0.017119 -0.009455
v 0.014562 -0.016038 -0.012013
v 0.009000 -0.017119 -0.011062
v 0.014562 -0.016038 -0.012013
v 0.013222 -0.016038 -0.014375
v 0.014562 -0.016038 -0.012013
v 0.009912 -0.017119 -0.009455
v 0.015544 -0.016038 -0.009455
v 0.011557 -0.016038 -0.016481
v 0.017119 -0.014562 -0.017433
v 0.014963 -0.014562 -0.020160
v 0.011557 -0.016038 -0.016481
v 0.013222 -0.016038 -0.014375
v 0.017119 -0.014562 -0.017433
v 0.014963 -0.014562 -0.020160
v 0.017119 -0.014562 -0.017433
v 0.020594 -0.012728 -0.020160
v 0.013222 -0.016038 -0.014375
v 0.014562 -0.016038 -0.012013
v 0.018854 -0.014562 -0.014375
v 0.013222 -0.016038 -0.014375
v 0.018854 -0.014562 -0.014375
v 0.017119 -0.014562 -0.017433
v 0.014562 -0.016038 -0.012013
v 0.015544 -0.016038 -0.009455
v 0.020125 -0.014562 -0.011062
v 0.014562 -0.016038 -0.012013
v 0.020125 -0.014562 -0.011062
v 0.018854 -0.014562 -0.014375
v 0.009912 -0.017119 -0.009455
v 0.007967 -0.017381 -0.008384
v 0.009564 -0.017240 -0.007539
v 0.009912 -0.017119 -0.009455
v 0.009564 -0.017240 -0.007539
v 0.010580 -0.017119 -0.007713
v 0.010580 -0.017119 -0.007713
v 0.009564 -0.017240 -0.007539
v 0.009771 -0.017221 -0.007429
v 0.010580 -0.017119 -0.007713
v 0.009771 -0.017221 -0.007429
v 0.010320 -0.017164 -0.007140
v 0.010580 -0.017119 -0.007713
v 0.010320 -0.017164 -0.007140
v 0.010556 -0.017140 -0.007016
v 0.010580 -0.017119 -0.007713
v 0.010556 -0.017140 -0.007016
v 0.010775 -0.017119 -0.006836
v 0.010580 -0.017119 -0.007713
v 0.010775 -0.017119 -0.006836
v 0.011792 -0.016950 -0.006017
v 0.009912 -0.017119 -0.009455
v 0.010580 -0.017119 -0.007713
v 0.015544 -0.016038 -0.009455
v 0.010580 -0.017119 -0.007713
v 0.011792 -0.016950 -0.006017
v 0.016142 -0.016038 -0.006761
v 0.010580 -0.017119 -0.007713
v 0.016142 -0.016038 -0.006761
v 0.015544 -0.016038 -0.009455
v 0.016142 -0.016038 -0.006761
v 0.011792 -0.016950 -0.006017
v 0.012732 -0.016767 -0.005267
v 0.016142 -0.016038 -0.006761
v 0.012732 -0.016767 -0.005267
v 0.016344 -0.016038 -0.004000
v 0.015544 -0.016038 -0.009455
v 0.016142 -0.016038 -0.006761
v 0.020900 -0.014562 -0.007575
v 0.016142 -0.016038 -0.006761
v 0.016344 -0.016038 -0.004000
v 0.021160 -0.014562 -0.004000
v 0.016344 -0.016038 -0.004000
v 0.012732 -0.016767 -0.005267
v 0.013224 -0.016671 -0.004875
v 0.016344 -0.016038 -0.004000
v 0.013224 -0.016671 -0.004875
v 0.013435 -0.016630 -0.004707
v 0.016344 -0.016038 -0.004000
v 0.013435 -0.016630 -0.004707
v 0.014019 -0.016520 -0.004000
v 0.016344 -0.016038 -0.004000
v 0.014019 -0.016520 -0.004000
v 0.015617 -0.016160 -0.002080
v 0.016344 -0.016038 -0.004000
v 0.015617 -0.016160 -0.002080
v 0.015798 -0.016119 -0.001863
v 0.016344 -0.016038 -0.004000
v 0.015798 -0.016119 -0.001863
v 0.016142 -0.016038 -0.001239
v 0.016142 -0.016038 -0.001239
v 0.015798 -0.016119 -0.001863
v 0.016130 -0.016041 -0.001241
v 0.016142 -0.016038 -0.001239
v 0.016130 -0.016041 -0.001241
v 0.016139 -0.016038 -0.001224
v 0.016142 -0.016038 -0.001239
v 0.016139 -0.016038 -0.001224
v 0.017415 -0.015502 0.001103
v 0.016344 -0.016038 -0.004000
v 0.016142 -0.016038 -0.001239
v 0.020900 -0.014562 -0.000425
v 0.016142 -0.016038 -0.001239
v 0.017415 -0.015502 0.001103
v 0.017554 -0.015444 0.001357
v 0.000000 -0.002816 -0.042401
v 0.005632 0.000000 -0.042401
v 0.000000 0.000000 -0.042880
v 0.000000 0.000000 -0.042880
v 0.005562 0.002816 -0.041929
v 0.000000 0.002816 -0.042401
v 0.000000 -0.002816 -0.042401
v 0.005562 -0.002816 -0.041929
v 0.005632 0.000000 -0.042401
v 0.000000 0.000000 -0.042880
v 0.005632 0.000000 -0.042401
v 0.005562 0.002816 -0.041929
v 0.000000 0.002816 -0.042401
v 0.005562 0.002816 -0.041929
v 0.005356 0.005562 -0.040522
v 0.000000 0.002816 -0.042401
v 0.005356 0.005562 -0.040522
v 0.000000 0.005562 -0.040977
v 0.000000 0.005562 -0.040977
v 0.005018 0.008172 -0.038216
v 0.000000 0.008172 -0.038642
v 0.000000 0.005562 -0.040977
v 0.005356 0.005562 -0.040522
v 0.005018 0.008172 -0.038216
v 0.000000 0.008172 -0.038642
v 0.004556 0.010580 -0.035067
v 0.000000 0.010580 -0.035455
v 0.000000 0.010580 -0.035455
v 0.003982 0.012728 -0.031154
v 0.000000 0.012728 -0.031492
v 0.000000 0.008172 -0.038642
v 0.005018 0.008172 -0.038216
v 0.004556 0.010580 -0.035067
v 0.000000 0.010580 -0.035455
v 0.004556 0.010580 -0.035067
v 0.003982 0.012728 -0.031154
v 0.005562 -0.002816 -0.041929
v 0.011125 0.000000 -0.040977
v 0.005632 0.000000 -0.042401
v 0.005632 0.000000 -0.042401
v 0.010988 0.002816 -0.040522
v 0.005562 0.002816 -0.041929
v 0.005562 0.002816 -0.041929
v 0.010580 0.005562 -0.039167
v 0.005356 0.005562 -0.040522
v 0.005356 0.005562 -0.040522
v 0.009912 0.008172 -0.036947
v 0.005018 0.008172 -0.038216
v 0.005356 0.005562 -0.040522
v 0.010580 0.005562 -0.039167
v 0.009912 0.008172 -0.036947
v 0.005018 0.008172 -0.038216
v 0.009000 0.010580 -0.033915
v 0.004556 0.010580 -0.035067
v 0.004556 0.010580 -0.035067
v 0.007866 0.012728 -0.030147
v 0.003982 0.012728 -0.031154
v 0.005018 0.008172 -0.038216
v 0.009912 0.008172 -0.036947
v 0.009000 0.010580 -0.033915
v 0.004556 0.010580 -0.035067
v 0.009000 0.010580 -0.033915
v 0.007866 0.012728 -0.030147
v 0.000000 0.012728 -0.031492
v 0.003310 0.014562 -0.026572
v 0.000000 0.014562 -0.026853
v 0.000000 0.012728 -0.031492
v 0.003982 0.012728 -0.031154
v 0.003310 0.014562 -0.026572
v 0.000000 0.014562 -0.026853
v 0.003310 0.014562 -0.026572
v 0.002557 0.016038 -0.021434
v 0.000000 0.014562 -0.026853
v 0.002557 0.016038 -0.021434
v 0.000000 0.016038 -0.021651
v 0.003310 0.014562 -0.026572
v 0.005050 0.016038 -0.020787
v 0.002557 0.016038 -0.021434
v 0.003982 0.012728 -0.031154
v 0.006539 0.014562 -0.025735
v 0.003310 0.014562 -0.026572
v 0.003982 0.012728 -0.031154
v 0.007866 0.012728 -0.030147
v 0.006539 0.014562 -0.025735
v 0.007866 0.012728 -0.030147
v 0.009607 0.014562 -0.024362
v 0.006539 0.014562 -0.025735
v 0.003310 0.014562 -0.026572
v 0.006539 0.014562 -0.025735
v 0.005050 0.016038 -0.020787
v 0.006539 0.014562 -0.025735
v 0.007420 0.016038 -0.019727
v 0.005050 0.016038 -0.020787
v 0.006539 0.014562 -0.025735
v 0.009607 0.014562 -0.024362
v 0.007420 0.016038 -0.019727
v 0.009607 0.014562 -0.024362
v 0.009393 0.015684 -0.019880
v 0.007420 0.016038 -0.019727
v 0.005562 -0.002816 -0.041929
v 0.010988 -0.002816 -0.040522
v 0.011125 0.000000 -0.040977
v 0.005632 0.000000 -0.042401
v 0.011125 0.000000 -0.040977
v 0.010988 0.002816 -0.040522
v 0.005562 0.002816 -0.041929
v 0.010988 0.002816 -0.040522
v 0.010580 0.005562 -0.039167
v 0.010988 -0.002816 -0.040522
v 0.016344 0.000000 -0.038642
v 0.011125 0.000000 -0.040977
v 0.011125 0.000000 -0.040977
v 0.016142 0.002816 -0.038216
v 0.010988 0.002816 -0.040522
v 0.010988 0.002816 -0.040522
v 0.015544 0.005562 -0.036947
v 0.010580 0.005562 -0.039167
v 0.009912 0.008172 -0.036947
v 0.013222 0.010580 -0.032026
v 0.009000 0.010580 -0.033915
v 0.010580 0.005562 -0.039167
v 0.014562 0.008172 -0.034867
v 0.009912 0.008172 -0.036947
v 0.009912 0.008172 -0.036947
v 0.014562 0.008172 -0.034867
v 0.013222 0.010580 -0.032026
v 0.010988 -0.002816 -0.040522
v 0.016142 -0.002816 -0.038216
v 0.016344 0.000000 -0.038642
v 0.011125 0.000000 -0.040977
v 0.016344 0.000000 -0.038642
v 0.016142 0.002816 -0.038216
v 0.010988 0.002816 -0.040522
v 0.016142 0.002816 -0.038216
v 0.015544 0.005562 -0.036947
v 0.016142 -0.002816 -0.038216
v 0.021160 0.000000 -0.035455
v 0.016344 0.000000 -0.038642
v 0.016344 0.000000 -0.038642
v 0.020900 0.002816 -0.035067
v 0.016142 0.002816 -0.038216
v 0.010580 0.005562 -0.039167
v 0.015544 0.005562 -0.036947
v 0.014562 0.008172 -0.034867
v 0.013222 0.010580 -0.032026
v 0.014562 0.008172 -0.034867
v 0.017119 0.010580 -0.029447
v 0.016142 0.002816 -0.038216
v 0.020125 0.005562 -0.033915
v 0.015544 0.005562 -0.036947
v 0.014562 0.008172 -0.034867
v 0.015544 0.005562 -0.036947
v 0.018854 0.008172 -0.032026
v 0.014562 0.008172 -0.034867
v 0.018854 0.008172 -0.032026
v 0.017119 0.010580 -0.029447
v 0.007866 0.012728 -0.030147
v 0.009000 0.010580 -0.033915
v 0.011557 0.012728 -0.028496
v 0.009000 0.010580 -0.033915
v 0.013222 0.010580 -0.032026
v 0.011557 0.012728 -0.028496
v 0.013222 0.010580 -0.032026
v 0.014963 0.012728 -0.026242
v 0.011557 0.012728 -0.028496
v 0.013222 0.010580 -0.032026
v 0.017119 0.010580 -0.029447
v 0.014963 0.012728 -0.026242
v 0.017119 0.010580 -0.029447
v 0.018000 0.012728 -0.023440
v 0.014963 0.012728 -0.026242
v 0.007866 0.012728 -0.030147
v 0.011557 0.012728 -0.028496
v 0.009607 0.014562 -0.024362
v 0.011557 0.012728 -0.028496
v 0.012438 0.014562 -0.022489
v 0.009607 0.014562 -0.024362
v 0.009607 0.014562 -0.024362
v 0.010882 0.015373 -0.020177
v 0.009393 0.015684 -0.019880
v 0.009607 0.014562 -0.024362
v 0.012438 0.014562 -0.022489
v 0.010882 0.015373 -0.020177
v 0.011557 0.012728 -0.028496
v 0.014963 0.012728 -0.026242
v 0.012438 0.014562 -0.022489
v 0.012438 0.014562 -0.022489
v 0.014963 0.012728 -0.026242
v 0.014963 0.014562 -0.020160
v 0.014963 0.012728 -0.026242
v 0.018000 0.012728 -0.023440
v 0.014963 0.014562 -0.020160
v 0.000000 0.016038 -0.021651
v 0.002557 0.016038 -0.021434
v 0.001740 0.017119 -0.015867
v 0.000000 0.016038 -0.021651
v 0.001740 0.017119 -0.015867
v 0.000000 0.017119 -0.016015
v 0.002557 0.016038 -0.021434
v 0.005050 0.016038 -0.020787
v 0.003438 0.017119 -0.015427
v 0.002557 0.016038 -0.021434
v 0.003438 0.017119 -0.015427
v 0.001740 0.017119 -0.015867
v 0.000000 0.017119 -0.016015
v 0.001740 0.017119 -0.015867
v 0.000881 0.017778 -0.010007
v 0.000000 0.017119 -0.016015
v 0.000881 0.017778 -0.010007
v 0.000000 0.017778 -0.010082
v 0.001740 0.017119 -0.015867
v 0.001740 0.017778 -0.009784
v 0.000881 0.017778 -0.010007
v 0.001740 0.017119 -0.015867
v 0.003438 0.017119 -0.015427
v 0.001740 0.017778 -0.009784
v 0.003438 0.017119 -0.015427
v 0.005050 0.017119 -0.014705
v 0.002557 0.017778 -0.009419
v 0.003438 0.017119 -0.015427
v 0.002557 0.017778 -0.009419
v 0.001740 0.017778 -0.009784
v 0.005050 0.017119 -0.014705
v 0.003310 0.017778 -0.008921
v 0.002557 0.017778 -0.009419
v 0.003438 0.017119 -0.015427
v 0.005050 0.016038 -0.020787
v 0.005050 0.017119 -0.014705
v 0.005050 0.016038 -0.020787
v 0.007420 0.016038 -0.019727
v 0.005050 0.017119 -0.014705
v 0.007420 0.016038 -0.019727
v 0.007120 0.016418 -0.017607
v 0.005050 0.017119 -0.014705
v 0.005050 0.017119 -0.014705
v 0.007120 0.016418 -0.017607
v 0.006800 0.016717 -0.016000
v 0.007420 0.016038 -0.019727
v 0.009393 0.015684 -0.019880
v 0.008296 0.016038 -0.019147
v 0.007420 0.016038 -0.019727
v 0.008030 0.016096 -0.018970
v 0.007120 0.016418 -0.017607
v 0.007420 0.016038 -0.019727
v 0.008296 0.016038 -0.019147
v 0.008030 0.016096 -0.018970
v 0.005050 0.017119 -0.014705
v 0.006800 0.016717 -0.016000
v 0.006539 0.017119 -0.013720
v 0.005050 0.017119 -0.014705
v 0.006539 0.017119 -0.013720
v 0.003310 0.017778 -0.008921
v 0.006539 0.017119 -0.013720
v 0.003982 0.017778 -0.008301
v 0.003310 0.017778 -0.008921
v 0.006539 0.017119 -0.013720
v 0.007866 0.017119 -0.012496
v 0.003982 0.017778 -0.008301
v 0.006539 0.017119 -0.013720
v 0.006800 0.016717 -0.016000
v 0.007090 0.016925 -0.014540
v 0.006539 0.017119 -0.013720
v 0.007090 0.016925 -0.014540
v 0.007120 0.016942 -0.014393
v 0.006539 0.017119 -0.013720
v 0.007120 0.016942 -0.014393
v 0.007866 0.017119 -0.012496
v 0.007866 0.017119 -0.012496
v 0.007120 0.016942 -0.014393
v 0.008030 0.017019 -0.013030
v 0.007866 0.017119 -0.012496
v 0.009000 0.017119 -0.011062
v 0.004556 0.017778 -0.007575
v 0.007866 0.017119 -0.012496
v 0.008030 0.017019 -0.013030
v 0.008235 0.017011 -0.012893
v 0.007866 0.017119 -0.012496
v 0.008235 0.017011 -0.012893
v 0.009000 0.017119 -0.011062
v 0.009000 0.017119 -0.011062
v 0.008235 0.017011 -0.012893
v 0.009393 0.016925 -0.012120
v 0.000000 0.017778 -0.010082
v 0.000881 0.017778 -0.010007
v 0.000000 0.018000 -0.004000
v 0.000881 0.017778 -0.010007
v 0.001740 0.017778 -0.009784
v 0.000000 0.018000 -0.004000
v 0.001740 0.017778 -0.009784
v 0.002557 0.017778 -0.009419
v 0.000000 0.018000 -0.004000
v 0.002557 0.017778 -0.009419
v 0.003310 0.017778 -0.008921
v 0.000000 0.018000 -0.004000
v 0.003310 0.017778 -0.008921
v 0.003982 0.017778 -0.008301
v 0.000000 0.018000 -0.004000
v 0.003982 0.017778 -0.008301
v 0.004556 0.017778 -0.007575
v 0.000000 0.018000 -0.004000
v 0.000000 0.018000 -0.004000
v 0.004556 0.017778 -0.007575
v 0.005018 0.017778 -0.006761
v 0.000000 0.018000 -0.004000
v 0.005018 0.017778 -0.006761
v 0.005356 0.017778 -0.005879
v 0.000000 0.018000 -0.004000
v 0.005356 0.017778 -0.005879
v 0.005562 0.017778 -0.004951
v 0.000000 0.018000 -0.004000
v 0.000000 0.017818 0.001000
v 0.000000 0.017818 0.001000
v 0.000000 0.018000 -0.004000
v 0.000755 0.017810 0.001150
v 0.000000 0.017818 0.001000
v 0.000000 0.018000 -0.004000
v 0.001600 0.017796 0.001318
v 0.000755 0.017810 0.001150
v 0.000000 0.018000 -0.004000
v 0.001913 0.017789 0.001381
v 0.001600 0.017796 0.001318
v 0.000000 0.018000 -0.004000
v 0.002206 0.017778 0.001576
v 0.001913 0.017789 0.001381
v 0.000000 0.018000 -0.004000
v 0.002557 0.017778 0.001419
v 0.002206 0.017778 0.001576
v 0.000000 0.018000 -0.004000
v 0.003310 0.017778 0.000921
v 0.002557 0.017778 0.001419
v 0.000000 0.018000 -0.004000
v 0.005562 0.017778 -0.004951
v 0.005632 0.017778 -0.004000
v 0.000000 0.018000 -0.004000
v 0.005632 0.017778 -0.004000
v 0.005562 0.017778 -0.003049
v 0.000000 0.018000 -0.004000
v 0.005562 0.017778 -0.003049
v 0.005356 0.017778 -0.002121
v 0.000000 0.018000 -0.004000
v 0.005356 0.017778 -0.002121
v 0.005018 0.017778 -0.001239
v 0.000000 0.018000 -0.004000
v 0.003982 0.017778 0.000301
v 0.003310 0.017778 0.000921
v 0.000000 0.018000 -0.004000
v 0.005018 0.017778 -0.001239
v 0.004556 0.017778 -0.000425
v 0.000000 0.018000 -0.004000
v 0.004556 0.017778 -0.000425
v 0.003982 0.017778 0.000301
v 0.007866 0.017119 -0.012496
v 0.004556 0.017778 -0.007575
v 0.003982 0.017778 -0.008301
v 0.004556 0.017778 -0.007575
v 0.009000 0.017119 -0.011062
v 0.005018 0.017778 -0.006761
v 0.005018 0.017778 -0.006761
v 0.009000 0.017119 -0.011062
v 0.009912 0.017119 -0.009455
v 0.005356 0.017778 -0.005879
v 0.009912 0.017119 -0.009455
v 0.010580 0.017119 -0.007713
v 0.005018 0.017778 -0.006761
v 0.009912 0.017119 -0.009455
v 0.005356 0.017778 -0.005879
v 0.005356 0.017778 -0.005879
v 0.010580 0.017119 -0.007713
v 0.005562 0.017778 -0.004951
v 0.005562 0.017778 -0.004951
v 0.010988 0.017119 -0.005879
v 0.005632 0.017778 -0.004000
v 0.005018 0.017778 -0.001239
v 0.009912 0.017119 0.001455
v 0.004556 0.017778 -0.000425
v 0.005562 0.017778 -0.003049
v 0.005632 0.017778 -0.004000
v 0.011125 0.017119 -0.004000
v 0.005562 0.017778 -0.003049
v 0.010988 0.017119 -0.002121
v 0.005356 0.017778 -0.002121
v 0.005018 0.017778 -0.001239
v 0.005356 0.017778 -0.002121
v 0.010580 0.017119 -0.000287
v 0.005356 0.017778 -0.002121
v 0.010988 0.017119 -0.002121
v 0.010580 0.017119 -0.000287
v 0.005018 0.017778 -0.001239
v 0.010580 0.017119 -0.000287
v 0.009912 0.017119 0.001455
v 0.012438 0.014562 -0.022489
v 0.011000 0.015345 -0.020200
v 0.010882 0.015373 -0.020177
v 0.012438 0.014562 -0.022489
v 0.012607 0.015093 -0.019880
v 0.011000 0.015345 -0.020200
v 0.012438 0.014562 -0.022489
v 0.013903 0.015022 -0.019015
v 0.012607 0.015093 -0.019880
v 0.009000 0.017119 -0.011062
v 0.009393 0.016925 -0.012120
v 0.010155 0.016823 -0.011968
v 0.009000 0.017119 -0.011062
v 0.010155 0.016823 -0.011968
v 0.009912 0.017119 -0.009455
v 0.009912 0.017119 -0.009455
v 0.010155 0.016823 -0.011968
v 0.011000 0.016691 -0.011800
v 0.009912 0.017119 -0.009455
v 0.011000 0.016691 -0.011800
v 0.012607 0.016374 -0.012120
v 0.014562 0.016038 -0.012013
v 0.009912 0.017119 -0.009455
v 0.012607 0.016374 -0.012120
v 0.012438 0.014562 -0.022489
v 0.014963 0.014562 -0.020160
v 0.013903 0.015022 -0.019015
v 0.014963 0.014562 -0.020160
v 0.013970 0.015014 -0.018970
v 0.013903 0.015022 -0.019015
v 0.014963 0.014562 -0.020160
v 0.014880 0.015053 -0.017607
v 0.013970 0.015014 -0.018970
v 0.014963 0.014562 -0.020160
v 0.017119 0.014562 -0.017433
v 0.014880 0.015053 -0.017607
v 0.017119 0.014562 -0.017433
v 0.015200 0.015276 -0.016000
v 0.014880 0.015053 -0.017607
v 0.017119 0.014562 -0.017433
v 0.014880 0.015601 -0.014393
v 0.015183 0.015296 -0.015913
v 0.014963 0.014562 -0.020160
v 0.018000 0.012728 -0.023440
v 0.017119 0.014562 -0.017433
v 0.017119 0.014562 -0.017433
v 0.015183 0.015296 -0.015913
v 0.015200 0.015276 -0.016000
v 0.014562 0.016038 -0.012013
v 0.013978 0.016038 -0.013043
v 0.014880 0.015601 -0.014393
v 0.017119 0.014562 -0.017433
v 0.014562 0.016038 -0.012013
v 0.014880 0.015601 -0.014393
v 0.014562 0.016038 -0.012013
v 0.012607 0.016374 -0.012120
v 0.013970 0.016041 -0.013030
v 0.014562 0.016038 -0.012013
v 0.013970 0.016041 -0.013030
v 0.013978 0.016038 -0.013043
v 0.017119 0.014562 -0.017433
v 0.018854 0.014562 -0.014375
v 0.014562 0.016038 -0.012013
v 0.014562 0.016038 -0.012013
v 0.018854 0.014562 -0.014375
v 0.015544 0.016038 -0.009455
v 0.005562 0.017778 -0.004951
v 0.010580 0.017119 -0.007713
v 0.010988 0.017119 -0.005879
v 0.014562 0.016038 -0.012013
v 0.010580 0.017119 -0.007713
v 0.009912 0.017119 -0.009455
v 0.010580 0.017119 -0.007713
v 0.015544 0.016038 -0.009455
v 0.010988 0.017119 -0.005879
v 0.010988 0.017119 -0.005879
v 0.016142 0.016038 -0.006761
v 0.011125 0.017119 -0.004000
v 0.005632 0.017778 -0.004000
v 0.010988 0.017119 -0.005879
v 0.011125 0.017119 -0.004000
v 0.005562 0.017778 -0.003049
v 0.011125 0.017119 -0.004000
v 0.010988 0.017119 -0.002121
v 0.011125 0.017119 -0.004000
v 0.016344 0.016038 -0.004000
v 0.010988 0.017119 -0.002121
v 0.010988 0.017119 -0.002121
v 0.016142 0.016038 -0.001239
v 0.010580 0.017119 -0.000287
v 0.014562 0.016038 -0.012013
v 0.015544 0.016038 -0.009455
v 0.010580 0.017119 -0.007713
v 0.010988 0.017119 -0.005879
v 0.015544 0.016038 -0.009455
v 0.016142 0.016038 -0.006761
v 0.011125 0.017119 -0.004000
v 0.016142 0.016038 -0.006761
v 0.016344 0.016038 -0.004000
v 0.015544 0.016038 -0.009455
v 0.020125 0.014562 -0.011062
v 0.016142 0.016038 -0.006761
v 0.016142 0.016038 -0.006761
v 0.020900 0.014562 -0.007575
v 0.016344 0.016038 -0.004000
v 0.010988 0.017119 -0.002121
v 0.016344 0.016038 -0.004000
v 0.016142 0.016038 -0.001239
v 0.010580 0.017119 -0.000287
v 0.016142 0.016038 -0.001239
v 0.015544 0.016038 0.001455
v 0.016344 0.016038 -0.004000
v 0.021160 0.014562 -0.004000
v 0.016142 0.016038 -0.001239
v 0.016142 0.016038 -0.001239
v 0.020900 0.014562 -0.000425
v 0.015544 0.016038 0.001455
v 0.015544 -0.005562 -0.036947
v 0.020125 -0.005562 -0.033915
v 0.020900 -0.002816 -0.035067
v 0.018854 -0.008172 -0.032026
v 0.024210 -0.005562 -0.030147
v 0.020125 -0.005562 -0.033915
v 0.020125 -0.005562 -0.033915
v 0.025142 -0.002816 -0.031154
v 0.020900 -0.002816 -0.035067
v 0.018000 -0.012728 -0.023440
v 0.023562 -0.010580 -0.022489
v 0.020594 -0.010580 -0.026242
v 0.018000 -0.012728 -0.023440
v 0.020594 -0.012728 -0.020160
v 0.023562 -0.010580 -0.022489
v 0.017119 -0.010580 -0.029447
v 0.022681 -0.008172 -0.028496
v 0.018854 -0.008172 -0.032026
v 0.017119 -0.010580 -0.029447
v 0.020594 -0.010580 -0.026242
v 0.022681 -0.008172 -0.028496
v 0.018854 -0.008172 -0.032026
v 0.022681 -0.008172 -0.028496
v 0.024210 -0.005562 -0.030147
v 0.020125 -0.005562 -0.033915
v 0.024210 -0.005562 -0.030147
v 0.025142 -0.002816 -0.031154
v 0.022681 -0.008172 -0.028496
v 0.027699 -0.005562 -0.025735
v 0.024210 -0.005562 -0.030147
v 0.024210 -0.005562 -0.030147
v 0.028766 -0.002816 -0.026572
v 0.025142 -0.002816 -0.031154
v 0.024210 -0.005562 -0.030147
v 0.027699 -0.005562 -0.025735
v 0.028766 -0.002816 -0.026572
v 0.020594 -0.010580 -0.026242
v 0.025950 -0.008172 -0.024362
v 0.022681 -0.008172 -0.028496
v 0.020594 -0.010580 -0.026242
v 0.023562 -0.010580 -0.022489
v 0.025950 -0.008172 -0.024362
v 0.022681 -0.008172 -0.028496
v 0.025950 -0.008172 -0.024362
v 0.027699 -0.005562 -0.025735
v 0.023562 -0.010580 -0.022489
v 0.028580 -0.008172 -0.019727
v 0.025950 -0.008172 -0.024362
v 0.025950 -0.008172 -0.024362
v 0.028580 -0.008172 -0.019727
v 0.030506 -0.005562 -0.020787
v 0.025950 -0.008172 -0.024362
v 0.030506 -0.005562 -0.020787
v 0.027699 -0.005562 -0.025735
v 0.027699 -0.005562 -0.025735
v 0.031681 -0.002816 -0.021434
v 0.028766 -0.002816 -0.026572
v 0.027699 -0.005562 -0.025735
v 0.030506 -0.005562 -0.020787
v 0.031681 -0.002816 -0.021434
v 0.017119 -0.014562 -0.017433
v 0.022681 -0.012728 -0.016481
v 0.020594 -0.012728 -0.020160
v 0.017119 -0.014562 -0.017433
v 0.018854 -0.014562 -0.014375
v 0.022681 -0.012728 -0.016481
v 0.018854 -0.014562 -0.014375
v 0.024210 -0.012728 -0.012496
v 0.022681 -0.012728 -0.016481
v 0.018854 -0.014562 -0.014375
v 0.020125 -0.014562 -0.011062
v 0.024210 -0.012728 -0.012496
v 0.023562 -0.010580 -0.022489
v 0.020594 -0.012728 -0.020160
v 0.025950 -0.010580 -0.018280
v 0.020594 -0.012728 -0.020160
v 0.022681 -0.012728 -0.016481
v 0.025950 -0.010580 -0.018280
v 0.022681 -0.012728 -0.016481
v 0.027699 -0.010580 -0.013720
v 0.025950 -0.010580 -0.018280
v 0.020125 -0.014562 -0.011062
v 0.025142 -0.012728 -0.008301
v 0.024210 -0.012728 -0.012496
v 0.022681 -0.012728 -0.016481
v 0.024210 -0.012728 -0.012496
v 0.027699 -0.010580 -0.013720
v 0.024210 -0.012728 -0.012496
v 0.028766 -0.010580 -0.008921
v 0.027699 -0.010580 -0.013720
v 0.023562 -0.010580 -0.022489
v 0.025950 -0.010580 -0.018280
v 0.028580 -0.008172 -0.019727
v 0.015544 -0.016038 -0.009455
v 0.020900 -0.014562 -0.007575
v 0.020125 -0.014562 -0.011062
v 0.016142 -0.016038 -0.006761
v 0.021160 -0.014562 -0.004000
v 0.020900 -0.014562 -0.007575
v 0.020125 -0.014562 -0.011062
v 0.020900 -0.014562 -0.007575
v 0.025142 -0.012728 -0.008301
v 0.016344 -0.016038 -0.004000
v 0.020900 -0.014562 -0.000425
v 0.021160 -0.014562 -0.004000
v 0.016142 -0.016038 -0.001239
v 0.020125 -0.014562 0.003062
v 0.020900 -0.014562 -0.000425
v 0.021160 -0.014562 -0.004000
v 0.020900 -0.014562 -0.000425
v 0.025142 -0.012728 0.000301
v 0.020900 -0.014562 -0.007575
v 0.021160 -0.014562 -0.004000
v 0.025456 -0.012728 -0.004000
v 0.020900 -0.014562 -0.007575
v 0.025456 -0.012728 -0.004000
v 0.025142 -0.012728 -0.008301
v 0.024210 -0.012728 -0.012496
v 0.025142 -0.012728 -0.008301
v 0.028766 -0.010580 -0.008921
v 0.025142 -0.012728 -0.008301
v 0.025456 -0.012728 -0.004000
v 0.029125 -0.010580 -0.004000
v 0.021160 -0.014562 -0.004000
v 0.025142 -0.012728 0.000301
v 0.025456 -0.012728 -0.004000
v 0.025456 -0.012728 -0.004000
v 0.025142 -0.012728 0.000301
v 0.028766 -0.010580 0.000921
v 0.025950 -0.010580 -0.018280
v 0.030506 -0.008172 -0.014705
v 0.028580 -0.008172 -0.019727
v 0.028580 -0.008172 -0.019727
v 0.030506 -0.008172 -0.014705
v 0.032562 -0.005562 -0.015427
v 0.028580 -0.008172 -0.019727
v 0.032562 -0.005562 -0.015427
v 0.030506 -0.005562 -0.020787
v 0.025950 -0.010580 -0.018280
v 0.027699 -0.010580 -0.013720
v 0.030506 -0.008172 -0.014705
v 0.027699 -0.010580 -0.013720
v 0.031681 -0.008172 -0.009419
v 0.030506 -0.008172 -0.014705
v 0.027699 -0.010580 -0.013720
v 0.028766 -0.010580 -0.008921
v 0.031681 -0.008172 -0.009419
v 0.030506 -0.005562 -0.020787
v 0.033817 -0.002816 -0.015867
v 0.031681 -0.002816 -0.021434
v 0.030506 -0.005562 -0.020787
v 0.032562 -0.005562 -0.015427
v 0.033817 -0.002816 -0.015867
v 0.030506 -0.008172 -0.014705
v 0.031681 -0.008172 -0.009419
v 0.033817 -0.005562 -0.009784
v 0.030506 -0.008172 -0.014705
v 0.033817 -0.005562 -0.009784
v 0.032562 -0.005562 -0.015427
v 0.032562 -0.005562 -0.015427
v 0.035119 -0.002816 -0.010007
v 0.033817 -0.002816 -0.015867
v 0.032562 -0.005562 -0.015427
v 0.033817 -0.005562 -0.009784
v 0.035119 -0.002816 -0.010007
v 0.025142 -0.012728 -0.008301
v 0.029125 -0.010580 -0.004000
v 0.028766 -0.010580 -0.008921
v 0.025456 -0.012728 -0.004000
v 0.028766 -0.010580 0.000921
v 0.029125 -0.010580 -0.004000
v 0.028766 -0.010580 -0.008921
v 0.029125 -0.010580 -0.004000
v 0.032076 -0.008172 -0.004000
v 0.028766 -0.010580 -0.008921
v 0.032076 -0.008172 -0.004000
v 0.031681 -0.008172 -0.009419
v 0.029125 -0.010580 -0.004000
v 0.031681 -0.008172 0.001419
v 0.032076 -0.008172 -0.004000
v 0.029125 -0.010580 -0.004000
v 0.028766 -0.010580 0.000921
v 0.031681 -0.008172 0.001419
v 0.031681 -0.008172 -0.009419
v 0.032076 -0.008172 -0.004000
v 0.034238 -0.005562 -0.004000
v 0.031681 -0.008172 -0.009419
v 0.034238 -0.005562 -0.004000
v 0.033817 -0.005562 -0.009784
v 0.033817 -0.005562 -0.009784
v 0.035557 -0.002816 -0.004000
v 0.035119 -0.002816 -0.010007
v 0.033817 -0.005562 -0.009784
v 0.034238 -0.005562 -0.004000
v 0.035557 -0.002816 -0.004000
v 0.032076 -0.008172 -0.004000
v 0.031681 -0.008172 0.001419
v 0.033817 -0.005562 0.001784
v 0.032076 -0.008172 -0.004000
v 0.033817 -0.005562 0.001784
v 0.034238 -0.005562 -0.004000
v 0.034238 -0.005562 -0.004000
v 0.033817 -0.005562 0.001784
v 0.035119 -0.002816 0.002007
v 0.034238 -0.005562 -0.004000
v 0.035119 -0.002816 0.002007
v 0.035557 -0.002816 -0.004000
v 0.016142 -0.002816 -0.038216
v 0.020900 -0.002816 -0.035067
v 0.021160 0.000000 -0.035455
v 0.016142 0.002816 -0.038216
v 0.020900 0.002816 -0.035067
v 0.020125 0.005562 -0.033915
v 0.016344 0.000000 -0.038642
v 0.021160 0.000000 -0.035455
v 0.020900 0.002816 -0.035067
v 0.021160 0.000000 -0.035455
v 0.025142 0.002816 -0.031154
v 0.020900 0.002816 -0.035067
v 0.015544 0.005562 -0.036947
v 0.020125 0.005562 -0.033915
v 0.018854 0.008172 -0.032026
v 0.020900 0.002816 -0.035067
v 0.024210 0.005562 -0.030147
v 0.020125 0.005562 -0.033915
v 0.020900 -0.002816 -0.035067
v 0.025456 0.000000 -0.031492
v 0.021160 0.000000 -0.035455
v 0.020900 -0.002816 -0.035067
v 0.025142 -0.002816 -0.031154
v 0.025456 0.000000 -0.031492
v 0.020900 0.002816 -0.035067
v 0.025142 0.002816 -0.031154
v 0.024210 0.005562 -0.030147
v 0.021160 0.000000 -0.035455
v 0.025456 0.000000 -0.031492
v 0.025142 0.002816 -0.031154
v 0.017119 0.010580 -0.029447
v 0.018854 0.008172 -0.032026
v 0.020594 0.010580 -0.026242
v 0.018854 0.008172 -0.032026
v 0.020125 0.005562 -0.033915
v 0.022681 0.008172 -0.028496
v 0.020125 0.005562 -0.033915
v 0.024210 0.005562 -0.030147
v 0.022681 0.008172 -0.028496
v 0.018854 0.008172 -0.032026
v 0.022681 0.008172 -0.028496
v 0.020594 0.010580 -0.026242
v 0.017119 0.010580 -0.029447
v 0.020594 0.010580 -0.026242
v 0.018000 0.012728 -0.023440
v 0.020594 0.010580 -0.026242
v 0.020594 0.012728 -0.020160
v 0.018000 0.012728 -0.023440
v 0.020594 0.010580 -0.026242
v 0.022681 0.008172 -0.028496
v 0.023562 0.010580 -0.022489
v 0.020594 0.010580 -0.026242
v 0.023562 0.010580 -0.022489
v 0.020594 0.012728 -0.020160
v 0.025142 -0.002816 -0.031154
v 0.029125 0.000000 -0.026853
v 0.025456 0.000000 -0.031492
v 0.025456 0.000000 -0.031492
v 0.028766 0.002816 -0.026572
v 0.025142 0.002816 -0.031154
v 0.024210 0.005562 -0.030147
v 0.025950 0.008172 -0.024362
v 0.022681 0.008172 -0.028496
v 0.025142 0.002816 -0.031154
v 0.027699 0.005562 -0.025735
v 0.024210 0.005562 -0.030147
v 0.024210 0.005562 -0.030147
v 0.027699 0.005562 -0.025735
v 0.025950 0.008172 -0.024362
v 0.022681 0.008172 -0.028496
v 0.025950 0.008172 -0.024362
v 0.023562 0.010580 -0.022489
v 0.023562 0.010580 -0.022489
v 0.025950 0.008172 -0.024362
v 0.025950 0.010580 -0.018280
v 0.025142 -0.002816 -0.031154
v 0.028766 -0.002816 -0.026572
v 0.029125 0.000000 -0.026853
v 0.025456 0.000000 -0.031492
v 0.029125 0.000000 -0.026853
v 0.028766 0.002816 -0.026572
v 0.025142 0.002816 -0.031154
v 0.028766 0.002816 -0.026572
v 0.027699 0.005562 -0.025735
v 0.029125 0.000000 -0.026853
v 0.028766 -0.002816 -0.026572
v 0.032076 0.000000 -0.021651
v 0.028766 -0.002816 -0.026572
v 0.031681 -0.002816 -0.021434
v 0.032076 0.000000 -0.021651
v 0.029125 0.000000 -0.026853
v 0.031681 0.002816 -0.021434
v 0.028766 0.002816 -0.026572
v 0.028766 0.002816 -0.026572
v 0.031681 0.002816 -0.021434
v 0.030506 0.005562 -0.020787
v 0.029125 0.000000 -0.026853
v 0.032076 0.000000 -0.021651
v 0.031681 0.002816 -0.021434
v 0.028766 0.002816 -0.026572
v 0.030506 0.005562 -0.020787
v 0.027699 0.005562 -0.025735
v 0.025950 0.008172 -0.024362
v 0.027699 0.005562 -0.025735
v 0.028580 0.008172 -0.019727
v 0.027699 0.005562 -0.025735
v 0.030506 0.005562 -0.020787
v 0.028580 0.008172 -0.019727
v 0.023562 0.010580 -0.022489
v 0.022681 0.012728 -0.016481
v 0.020594 0.012728 -0.020160
v 0.023562 0.010580 -0.022489
v 0.025950 0.010580 -0.018280
v 0.022681 0.012728 -0.016481
v 0.025950 0.010580 -0.018280
v 0.024210 0.012728 -0.012496
v 0.022681 0.012728 -0.016481
v 0.025950 0.008172 -0.024362
v 0.028580 0.008172 -0.019727
v 0.025950 0.010580 -0.018280
v 0.025950 0.010580 -0.018280
v 0.027699 0.010580 -0.013720
v 0.024210 0.012728 -0.012496
v 0.024210 0.012728 -0.012496
v 0.027699 0.010580 -0.013720
v 0.025142 0.012728 -0.008301
v 0.025142 0.012728 -0.008301
v 0.028766 0.010580 -0.008921
v 0.025456 0.012728 -0.004000
v 0.025456 0.012728 -0.004000
v 0.029125 0.010580 -0.004000
v 0.025142 0.012728 0.000301
v 0.017119 0.014562 -0.017433
v 0.018000 0.012728 -0.023440
v 0.020594 0.012728 -0.020160
v 0.017119 0.014562 -0.017433
v 0.020594 0.012728 -0.020160
v 0.018854 0.014562 -0.014375
v 0.020594 0.012728 -0.020160
v 0.022681 0.012728 -0.016481
v 0.018854 0.014562 -0.014375
v 0.015544 0.016038 -0.009455
v 0.018854 0.014562 -0.014375
v 0.020125 0.014562 -0.011062
v 0.018854 0.014562 -0.014375
v 0.022681 0.012728 -0.016481
v 0.020125 0.014562 -0.011062
v 0.020125 0.014562 -0.011062
v 0.022681 0.012728 -0.016481
v 0.024210 0.012728 -0.012496
v 0.020125 0.014562 -0.011062
v 0.024210 0.012728 -0.012496
v 0.020900 0.014562 -0.007575
v 0.016142 0.016038 -0.006761
v 0.020125 0.014562 -0.011062
v 0.020900 0.014562 -0.007575
v 0.016344 0.016038 -0.004000
v 0.020900 0.014562 -0.007575
v 0.021160 0.014562 -0.004000
v 0.020900 0.014562 -0.007575
v 0.025142 0.012728 -0.008301
v 0.021160 0.014562 -0.004000
v 0.016142 0.016038 -0.001239
v 0.021160 0.014562 -0.004000
v 0.020900 0.014562 -0.000425
v 0.024210 0.012728 -0.012496
v 0.025142 0.012728 -0.008301
v 0.020900 0.014562 -0.007575
v 0.021160 0.014562 -0.004000
v 0.025142 0.012728 -0.008301
v 0.025456 0.012728 -0.004000
v 0.021160 0.014562 -0.004000
v 0.025456 0.012728 -0.004000
v 0.020900 0.014562 -0.000425
v 0.020900 0.014562 -0.000425
v 0.025456 0.012728 -0.004000
v 0.025142 0.012728 0.000301
v 0.025950 0.010580 -0.018280
v 0.028580 0.008172 -0.019727
v 0.027699 0.010580 -0.013720
v 0.028580 0.008172 -0.019727
v 0.030506 0.008172 -0.014705
v 0.027699 0.010580 -0.013720
v 0.028580 0.008172 -0.019727
v 0.030506 0.005562 -0.020787
v 0.030506 0.008172 -0.014705
v 0.030506 0.005562 -0.020787
v 0.032562 0.005562 -0.015427
v 0.030506 0.008172 -0.014705
v 0.025142 0.012728 -0.008301
v 0.027699 0.010580 -0.013720
v 0.028766 0.010580 -0.008921
v 0.027699 0.010580 -0.013720
v 0.030506 0.008172 -0.014705
v 0.028766 0.010580 -0.008921
v 0.030506 0.008172 -0.014705
v 0.031681 0.008172 -0.009419
v 0.028766 0.010580 -0.008921
v 0.031681 -0.002816 -0.021434
v 0.034238 0.000000 -0.016015
v 0.032076 0.000000 -0.021651
v 0.031681 -0.002816 -0.021434
v 0.033817 -0.002816 -0.015867
v 0.034238 0.000000 -0.016015
v 0.032076 0.000000 -0.021651
v 0.033817 0.002816 -0.015867
v 0.031681 0.002816 -0.021434
v 0.032076 0.000000 -0.021651
v 0.034238 0.000000 -0.016015
v 0.033817 0.002816 -0.015867
v 0.031681 0.002816 -0.021434
v 0.033817 0.002816 -0.015867
v 0.032562 0.005562 -0.015427
v 0.033817 -0.002816 -0.015867
v 0.035557 0.000000 -0.010082
v 0.034238 0.000000 -0.016015
v 0.033817 -0.002816 -0.015867
v 0.035119 -0.002816 -0.010007
v 0.035557 0.000000 -0.010082
v 0.034238 0.000000 -0.016015
v 0.035119 0.002816 -0.010007
v 0.033817 0.002816 -0.015867
v 0.033817 0.002816 -0.015867
v 0.035119 0.002816 -0.010007
v 0.033817 0.005562 -0.009784
v 0.034238 0.000000 -0.016015
v 0.035557 0.000000 -0.010082
v 0.035119 0.002816 -0.010007
v 0.031681 0.002816 -0.021434
v 0.032562 0.005562 -0.015427
v 0.030506 0.005562 -0.020787
v 0.030506 0.008172 -0.014705
v 0.032562 0.005562 -0.015427
v 0.031681 0.008172 -0.009419
v 0.033817 0.002816 -0.015867
v 0.033817 0.005562 -0.009784
v 0.032562 0.005562 -0.015427
v 0.032562 0.005562 -0.015427
v 0.033817 0.005562 -0.009784
v 0.031681 0.008172 -0.009419
v 0.025456 0.012728 -0.004000
v 0.028766 0.010580 -0.008921
v 0.029125 0.010580 -0.004000
v 0.028766 0.010580 -0.008921
v 0.031681 0.008172 -0.009419
v 0.029125 0.010580 -0.004000
v 0.029125 0.010580 -0.004000
v 0.031681 0.008172 -0.009419
v 0.032076 0.008172 -0.004000
v 0.025142 0.012728 0.000301
v 0.029125 0.010580 -0.004000
v 0.028766 0.010580 0.000921
v 0.029125 0.010580 -0.004000
v 0.032076 0.008172 -0.004000
v 0.028766 0.010580 0.000921
v 0.032076 0.008172 -0.004000
v 0.031681 0.008172 0.001419
v 0.028766 0.010580 0.000921
v 0.035119 -0.002816 -0.010007
v 0.036000 0.000000 -0.004000
v 0.035557 0.000000 -0.010082
v 0.035119 -0.002816 -0.010007
v 0.035557 -0.002816 -0.004000
v 0.036000 0.000000 -0.004000
v 0.035557 0.000000 -0.010082
v 0.035557 0.002816 -0.004000
v 0.035119 0.002816 -0.010007
v 0.035557 0.000000 -0.010082
v 0.036000 0.000000 -0.004000
v 0.035557 0.002816 -0.004000
v 0.035119 0.002816 -0.010007
v 0.035557 0.002816 -0.004000
v 0.034238 0.005562 -0.004000
v 0.035557 -0.002816 -0.004000
v 0.035119 -0.002816 0.002007
v 0.035557 0.000000 0.002082
v 0.035557 -0.002816 -0.004000
v 0.035557 0.000000 0.002082
v 0.036000 0.000000 -0.004000
v 0.035557 0.002816 -0.004000
v 0.035119 0.002816 0.002007
v 0.033817 0.005562 0.001784
v 0.036000 0.000000 -0.004000
v 0.035119 0.002816 0.002007
v 0.035557 0.002816 -0.004000
v 0.036000 0.000000 -0.004000
v 0.035557 0.000000 0.002082
v 0.035119 0.002816 0.002007
v 0.031681 0.008172 -0.009419
v 0.033817 0.005562 -0.009784
v 0.032076 0.008172 -0.004000
v 0.033817 0.005562 -0.009784
v 0.034238 0.005562 -0.004000
v 0.032076 0.008172 -0.004000
v 0.035119 0.002816 -0.010007
v 0.034238 0.005562 -0.004000
v 0.033817 0.005562 -0.009784
v 0.032076 0.008172 -0.004000
v 0.034238 0.005562 -0.004000
v 0.031681 0.008172 0.001419
v 0.034238 0.005562 -0.004000
v 0.033817 0.005562 0.001784
v 0.031681 0.008172 0.001419
v 0.035557 0.002816 -0.004000
v 0.033817 0.005562 0.001784
v 0.034238 0.005562 -0.004000
v 0.016142 -0.016038 -0.001239
v 0.017554 -0.015444 0.001357
v 0.020125 -0.014562 0.003062
v 0.018000 -0.012728 0.015440
v 0.017881 -0.012975 0.014632
v 0.017725 -0.012894 0.015143
v 0.018000 -0.012728 0.015440
v 0.017725 -0.012894 0.015143
v 0.017657 -0.012846 0.015364
v 0.018000 -0.012728 0.015440
v 0.017554 -0.012775 0.015697
v 0.017388 -0.012728 0.016004
v 0.018000 -0.012728 0.015440
v 0.017657 -0.012846 0.015364
v 0.017554 -0.012775 0.015697
v 0.013222 -0.010580 0.024026
v 0.014170 -0.011750 0.020876
v 0.013674 -0.011627 0.021469
v 0.017119 -0.010580 0.021447
v 0.015592 -0.012101 0.019177
v 0.014170 -0.011750 0.020876
v 0.017119 -0.010580 0.021447
v 0.014170 -0.011750 0.020876
v 0.013222 -0.010580 0.024026
v 0.017119 -0.010580 0.021447
v 0.017388 -0.012728 0.016004
v 0.015971 -0.012193 0.018607
v 0.017119 -0.010580 0.021447
v 0.018000 -0.012728 0.015440
v 0.017388 -0.012728 0.016004
v 0.017119 -0.010580 0.021447
v 0.015798 -0.012127 0.018924
v 0.015592 -0.012101 0.019177
v 0.017119 -0.010580 0.021447
v 0.015971 -0.012193 0.018607
v 0.015798 -0.012127 0.018924
v 0.000000 -0.010580 0.027455
v 0.000181 -0.010678 0.027259
v 0.000000 -0.010676 0.027277
v 0.000000 -0.010580 0.027455
v 0.004556 -0.010580 0.027067
v 0.000181 -0.010678 0.027259
v 0.004556 -0.010580 0.027067
v 0.000405 -0.010680 0.027237
v 0.000181 -0.010678 0.027259
v 0.004556 -0.010580 0.027067
v 0.003707 -0.010706 0.026907
v 0.000405 -0.010680 0.027237
v 0.004556 -0.010580 0.027067
v 0.004094 -0.010748 0.026797
v 0.003707 -0.010706 0.026907
v 0.004556 -0.010580 0.027067
v 0.004499 -0.010792 0.026681
v 0.004094 -0.010748 0.026797
v 0.000000 -0.010580 0.027455
v 0.000000 -0.008172 0.030642
v 0.004556 -0.010580 0.027067
v 0.000000 -0.008172 0.030642
v 0.000000 -0.005562 0.032977
v 0.005018 -0.008172 0.030216
v 0.000000 -0.008172 0.030642
v 0.005018 -0.008172 0.030216
v 0.004556 -0.010580 0.027067
v 0.000000 -0.005562 0.032977
v 0.005356 -0.005562 0.032522
v 0.005018 -0.008172 0.030216
v 0.009000 -0.010580 0.025915
v 0.007621 -0.010910 0.025649
v 0.007271 -0.010862 0.025830
v 0.009000 -0.010580 0.025915
v 0.008745 -0.011063 0.025068
v 0.007621 -0.010910 0.025649
v 0.004556 -0.010580 0.027067
v 0.004898 -0.010802 0.026559
v 0.004499 -0.010792 0.026681
v 0.004556 -0.010580 0.027067
v 0.007271 -0.010862 0.025830
v 0.004898 -0.010802 0.026559
v 0.004556 -0.010580 0.027067
v 0.009000 -0.010580 0.025915
v 0.007271 -0.010862 0.025830
v 0.004556 -0.010580 0.027067
v 0.005018 -0.008172 0.030216
v 0.009000 -0.010580 0.025915
v 0.005018 -0.008172 0.030216
v 0.009912 -0.008172 0.028947
v 0.009000 -0.010580 0.025915
v 0.005018 -0.008172 0.030216
v 0.005356 -0.005562 0.032522
v 0.009912 -0.008172 0.028947
v 0.005356 -0.005562 0.032522
v 0.005562 -0.002816 0.033929
v 0.010580 -0.005562 0.031167
v 0.005356 -0.005562 0.032522
v 0.010580 -0.005562 0.031167
v 0.009912 -0.008172 0.028947
v 0.000000 -0.005562 0.032977
v 0.000000 -0.002816 0.034401
v 0.005356 -0.005562 0.032522
v 0.005356 -0.005562 0.032522
v 0.000000 -0.002816 0.034401
v 0.005562 -0.002816 0.033929
v 0.009000 -0.010580 0.025915
v 0.010556 -0.011148 0.024088
v 0.009624 -0.011104 0.024592
v 0.009000 -0.010580 0.025915
v 0.009624 -0.011104 0.024592
v 0.008745 -0.011063 0.025068
v 0.013222 -0.010580 0.024026
v 0.012512 -0.011496 0.022520
v 0.010855 -0.011201 0.023848
v 0.013222 -0.010580 0.024026
v 0.010855 -0.011201 0.023848
v 0.010556 -0.011148 0.024088
v 0.013222 -0.010580 0.024026
v 0.013435 -0.011568 0.021755
v 0.012512 -0.011496 0.022520
v 0.013222 -0.010580 0.024026
v 0.013674 -0.011627 0.021469
v 0.013435 -0.011568 0.021755
v 0.009000 -0.010580 0.025915
v 0.013222 -0.010580 0.024026
v 0.010556 -0.011148 0.024088
v 0.009000 -0.010580 0.025915
v 0.009912 -0.008172 0.028947
v 0.013222 -0.010580 0.024026
v 0.013222 -0.010580 0.024026
v 0.009912 -0.008172 0.028947
v 0.014562 -0.008172 0.026867
v 0.010580 -0.005562 0.031167
v 0.005562 -0.002816 0.033929
v 0.010988 -0.002816 0.032522
v 0.009912 -0.008172 0.028947
v 0.010580 -0.005562 0.031167
v 0.014562 -0.008172 0.026867
v 0.010580 -0.005562 0.031167
v 0.010988 -0.002816 0.032522
v 0.015544 -0.005562 0.028947
v 0.017119 -0.010580 0.021447
v 0.013222 -0.010580 0.024026
v 0.014562 -0.008172 0.026867
v 0.017119 -0.010580 0.021447
v 0.014562 -0.008172 0.026867
v 0.018854 -0.008172 0.024026
v 0.014562 -0.008172 0.026867
v 0.015544 -0.005562 0.028947
v 0.018854 -0.008172 0.024026
v 0.010580 -0.005562 0.031167
v 0.015544 -0.005562 0.028947
v 0.014562 -0.008172 0.026867
v 0.015544 -0.005562 0.028947
v 0.010988 -0.002816 0.032522
v 0.016142 -0.002816 0.030216
v 0.015544 -0.005562 0.028947
v 0.016142 -0.002816 0.030216
v 0.020125 -0.005562 0.025915
v 0.002557 0.017778 0.001419
v 0.002826 0.017707 0.001991
v 0.002206 0.017778 0.001576
v 0.002557 0.017778 0.001419
v 0.003310 0.017778 0.000921
v 0.003536 0.017617 0.002464
v 0.002557 0.017778 0.001419
v 0.003536 0.017617 0.002464
v 0.002826 0.017707 0.001991
v 0.003310 0.017778 0.000921
v 0.004619 0.017395 0.004087
v 0.003536 0.017617 0.002464
v 0.005050 0.016038 0.012787
v 0.002123 0.016612 0.010479
v 0.003536 0.016720 0.009536
v 0.005050 0.016038 0.012787
v 0.003536 0.016720 0.009536
v 0.003906 0.016805 0.008982
v 0.003982 0.017778 0.000301
v 0.007866 0.017119 0.004496
v 0.003310 0.017778 0.000921
v 0.003982 0.017778 0.000301
v 0.004556 0.017778 -0.000425
v 0.009000 0.017119 0.003062
v 0.003310 0.017778 0.000921
v 0.006539 0.017119 0.005720
v 0.004619 0.017395 0.004087
v 0.006539 0.017119 0.005720
v 0.005000 0.017189 0.006000
v 0.004619 0.017395 0.004087
v 0.003310 0.017778 0.000921
v 0.007866 0.017119 0.004496
v 0.006539 0.017119 0.005720
v 0.004556 0.017778 -0.000425
v 0.009912 0.017119 0.001455
v 0.009000 0.017119 0.003062
v 0.003982 0.017778 0.000301
v 0.009000 0.017119 0.003062
v 0.007866 0.017119 0.004496
v 0.005050 0.017119 0.006705
v 0.004841 0.017119 0.006799
v 0.004916 0.017154 0.006421
v 0.005050 0.017119 0.006705
v 0.004619 0.016939 0.007913
v 0.004841 0.017119 0.006799
v 0.006539 0.017119 0.005720
v 0.004916 0.017154 0.006421
v 0.005000 0.017189 0.006000
v 0.006539 0.017119 0.005720
v 0.005050 0.017119 0.006705
v 0.004916 0.017154 0.006421
v 0.007420 0.016038 0.011727
v 0.003906 0.016805 0.008982
v 0.004619 0.016939 0.007913
v 0.005050 0.016038 0.012787
v 0.003906 0.016805 0.008982
v 0.007420 0.016038 0.011727
v 0.005050 0.017119 0.006705
v 0.007420 0.016038 0.011727
v 0.004619 0.016939 0.007913
v 0.006539 0.017119 0.005720
v 0.009607 0.016038 0.010280
v 0.005050 0.017119 0.006705
v 0.006539 0.017119 0.005720
v 0.007866 0.017119 0.004496
v 0.011557 0.016038 0.008481
v 0.005050 0.017119 0.006705
v 0.009607 0.016038 0.010280
v 0.007420 0.016038 0.011727
v 0.000000 0.016038 0.013651
v 0.002557 0.016038 0.013434
v 0.003310 0.014562 0.018572
v 0.000000 0.016038 0.013651
v 0.000000 0.016547 0.011000
v 0.002557 0.016038 0.013434
v 0.002557 0.016038 0.013434
v 0.000000 0.016547 0.011000
v 0.001913 0.016588 0.010619
v 0.002557 0.016038 0.013434
v 0.001913 0.016588 0.010619
v 0.002123 0.016612 0.010479
v 0.002557 0.016038 0.013434
v 0.006539 0.014562 0.017735
v 0.003310 0.014562 0.018572
v 0.002557 0.016038 0.013434
v 0.002123 0.016612 0.010479
v 0.005050 0.016038 0.012787
v 0.000000 0.016038 0.013651
v 0.003310 0.014562 0.018572
v 0.000000 0.014562 0.018853
v 0.000000 0.014562 0.018853
v 0.003982 0.012728 0.023154
v 0.000000 0.012728 0.023492
v 0.000000 0.014562 0.018853
v 0.003310 0.014562 0.018572
v 0.003982 0.012728 0.023154
v 0.002557 0.016038 0.013434
v 0.005050 0.016038 0.012787
v 0.006539 0.014562 0.017735
v 0.005050 0.016038 0.012787
v 0.007420 0.016038 0.011727
v 0.009607 0.014562 0.016362
v 0.005050 0.016038 0.012787
v 0.009607 0.014562 0.016362
v 0.006539 0.014562 0.017735
v 0.003310 0.014562 0.018572
v 0.006539 0.014562 0.017735
v 0.007866 0.012728 0.022147
v 0.003310 0.014562 0.018572
v 0.007866 0.012728 0.022147
v 0.003982 0.012728 0.023154
v 0.006539 0.014562 0.017735
v 0.011557 0.012728 0.020496
v 0.007866 0.012728 0.022147
v 0.007866 0.012728 0.022147
v 0.011557 0.012728 0.020496
v 0.013222 0.010580 0.024026
v 0.017119 0.010580 0.021447
v 0.011557 0.012728 0.020496
v 0.014963 0.012728 0.018242
v 0.017119 0.010580 0.021447
v 0.013222 0.010580 0.024026
v 0.011557 0.012728 0.020496
v 0.014963 0.012728 0.018242
v 0.018000 0.012728 0.015440
v 0.020594 0.010580 0.018242
v 0.017119 0.010580 0.021447
v 0.014963 0.012728 0.018242
v 0.020594 0.010580 0.018242
v 0.009912 0.017119 0.001455
v 0.014562 0.016038 0.004013
v 0.009000 0.017119 0.003062
v 0.007866 0.017119 0.004496
v 0.009000 0.017119 0.003062
v 0.013222 0.016038 0.006375
v 0.010580 0.017119 -0.000287
v 0.015544 0.016038 0.001455
v 0.009912 0.017119 0.001455
v 0.009912 0.017119 0.001455
v 0.015544 0.016038 0.001455
v 0.014562 0.016038 0.004013
v 0.009000 0.017119 0.003062
v 0.014562 0.016038 0.004013
v 0.013222 0.016038 0.006375
v 0.006539 0.017119 0.005720
v 0.011557 0.016038 0.008481
v 0.009607 0.016038 0.010280
v 0.007866 0.017119 0.004496
v 0.013222 0.016038 0.006375
v 0.011557 0.016038 0.008481
v 0.009607 0.016038 0.010280
v 0.011557 0.016038 0.008481
v 0.014963 0.014562 0.012160
v 0.013222 0.016038 0.006375
v 0.014562 0.016038 0.004013
v 0.018854 0.014562 0.006375
v 0.015544 0.016038 0.001455
v 0.020125 0.014562 0.003062
v 0.014562 0.016038 0.004013
v 0.014562 0.016038 0.004013
v 0.020125 0.014562 0.003062
v 0.018854 0.014562 0.006375
v 0.011557 0.016038 0.008481
v 0.013222 0.016038 0.006375
v 0.017119 0.014562 0.009433
v 0.011557 0.016038 0.008481
v 0.017119 0.014562 0.009433
v 0.014963 0.014562 0.012160
v 0.013222 0.016038 0.006375
v 0.018854 0.014562 0.006375
v 0.017119 0.014562 0.009433
v 0.017119 0.014562 0.009433
v 0.020594 0.012728 0.012160
v 0.014963 0.014562 0.012160
v 0.007420 0.016038 0.011727
v 0.009607 0.016038 0.010280
v 0.012438 0.014562 0.014489
v 0.007420 0.016038 0.011727
v 0.012438 0.014562 0.014489
v 0.009607 0.014562 0.016362
v 0.009607 0.016038 0.010280
v 0.014963 0.014562 0.012160
v 0.012438 0.014562 0.014489
v 0.009607 0.014562 0.016362
v 0.012438 0.014562 0.014489
v 0.014963 0.012728 0.018242
v 0.006539 0.014562 0.017735
v 0.009607 0.014562 0.016362
v 0.011557 0.012728 0.020496
v 0.009607 0.014562 0.016362
v 0.014963 0.012728 0.018242
v 0.011557 0.012728 0.020496
v 0.012438 0.014562 0.014489
v 0.014963 0.014562 0.012160
v 0.018000 0.012728 0.015440
v 0.012438 0.014562 0.014489
v 0.018000 0.012728 0.015440
v 0.014963 0.012728 0.018242
v 0.014963 0.014562 0.012160
v 0.020594 0.012728 0.012160
v 0.018000 0.012728 0.015440
v 0.000000 0.010580 0.027455
v 0.000000 0.012728 0.023492
v 0.004556 0.010580 0.027067
v 0.004556 0.010580 0.027067
v 0.000000 0.012728 0.023492
v 0.003982 0.012728 0.023154
v 0.000000 0.005562 0.032977
v 0.000000 0.008172 0.030642
v 0.005356 0.005562 0.032522
v 0.000000 0.010580 0.027455
v 0.005018 0.008172 0.030216
v 0.000000 0.008172 0.030642
v 0.000000 0.008172 0.030642
v 0.005018 0.008172 0.030216
v 0.005356 0.005562 0.032522
v 0.000000 0.010580 0.027455
v 0.004556 0.010580 0.027067
v 0.005018 0.008172 0.030216
v 0.005356 0.005562 0.032522
v 0.010988 0.002816 0.032522
v 0.005562 0.002816 0.033929
v 0.004556 0.010580 0.027067
v 0.003982 0.012728 0.023154
v 0.009000 0.010580 0.025915
v 0.007866 0.012728 0.022147
v 0.009000 0.010580 0.025915
v 0.003982 0.012728 0.023154
v 0.004556 0.010580 0.027067
v 0.009000 0.010580 0.025915
v 0.009912 0.008172 0.028947
v 0.004556 0.010580 0.027067
v 0.009912 0.008172 0.028947
v 0.005018 0.008172 0.030216
v 0.005018 0.008172 0.030216
v 0.009912 0.008172 0.028947
v 0.010580 0.005562 0.031167
v 0.005018 0.008172 0.030216
v 0.010580 0.005562 0.031167
v 0.005356 0.005562 0.032522
v 0.005356 0.005562 0.032522
v 0.010580 0.005562 0.031167
v 0.010988 0.002816 0.032522
v 0.000000 -0.002816 0.034401
v 0.000000 0.000000 0.034880
v 0.005562 -0.002816 0.033929
v 0.000000 0.000000 0.034880
v 0.000000 0.002816 0.034401
v 0.005632 0.000000 0.034401
v 0.000000 0.005562 0.032977
v 0.005562 0.002816 0.033929
v 0.000000 0.002816 0.034401
v 0.000000 0.000000 0.034880
v 0.005632 0.000000 0.034401
v 0.005562 -0.002816 0.033929
v 0.000000 0.002816 0.034401
v 0.005562 0.002816 0.033929
v 0.005632 0.000000 0.034401
v 0.000000 0.005562 0.032977
v 0.005356 0.005562 0.032522
v 0.005562 0.002816 0.033929
v 0.005562 -0.002816 0.033929
v 0.005632 0.000000 0.034401
v 0.010988 -0.002816 0.032522
v 0.005632 0.000000 0.034401
v 0.005562 0.002816 0.033929
v 0.011125 0.000000 0.032977
v 0.010988 -0.002816 0.032522
v 0.011125 0.000000 0.032977
v 0.016142 -0.002816 0.030216
v 0.011125 0.000000 0.032977
v 0.010988 0.002816 0.032522
v 0.016344 0.000000 0.030642
v 0.010988 0.002816 0.032522
v 0.010580 0.005562 0.031167
v 0.016142 0.002816 0.030216
v 0.007866 0.012728 0.022147
v 0.013222 0.010580 0.024026
v 0.009000 0.010580 0.025915
v 0.009000 0.010580 0.025915
v 0.014562 0.008172 0.026867
v 0.009912 0.008172 0.028947
v 0.009000 0.010580 0.025915
v 0.013222 0.010580 0.024026
v 0.014562 0.008172 0.026867
v 0.009912 0.008172 0.028947
v 0.015544 0.005562 0.028947
v 0.010580 0.005562 0.031167
v 0.009912 0.008172 0.028947
v 0.014562 0.008172 0.026867
v 0.015544 0.005562 0.028947
v 0.011125 0.000000 0.032977
v 0.016344 0.000000 0.030642
v 0.016142 -0.002816 0.030216
v 0.010988 0.002816 0.032522
v 0.016142 0.002816 0.030216
v 0.016344 0.000000 0.030642
v 0.016142 -0.002816 0.030216
v 0.016344 0.000000 0.030642
v 0.020900 -0.002816 0.027067
v 0.016344 0.000000 0.030642
v 0.016142 0.002816 0.030216
v 0.021160 0.000000 0.027455
v 0.016142 0.002816 0.030216
v 0.015544 0.005562 0.028947
v 0.020900 0.002816 0.027067
v 0.013222 0.010580 0.024026
v 0.018854 0.008172 0.024026
v 0.014562 0.008172 0.026867
v 0.014562 0.008172 0.026867
v 0.020125 0.005562 0.025915
v 0.015544 0.005562 0.028947
v 0.014562 0.008172 0.026867
v 0.018854 0.008172 0.024026
v 0.020125 0.005562 0.025915
v 0.017119 0.010580 0.021447
v 0.018854 0.008172 0.024026
v 0.013222 0.010580 0.024026
v 0.010580 0.005562 0.031167
v 0.015544 0.005562 0.028947
v 0.016142 0.002816 0.030216
v 0.005632 0.000000 0.034401
v 0.011125 0.000000 0.032977
v 0.010988 -0.002816 0.032522
v 0.005562 0.002816 0.033929
v 0.010988 0.002816 0.032522
v 0.011125 0.000000 0.032977
v 0.020125 -0.014562 0.003062
v 0.017554 -0.015444 0.001357
v 0.017828 -0.015302 0.002256
v 0.020125 -0.014562 0.003062
v 0.017828 -0.015302 0.002256
v 0.018635 -0.014788 0.004871
v 0.018854 -0.014562 0.006375
v 0.018635 -0.014788 0.004871
v 0.018771 -0.014599 0.006252
v 0.020125 -0.014562 0.003062
v 0.018635 -0.014788 0.004871
v 0.018854 -0.014562 0.006375
v 0.020900 -0.014562 -0.000425
v 0.020125 -0.014562 0.003062
v 0.024210 -0.012728 0.004496
v 0.020125 -0.014562 0.003062
v 0.018854 -0.014562 0.006375
v 0.022681 -0.012728 0.008481
v 0.020125 -0.014562 0.003062
v 0.022681 -0.012728 0.008481
v 0.024210 -0.012728 0.004496
v 0.018854 -0.014562 0.006375
v 0.018771 -0.014599 0.006252
v 0.018779 -0.014588 0.006334
v 0.018854 -0.014562 0.006375
v 0.018779 -0.014588 0.006334
v 0.018794 -0.014562 0.006481
v 0.018854 -0.014562 0.006375
v 0.018794 -0.014562 0.006481
v 0.018968 -0.014142 0.008202
v 0.018854 -0.014562 0.006375
v 0.018968 -0.014142 0.008202
v 0.019000 -0.014065 0.008515
v 0.018854 -0.014562 0.006375
v 0.019000 -0.014065 0.008515
v 0.020594 -0.012728 0.012160
v 0.020594 -0.012728 0.012160
v 0.019000 -0.014065 0.008515
v 0.018779 -0.013686 0.010735
v 0.018854 -0.014562 0.006375
v 0.020594 -0.012728 0.012160
v 0.022681 -0.012728 0.008481
v 0.020900 -0.014562 -0.000425
v 0.024210 -0.012728 0.004496
v 0.025142 -0.012728 0.000301
v 0.025142 -0.012728 0.000301
v 0.024210 -0.012728 0.004496
v 0.027699 -0.010580 0.005720
v 0.024210 -0.012728 0.004496
v 0.022681 -0.012728 0.008481
v 0.025950 -0.010580 0.010280
v 0.022681 -0.012728 0.008481
v 0.023562 -0.010580 0.014489
v 0.025950 -0.010580 0.010280
v 0.024210 -0.012728 0.004496
v 0.025950 -0.010580 0.010280
v 0.027699 -0.010580 0.005720
v 0.020594 -0.012728 0.012160
v 0.018635 -0.013365 0.012165
v 0.017881 -0.012975 0.014632
v 0.018000 -0.012728 0.015440
v 0.020594 -0.012728 0.012160
v 0.017881 -0.012975 0.014632
v 0.020594 -0.012728 0.012160
v 0.018779 -0.013686 0.010735
v 0.018668 -0.013438 0.011837
v 0.020594 -0.012728 0.012160
v 0.018668 -0.013438 0.011837
v 0.018635 -0.013365 0.012165
v 0.018000 -0.012728 0.015440
v 0.020594 -0.010580 0.018242
v 0.020594 -0.012728 0.012160
v 0.022681 -0.012728 0.008481
v 0.020594 -0.012728 0.012160
v 0.023562 -0.010580 0.014489
v 0.020594 -0.012728 0.012160
v 0.020594 -0.010580 0.018242
v 0.023562 -0.010580 0.014489
v 0.017119 -0.010580 0.021447
v 0.020594 -0.010580 0.018242
v 0.018000 -0.012728 0.015440
v 0.017119 -0.010580 0.021447
v 0.018854 -0.008172 0.024026
v 0.020594 -0.010580 0.018242
v 0.020594 -0.010580 0.018242
v 0.022681 -0.008172 0.020496
v 0.023562 -0.010580 0.014489
v 0.020594 -0.010580 0.018242
v 0.018854 -0.008172 0.024026
v 0.022681 -0.008172 0.020496
v 0.025950 -0.010580 0.010280
v 0.023562 -0.010580 0.014489
v 0.025950 -0.008172 0.016362
v 0.025950 -0.010580 0.010280
v 0.025950 -0.008172 0.016362
v 0.028580 -0.008172 0.011727
v 0.023562 -0.010580 0.014489
v 0.022681 -0.008172 0.020496
v 0.025950 -0.008172 0.016362
v 0.025950 -0.008172 0.016362
v 0.022681 -0.008172 0.020496
v 0.024210 -0.005562 0.022147
v 0.025950 -0.008172 0.016362
v 0.024210 -0.005562 0.022147
v 0.027699 -0.005562 0.017735
v 0.024210 -0.005562 0.022147
v 0.025142 -0.002816 0.023154
v 0.027699 -0.005562 0.017735
v 0.025142 -0.012728 0.000301
v 0.027699 -0.010580 0.005720
v 0.028766 -0.010580 0.000921
v 0.028766 -0.010580 0.000921
v 0.027699 -0.010580 0.005720
v 0.030506 -0.008172 0.006705
v 0.028766 -0.010580 0.000921
v 0.030506 -0.008172 0.006705
v 0.031681 -0.008172 0.001419
v 0.027699 -0.010580 0.005720
v 0.028580 -0.008172 0.011727
v 0.030506 -0.008172 0.006705
v 0.025950 -0.010580 0.010280
v 0.028580 -0.008172 0.011727
v 0.027699 -0.010580 0.005720
v 0.030506 -0.008172 0.006705
v 0.028580 -0.008172 0.011727
v 0.030506 -0.005562 0.012787
v 0.030506 -0.008172 0.006705
v 0.030506 -0.005562 0.012787
v 0.032562 -0.005562 0.007427
v 0.030506 -0.008172 0.006705
v 0.032562 -0.005562 0.007427
v 0.031681 -0.008172 0.001419
v 0.031681 -0.008172 0.001419
v 0.032562 -0.005562 0.007427
v 0.033817 -0.005562 0.001784
v 0.033817 -0.005562 0.001784
v 0.032562 -0.005562 0.007427
v 0.033817 -0.002816 0.007867
v 0.033817 -0.005562 0.001784
v 0.033817 -0.002816 0.007867
v 0.035119 -0.002816 0.002007
v 0.032562 -0.005562 0.007427
v 0.030506 -0.005562 0.012787
v 0.031681 -0.002816 0.013434
v 0.032562 -0.005562 0.007427
v 0.031681 -0.002816 0.013434
v 0.033817 -0.002816 0.007867
v 0.025950 -0.008172 0.016362
v 0.027699 -0.005562 0.017735
v 0.028580 -0.008172 0.011727
v 0.028580 -0.008172 0.011727
v 0.027699 -0.005562 0.017735
v 0.030506 -0.005562 0.012787
v 0.030506 -0.005562 0.012787
v 0.027699 -0.005562 0.017735
v 0.028766 -0.002816 0.018572
v 0.030506 -0.005562 0.012787
v 0.028766 -0.002816 0.018572
v 0.031681 -0.002816 0.013434
v 0.027699 -0.005562 0.017735
v 0.025142 -0.002816 0.023154
v 0.028766 -0.002816 0.018572
v 0.015544 -0.005562 0.028947
v 0.020125 -0.005562 0.025915
v 0.018854 -0.008172 0.024026
v 0.022681 -0.008172 0.020496
v 0.018854 -0.008172 0.024026
v 0.020125 -0.005562 0.025915
v 0.022681 -0.008172 0.020496
v 0.020125 -0.005562 0.025915
v 0.024210 -0.005562 0.022147
v 0.024210 -0.005562 0.022147
v 0.020125 -0.005562 0.025915
v 0.020900 -0.002816 0.027067
v 0.016142 -0.002816 0.030216
v 0.020900 -0.002816 0.027067
v 0.020125 -0.005562 0.025915
v 0.024210 -0.005562 0.022147
v 0.020900 -0.002816 0.027067
v 0.025142 -0.002816 0.023154
v 0.025142 0.012728 0.000301
v 0.028766 0.010580 0.000921
v 0.024210 0.012728 0.004496
v 0.024210 0.012728 0.004496
v 0.028766 0.010580 0.000921
v 0.027699 0.010580 0.005720
v 0.025950 0.010580 0.010280
v 0.020594 0.012728 0.012160
v 0.022681 0.012728 0.008481
v 0.024210 0.012728 0.004496
v 0.027699 0.010580 0.005720
v 0.022681 0.012728 0.008481
v 0.025950 0.010580 0.010280
v 0.022681 0.012728 0.008481
v 0.027699 0.010580 0.005720
v 0.023562 0.010580 0.014489
v 0.018000 0.012728 0.015440
v 0.020594 0.012728 0.012160
v 0.020594 0.010580 0.018242
v 0.018000 0.012728 0.015440
v 0.023562 0.010580 0.014489
v 0.017119 0.010580 0.021447
v 0.020594 0.010580 0.018242
v 0.022681 0.008172 0.020496
v 0.017119 0.010580 0.021447
v 0.022681 0.008172 0.020496
v 0.018854 0.008172 0.024026
v 0.022681 0.008172 0.020496
v 0.024210 0.005562 0.022147
v 0.018854 0.008172 0.024026
v 0.028766 -0.002816 0.018572
v 0.025142 -0.002816 0.023154
v 0.025456 0.000000 0.023492
v 0.029125 0.000000 0.018853
v 0.025456 0.000000 0.023492
v 0.025142 0.002816 0.023154
v 0.024210 0.005562 0.022147
v 0.028766 0.002816 0.018572
v 0.025142 0.002816 0.023154
v 0.025950 0.010580 0.010280
v 0.023562 0.010580 0.014489
v 0.020594 0.012728 0.012160
v 0.020594 0.010580 0.018242
v 0.023562 0.010580 0.014489
v 0.025950 0.008172 0.016362
v 0.025950 0.010580 0.010280
v 0.028580 0.008172 0.011727
v 0.023562 0.010580 0.014489
v 0.023562 0.010580 0.014489
v 0.028580 0.008172 0.011727
v 0.025950 0.008172 0.016362
v 0.020594 0.010580 0.018242
v 0.025950 0.008172 0.016362
v 0.022681 0.008172 0.020496
v 0.025950 0.008172 0.016362
v 0.027699 0.005562 0.017735
v 0.022681 0.008172 0.020496
v 0.024210 0.005562 0.022147
v 0.027699 0.005562 0.017735
v 0.028766 0.002816 0.018572
v 0.022681 0.008172 0.020496
v 0.027699 0.005562 0.017735
v 0.024210 0.005562 0.022147
v 0.020900 0.014562 -0.000425
v 0.020125 0.014562 0.003062
v 0.015544 0.016038 0.001455
v 0.020900 0.014562 -0.000425
v 0.025142 0.012728 0.000301
v 0.020125 0.014562 0.003062
v 0.020125 0.014562 0.003062
v 0.024210 0.012728 0.004496
v 0.018854 0.014562 0.006375
v 0.017119 0.014562 0.009433
v 0.018854 0.014562 0.006375
v 0.022681 0.012728 0.008481
v 0.017119 0.014562 0.009433
v 0.022681 0.012728 0.008481
v 0.020594 0.012728 0.012160
v 0.018854 0.014562 0.006375
v 0.024210 0.012728 0.004496
v 0.022681 0.012728 0.008481
v 0.025142 0.012728 0.000301
v 0.024210 0.012728 0.004496
v 0.020125 0.014562 0.003062
v 0.028766 0.010580 0.000921
v 0.031681 0.008172 0.001419
v 0.027699 0.010580 0.005720
v 0.027699 0.010580 0.005720
v 0.031681 0.008172 0.001419
v 0.030506 0.008172 0.006705
v 0.025950 0.010580 0.010280
v 0.027699 0.010580 0.005720
v 0.030506 0.008172 0.006705
v 0.025950 0.010580 0.010280
v 0.030506 0.008172 0.006705
v 0.028580 0.008172 0.011727
v 0.030506 0.008172 0.006705
v 0.032562 0.005562 0.007427
v 0.028580 0.008172 0.011727
v 0.032562 0.005562 0.007427
v 0.030506 0.005562 0.012787
v 0.028580 0.008172 0.011727
v 0.035119 -0.002816 0.002007
v 0.033817 -0.002816 0.007867
v 0.034238 0.000000 0.008015
v 0.035119 -0.002816 0.002007
v 0.034238 0.000000 0.008015
v 0.035557 0.000000 0.002082
v 0.035557 0.000000 0.002082
v 0.033817 0.002816 0.007867
v 0.035119 0.002816 0.002007
v 0.035557 0.000000 0.002082
v 0.034238 0.000000 0.008015
v 0.033817 0.002816 0.007867
v 0.035119 0.002816 0.002007
v 0.033817 0.002816 0.007867
v 0.032562 0.005562 0.007427
v 0.033817 -0.002816 0.007867
v 0.032076 0.000000 0.013651
v 0.034238 0.000000 0.008015
v 0.033817 0.002816 0.007867
v 0.031681 0.002816 0.013434
v 0.030506 0.005562 0.012787
v 0.034238 0.000000 0.008015
v 0.031681 0.002816 0.013434
v 0.033817 0.002816 0.007867
v 0.030506 0.008172 0.006705
v 0.033817 0.005562 0.001784
v 0.032562 0.005562 0.007427
v 0.030506 0.008172 0.006705
v 0.031681 0.008172 0.001419
v 0.033817 0.005562 0.001784
v 0.035119 0.002816 0.002007
v 0.032562 0.005562 0.007427
v 0.033817 0.005562 0.001784
v 0.033817 0.002816 0.007867
v 0.030506 0.005562 0.012787
v 0.032562 0.005562 0.007427
v 0.029125 0.000000 0.018853
v 0.032076 0.000000 0.013651
v 0.031681 -0.002816 0.013434
v 0.028766 0.002816 0.018572
v 0.027699 0.005562 0.017735
v 0.031681 0.002816 0.013434
v 0.028766 0.002816 0.018572
v 0.031681 0.002816 0.013434
v 0.032076 0.000000 0.013651
v 0.028766 -0.002816 0.018572
v 0.025456 0.000000 0.023492
v 0.029125 0.000000 0.018853
v 0.029125 0.000000 0.018853
v 0.025142 0.002816 0.023154
v 0.028766 0.002816 0.018572
v 0.028766 -0.002816 0.018572
v 0.029125 0.000000 0.018853
v 0.031681 -0.002816 0.013434
v 0.029125 0.000000 0.018853
v 0.028766 0.002816 0.018572
v 0.032076 0.000000 0.013651
v 0.025950 0.008172 0.016362
v 0.028580 0.008172 0.011727
v 0.030506 0.005562 0.012787
v 0.025950 0.008172 0.016362
v 0.030506 0.005562 0.012787
v 0.027699 0.005562 0.017735
v 0.030506 0.005562 0.012787
v 0.031681 0.002816 0.013434
v 0.027699 0.005562 0.017735
v 0.033817 -0.002816 0.007867
v 0.031681 -0.002816 0.013434
v 0.032076 0.000000 0.013651
v 0.034238 0.000000 0.008015
v 0.032076 0.000000 0.013651
v 0.031681 0.002816 0.013434
v 0.020900 -0.002816 0.027067
v 0.021160 0.000000 0.027455
v 0.025142 -0.002816 0.023154
v 0.020900 0.002816 0.027067
v 0.020125 0.005562 0.025915
v 0.025142 0.002816 0.023154
v 0.016344 0.000000 0.030642
v 0.021160 0.000000 0.027455
v 0.020900 -0.002816 0.027067
v 0.016142 0.002816 0.030216
v 0.020900 0.002816 0.027067
v 0.021160 0.000000 0.027455
v 0.015544 0.005562 0.028947
v 0.020125 0.005562 0.025915
v 0.020900 0.002816 0.027067
v 0.024210 0.005562 0.022147
v 0.020125 0.005562 0.025915
v 0.018854 0.008172 0.024026
v 0.021160 0.000000 0.027455
v 0.025456 0.000000 0.023492
v 0.025142 -0.002816 0.023154
v 0.020900 0.002816 0.027067
v 0.025142 0.002816 0.023154
v 0.025456 0.000000 0.023492
v 0.021160 0.000000 0.027455
v 0.020900 0.002816 0.027067
v 0.025456 0.000000 0.023492
v 0.024210 0.005562 0.022147
v 0.025142 0.002816 0.023154
v 0.020125 0.005562 0.025915
v -0.013435 -0.079285 0.012081
v -0.011792 -0.016950 -0.006017
v -0.013016 -0.016712 -0.005041
v -0.013435 -0.079285 0.012081
v -0.010775 -0.017119 -0.006836
v -0.011481 -0.017002 -0.006267
v -0.013435 -0.079285 0.012081
v -0.011481 -0.017002 -0.006267
v -0.011792 -0.016950 -0.006017
v -0.013435 -0.079285 0.012081
v -0.010556 -0.017140 -0.007016
v -0.010775 -0.017119 -0.006836
v -0.010556 -0.079896 0.009799
v -0.009921 -0.017206 -0.007350
v -0.010556 -0.017140 -0.007016
v -0.010556 -0.079896 0.009799
v -0.009771 -0.017221 -0.007429
v -0.009921 -0.017206 -0.007350
v -0.010556 -0.079896 0.009799
v -0.008314 -0.017350 -0.008201
v -0.009771 -0.017221 -0.007429
v -0.010556 -0.079896 0.009799
v -0.007967 -0.017381 -0.008384
v -0.008314 -0.017350 -0.008201
v -0.010556 -0.079896 0.009799
v -0.007271 -0.017431 -0.008756
v -0.007500 -0.017414 -0.008634
v -0.010556 -0.079896 0.009799
v -0.007500 -0.017414 -0.008634
v -0.007967 -0.017381 -0.008384
v -0.007271 -0.080351 0.008103
v -0.006951 -0.017458 -0.008849
v -0.007271 -0.017431 -0.008756
v -0.007271 -0.080351 0.008103
v -0.006389 -0.017506 -0.009013
v -0.006951 -0.017458 -0.008849
v -0.007271 -0.080351 0.008103
v -0.005017 -0.017603 -0.009418
v -0.005667 -0.017557 -0.009226
v -0.007271 -0.080351 0.008103
v -0.005667 -0.017557 -0.009226
v -0.006389 -0.017506 -0.009013
v -0.007271 -0.080351 0.008103
v -0.003953 -0.017659 -0.009737
v -0.004572 -0.017626 -0.009551
v -0.007271 -0.080351 0.008103
v -0.004572 -0.017626 -0.009551
v -0.005017 -0.017603 -0.009418
v -0.007271 -0.080351 0.008103
v -0.003875 -0.017663 -0.009760
v -0.003953 -0.017659 -0.009737
v -0.007271 -0.080351 0.008103
v -0.003707 -0.017669 -0.009812
v -0.003875 -0.017663 -0.009760
v -0.003707 -0.080630 0.007059
v -0.003582 -0.017676 -0.009823
v -0.003707 -0.017669 -0.009812
v -0.003707 -0.080630 0.007059
v -0.002780 -0.017719 -0.009893
v -0.003582 -0.017676 -0.009823
v -0.003707 -0.080630 0.007059
v -0.002628 -0.017725 -0.009907
v -0.002780 -0.017719 -0.009893
v -0.003707 -0.080630 0.007059
v -0.001800 -0.017755 -0.009983
v -0.002628 -0.017725 -0.009907
v -0.003707 -0.080630 0.007059
v -0.001740 -0.017756 -0.009989
v -0.001800 -0.017755 -0.009983
v -0.003707 -0.080630 0.007059
v -0.000890 -0.017771 -0.010072
v -0.001740 -0.017756 -0.009989
v -0.003707 -0.080630 0.007059
v -0.000871 -0.017771 -0.010074
v -0.000890 -0.017771 -0.010072
v -0.003707 -0.080630 0.007059
v -0.000256 -0.017770 -0.010137
v -0.000871 -0.017771 -0.010074
v 0.000000 -0.017769 -0.010163
v -0.000256 -0.017770 -0.010137
v 0.000000 -0.080109 0.006541
v -0.018635 -0.076767 0.021478
v -0.018353 -0.076310 0.020392
v -0.018407 -0.076000 0.020494
v -0.018635 -0.076767 0.021478
v -0.018209 -0.077130 0.020122
v -0.018353 -0.076310 0.020392
v -0.018635 -0.076767 0.021478
v -0.018442 -0.076757 0.021515
v -0.018209 -0.077130 0.020122
v -0.018635 -0.076767 0.021478
v -0.018913 -0.076000 0.024340
v -0.018442 -0.076757 0.021515
v -0.018635 -0.076767 0.021478
v -0.019000 -0.075807 0.025059
v -0.018913 -0.076000 0.024340
v -0.019000 -0.075807 0.025059
v -0.018977 -0.075823 0.025000
v -0.018913 -0.076000 0.024340
v -0.019000 -0.075807 0.025059
v -0.018967 -0.075807 0.025059
v -0.018977 -0.075823 0.025000
v -0.019000 -0.075807 0.025059
v -0.018378 -0.074861 0.028590
v -0.018967 -0.075807 0.025059
v -0.019000 -0.075807 0.025059
v -0.018635 -0.074848 0.028639
v -0.018378 -0.074861 0.028590
v -0.018635 -0.074848 0.028639
v -0.018164 -0.074519 0.029867
v -0.018378 -0.074861 0.028590
v -0.018635 -0.074848 0.028639
v -0.017554 -0.073926 0.032082
v -0.018164 -0.074519 0.029867
v -0.018250 -0.075795 0.019905
v -0.017554 -0.015444 0.001357
v -0.018313 -0.075692 0.020093
v -0.018635 -0.076767 0.021478
v -0.018407 -0.076000 0.020494
v -0.017828 -0.015302 0.002256
v -0.018407 -0.076000 0.020494
v -0.018313 -0.075692 0.020093
v -0.017828 -0.015302 0.002256
v -0.018635 -0.076767 0.021478
v -0.018666 -0.014746 0.005182
v -0.019000 -0.075807 0.025059
v -0.019000 -0.075807 0.025059
v -0.018968 -0.014011 0.008835
v -0.018635 -0.074848 0.028639
v -0.018635 -0.076767 0.021478
v -0.017828 -0.015302 0.002256
v -0.018180 -0.015078 0.003395
v -0.018635 -0.076767 0.021478
v -0.018180 -0.015078 0.003395
v -0.018635 -0.014788 0.004871
v -0.018635 -0.076767 0.021478
v -0.018635 -0.014788 0.004871
v -0.018666 -0.014746 0.005182
v -0.019000 -0.075807 0.025059
v -0.018779 -0.014588 0.006334
v -0.018783 -0.014581 0.006375
v -0.019000 -0.075807 0.025059
v -0.018783 -0.014581 0.006375
v -0.018794 -0.014562 0.006481
v -0.019000 -0.075807 0.025059
v -0.018666 -0.014746 0.005182
v -0.018779 -0.014588 0.006334
v -0.019000 -0.075807 0.025059
v -0.018794 -0.014562 0.006481
v -0.019000 -0.014065 0.008515
v -0.019000 -0.075807 0.025059
v -0.019000 -0.014065 0.008515
v -0.018968 -0.014011 0.008835
v -0.018635 -0.074848 0.028639
v -0.018968 -0.014011 0.008835
v -0.018940 -0.013962 0.009121
v -0.018635 -0.074848 0.028639
v -0.018940 -0.013962 0.009121
v -0.018779 -0.013686 0.010735
v -0.018635 -0.074848 0.028639
v -0.018779 -0.013686 0.010735
v -0.018635 -0.013365 0.012165
v -0.018635 -0.074848 0.028639
v -0.018635 -0.013365 0.012165
v -0.018536 -0.013314 0.012487
v -0.018635 -0.074848 0.028639
v -0.018536 -0.013314 0.012487
v -0.017554 -0.073926 0.032082
v -0.010556 -0.079896 0.009799
v -0.010469 -0.079863 0.009925
v -0.009690 -0.080016 0.009352
v -0.010556 -0.079896 0.009799
v -0.012016 -0.079558 0.011061
v -0.010469 -0.079863 0.009925
v -0.013435 -0.079285 0.012081
v -0.012016 -0.079558 0.011061
v -0.010556 -0.079896 0.009799
v -0.015798 -0.078539 0.014863
v -0.016189 -0.078328 0.015653
v -0.015634 -0.078511 0.014969
v -0.017554 -0.077689 0.018035
v -0.016189 -0.078328 0.015653
v -0.015798 -0.078539 0.014863
v -0.015798 -0.078539 0.014863
v -0.015634 -0.078511 0.014969
v -0.013354 -0.079264 0.012159
v -0.015798 -0.078539 0.014863
v -0.013354 -0.079264 0.012159
v -0.013435 -0.079285 0.012081
v -0.017554 -0.077689 0.018035
v -0.017310 -0.077663 0.018133
v -0.016189 -0.078328 0.015653
v -0.017554 -0.077689 0.018035
v -0.018208 -0.077131 0.020120
v -0.017310 -0.077663 0.018133
v -0.017554 -0.077689 0.018035
v -0.018125 -0.076000 0.019534
v -0.018208 -0.077131 0.020120
v -0.013435 -0.079285 0.012081
v -0.013354 -0.079264 0.012159
v -0.013124 -0.079340 0.011876
v -0.013435 -0.079285 0.012081
v -0.013124 -0.079340 0.011876
v -0.012016 -0.079558 0.011061
v -0.007271 -0.080351 0.008103
v -0.008371 -0.080198 0.008671
v -0.007224 -0.080321 0.008213
v -0.007271 -0.080351 0.008103
v -0.007224 -0.080321 0.008213
v -0.006056 -0.080446 0.007747
v -0.003707 -0.080630 0.007059
v -0.003933 -0.080613 0.007125
v -0.003699 -0.080621 0.007095
v -0.003707 -0.080630 0.007059
v -0.003699 -0.080621 0.007095
v -0.002534 -0.080660 0.006947
v -0.017554 -0.073926 0.032082
v -0.017223 -0.073961 0.031950
v -0.018164 -0.074519 0.029867
v -0.017554 -0.073926 0.032082
v -0.016149 -0.073325 0.034324
v -0.017223 -0.073961 0.031950
v -0.017554 -0.073926 0.032082
v -0.015798 -0.073075 0.035255
v -0.016149 -0.073325 0.034324
v -0.015798 -0.073075 0.035255
v -0.015533 -0.073121 0.035084
v -0.016149 -0.073325 0.034324
v -0.015798 -0.073075 0.035255
v -0.013435 -0.072330 0.038036
v -0.015533 -0.073121 0.035084
v -0.013435 -0.072330 0.038036
v -0.013268 -0.072373 0.037875
v -0.015533 -0.073121 0.035084
v -0.013435 -0.072330 0.038036
v -0.013092 -0.072315 0.038092
v -0.013268 -0.072373 0.037875
v -0.013435 -0.072330 0.038036
v -0.012226 -0.072145 0.038728
v -0.013092 -0.072315 0.038092
v -0.013435 -0.072330 0.038036
v -0.010556 -0.071719 0.040318
v -0.012226 -0.072145 0.038728
v -0.010556 -0.071719 0.040318
v -0.010390 -0.071783 0.040078
v -0.012226 -0.072145 0.038728
v -0.010556 -0.071719 0.040318
v -0.009207 -0.071550 0.040947
v -0.010390 -0.071783 0.040078
v -0.010556 -0.071719 0.040318
v -0.007271 -0.071264 0.042014
v -0.009207 -0.071550 0.040947
v -0.007271 -0.071264 0.042014
v -0.008808 -0.071507 0.041106
v -0.009207 -0.071550 0.040947
v -0.007271 -0.071264 0.042014
v -0.007163 -0.071332 0.041763
v -0.008808 -0.071507 0.041106
v -0.007271 -0.071264 0.042014
v -0.004834 -0.071082 0.042692
v -0.007163 -0.071332 0.041763
v -0.007271 -0.071264 0.042014
v -0.004749 -0.071074 0.042724
v -0.004756 -0.071075 0.042721
v -0.007271 -0.071264 0.042014
v -0.004756 -0.071075 0.042721
v -0.004834 -0.071082 0.042692
v -0.007271 -0.071264 0.042014
v -0.003707 -0.070984 0.043059
v -0.004749 -0.071074 0.042724
v -0.003707 -0.070984 0.043059
v -0.003664 -0.071040 0.042852
v -0.004749 -0.071074 0.042724
v -0.003707 -0.070984 0.043059
v -0.000144 -0.070928 0.043270
v -0.003664 -0.071040 0.042852
v -0.003707 -0.070984 0.043059
v -0.000000 -0.070890 0.043411
v -0.000144 -0.070928 0.043270
v -0.000000 -0.070890 0.043411
v 0.000000 -0.070923 0.043287
v -0.000144 -0.070928 0.043270
v -0.017554 -0.077689 0.018035
v -0.015798 -0.078539 0.014863
v -0.015934 -0.016087 -0.001609
v -0.015798 -0.078539 0.014863
v -0.013435 -0.079285 0.012081
v -0.013609 -0.016597 -0.004496
v -0.013435 -0.079285 0.012081
v -0.010556 -0.079896 0.009799
v -0.010556 -0.017140 -0.007016
v -0.010556 -0.079896 0.009799
v -0.009690 -0.080016 0.009352
v -0.007271 -0.017431 -0.008756
v -0.017554 -0.077689 0.018035
v -0.017554 -0.015444 0.001357
v -0.018125 -0.076000 0.019534
v -0.018125 -0.076000 0.019534
v -0.017554 -0.015444 0.001357
v -0.018250 -0.075795 0.019905
v -0.017554 -0.077689 0.018035
v -0.016139 -0.016038 -0.001224
v -0.017274 -0.015561 0.000847
v -0.015798 -0.078539 0.014863
v -0.015798 -0.016119 -0.001863
v -0.015934 -0.016087 -0.001609
v -0.017554 -0.077689 0.018035
v -0.016130 -0.016041 -0.001241
v -0.016139 -0.016038 -0.001224
v -0.017554 -0.077689 0.018035
v -0.015934 -0.016087 -0.001609
v -0.016130 -0.016041 -0.001241
v -0.015798 -0.078539 0.014863
v -0.014544 -0.016401 -0.003369
v -0.015798 -0.016119 -0.001863
v -0.015798 -0.078539 0.014863
v -0.014019 -0.016520 -0.004000
v -0.014544 -0.016401 -0.003369
v -0.015798 -0.078539 0.014863
v -0.013609 -0.016597 -0.004496
v -0.014019 -0.016520 -0.004000
v -0.017554 -0.077689 0.018035
v -0.017274 -0.015561 0.000847
v -0.017554 -0.015444 0.001357
v -0.018313 -0.075692 0.020093
v -0.017554 -0.015444 0.001357
v -0.017828 -0.015302 0.002256
v -0.013435 -0.079285 0.012081
v -0.013016 -0.016712 -0.005041
v -0.013435 -0.016630 -0.004707
v -0.013435 -0.079285 0.012081
v -0.013435 -0.016630 -0.004707
v -0.013609 -0.016597 -0.004496
v -0.009290 -0.079189 0.008909
v -0.007271 -0.017431 -0.008756
v -0.009690 -0.080016 0.009352
v -0.009290 -0.079189 0.008909
v -0.008465 -0.080096 0.008695
v -0.007271 -0.017431 -0.008756
v -0.008465 -0.080096 0.008695
v -0.008371 -0.080198 0.008671
v -0.007271 -0.017431 -0.008756
v -0.007271 -0.080351 0.008103
v -0.007271 -0.017431 -0.008756
v -0.008371 -0.080198 0.008671
v -0.007271 -0.080351 0.008103
v -0.006056 -0.080446 0.007747
v -0.003707 -0.017669 -0.009812
v -0.004800 -0.079453 0.007087
v -0.003707 -0.017669 -0.009812
v -0.006056 -0.080446 0.007747
v -0.004800 -0.079453 0.007087
v -0.004161 -0.080308 0.007115
v -0.003707 -0.017669 -0.009812
v -0.003707 -0.080630 0.007059
v -0.003707 -0.017669 -0.009812
v -0.003933 -0.080613 0.007125
v -0.004161 -0.080308 0.007115
v -0.003933 -0.080613 0.007125
v -0.003707 -0.017669 -0.009812
v -0.003707 -0.080630 0.007059
v -0.002534 -0.080660 0.006947
v -0.000256 -0.017770 -0.010137
v 0.000000 -0.080109 0.006541
v -0.000256 -0.017770 -0.010137
v -0.002534 -0.080660 0.006947
v -0.017554 -0.073926 0.032082
v -0.016169 -0.012268 0.018242
v -0.015798 -0.073075 0.035255
v -0.015798 -0.073075 0.035255
v -0.015564 -0.012094 0.019211
v -0.013435 -0.072330 0.038036
v -0.013435 -0.072330 0.038036
v -0.013142 -0.011545 0.021998
v -0.010556 -0.071719 0.040318
v -0.010556 -0.071719 0.040318
v -0.010212 -0.011132 0.024274
v -0.007271 -0.071264 0.042014
v -0.007271 -0.071264 0.042014
v -0.006890 -0.010853 0.025947
v -0.003707 -0.070984 0.043059
v -0.003707 -0.070984 0.043059
v -0.003304 -0.010703 0.026947
v -0.000000 -0.070890 0.043411
v -0.017554 -0.073926 0.032082
v -0.018536 -0.013314 0.012487
v -0.017725 -0.012894 0.015143
v -0.017554 -0.073926 0.032082
v -0.017725 -0.012894 0.015143
v -0.017652 -0.012843 0.015380
v -0.017554 -0.073926 0.032082
v -0.017652 -0.012843 0.015380
v -0.017554 -0.012775 0.015697
v -0.017554 -0.073926 0.032082
v -0.017554 -0.012775 0.015697
v -0.017388 -0.012728 0.016004
v -0.017554 -0.073926 0.032082
v -0.017388 -0.012728 0.016004
v -0.016169 -0.012268 0.018242
v -0.015798 -0.073075 0.035255
v -0.016169 -0.012268 0.018242
v -0.015798 -0.012127 0.018924
v -0.015798 -0.073075 0.035255
v -0.015798 -0.012127 0.018924
v -0.015592 -0.012101 0.019177
v -0.015798 -0.073075 0.035255
v -0.015592 -0.012101 0.019177
v -0.015564 -0.012094 0.019211
v -0.013435 -0.072330 0.038036
v -0.015564 -0.012094 0.019211
v -0.014121 -0.011738 0.020935
v -0.014121 -0.011738 0.020935
v -0.013435 -0.011568 0.021755
v -0.013435 -0.072330 0.038036
v -0.013435 -0.072330 0.038036
v -0.013435 -0.011568 0.021755
v -0.013142 -0.011545 0.021998
v -0.010556 -0.071719 0.040318
v -0.013142 -0.011545 0.021998
v -0.012512 -0.011496 0.022520
v -0.010556 -0.071719 0.040318
v -0.012512 -0.011496 0.022520
v -0.011421 -0.011302 0.023394
v -0.010556 -0.071719 0.040318
v -0.011421 -0.011302 0.023394
v -0.010556 -0.011148 0.024088
v -0.010556 -0.071719 0.040318
v -0.010556 -0.011148 0.024088
v -0.010212 -0.011132 0.024274
v -0.007271 -0.071264 0.042014
v -0.010212 -0.011132 0.024274
v -0.008745 -0.011063 0.025068
v -0.007271 -0.071264 0.042014
v -0.008745 -0.011063 0.025068
v -0.008082 -0.010973 0.025410
v -0.007271 -0.071264 0.042014
v -0.008082 -0.010973 0.025410
v -0.007271 -0.010862 0.025830
v -0.007271 -0.071264 0.042014
v -0.007271 -0.010862 0.025830
v -0.006890 -0.010853 0.025947
v -0.003707 -0.070984 0.043059
v -0.006890 -0.010853 0.025947
v -0.004499 -0.010792 0.026681
v -0.003707 -0.070984 0.043059
v -0.004499 -0.010792 0.026681
v -0.004180 -0.010757 0.026772
v -0.003707 -0.070984 0.043059
v -0.004180 -0.010757 0.026772
v -0.003707 -0.010706 0.026907
v -0.003707 -0.070984 0.043059
v -0.003707 -0.010706 0.026907
v -0.003304 -0.010703 0.026947
v -0.000000 -0.070890 0.043411
v -0.003304 -0.010703 0.026947
v -0.000000 -0.010676 0.027277
v -0.000000 -0.070890 0.043411
v -0.000000 -0.010676 0.027277
v 0.000000 -0.010676 0.027277
v 0.000000 -0.017769 -0.010163
v 0.000000 -0.080109 0.006541
v 0.000000 -0.017769 -0.010163
v 0.000024 -0.017769 -0.010160
v 0.000000 -0.017769 -0.010163
v 0.000000 -0.080109 0.006541
v 0.000024 -0.017769 -0.010160
v 0.000000 -0.080109 0.006541
v 0.000890 -0.017771 -0.010072
v 0.000910 -0.017771 -0.010070
v 0.000890 -0.017771 -0.010072
v 0.000000 -0.080109 0.006541
v 0.000910 -0.017771 -0.010070
v 0.000033 -0.080116 0.006546
v 0.001800 -0.017755 -0.009983
v 0.001800 -0.017755 -0.009983
v 0.000033 -0.080116 0.006546
v 0.001870 -0.017753 -0.009977
v 0.001870 -0.017753 -0.009977
v 0.000033 -0.080116 0.006546
v 0.002780 -0.017719 -0.009893
v 0.002780 -0.017719 -0.009893
v 0.000033 -0.080116 0.006546
v 0.002979 -0.017708 -0.009875
v 0.002979 -0.017708 -0.009875
v 0.000033 -0.080116 0.006546
v 0.003451 -0.017683 -0.009834
v 0.003707 -0.080630 0.007059
v 0.003707 -0.017669 -0.009812
v 0.003451 -0.017683 -0.009834
v 0.003707 -0.080630 0.007059
v 0.003875 -0.017663 -0.009760
v 0.003707 -0.017669 -0.009812
v 0.003707 -0.080630 0.007059
v 0.004241 -0.017644 -0.009651
v 0.003875 -0.017663 -0.009760
v 0.003707 -0.080630 0.007059
v 0.005017 -0.017603 -0.009418
v 0.004241 -0.017644 -0.009651
v 0.003707 -0.080630 0.007059
v 0.005665 -0.017557 -0.009227
v 0.005017 -0.017603 -0.009418
v 0.003707 -0.080630 0.007059
v 0.006389 -0.017506 -0.009013
v 0.005665 -0.017557 -0.009227
v 0.003707 -0.080630 0.007059
v 0.007023 -0.017452 -0.008828
v 0.006389 -0.017506 -0.009013
v 0.007271 -0.080351 0.008103
v 0.007271 -0.017431 -0.008756
v 0.007023 -0.017452 -0.008828
v 0.007271 -0.080351 0.008103
v 0.007529 -0.017412 -0.008618
v 0.007271 -0.017431 -0.008756
v 0.007271 -0.080351 0.008103
v 0.007967 -0.017381 -0.008384
v 0.007529 -0.017412 -0.008618
v 0.007271 -0.080351 0.008103
v 0.009564 -0.017240 -0.007539
v 0.007967 -0.017381 -0.008384
v 0.007271 -0.080351 0.008103
v 0.009771 -0.017221 -0.007429
v 0.009564 -0.017240 -0.007539
v 0.007271 -0.080351 0.008103
v 0.010320 -0.017164 -0.007140
v 0.009771 -0.017221 -0.007429
v 0.010556 -0.079896 0.009799
v 0.010556 -0.017140 -0.007016
v 0.010320 -0.017164 -0.007140
v 0.010556 -0.079896 0.009799
v 0.010775 -0.017119 -0.006836
v 0.010556 -0.017140 -0.007016
v 0.010556 -0.079896 0.009799
v 0.011792 -0.016950 -0.006017
v 0.010775 -0.017119 -0.006836
v 0.010556 -0.079896 0.009799
v 0.012732 -0.016767 -0.005267
v 0.011792 -0.016950 -0.006017
v 0.010556 -0.079896 0.009799
v 0.013224 -0.016671 -0.004875
v 0.012732 -0.016767 -0.005267
v 0.003707 -0.080630 0.007059
v 0.002534 -0.080660 0.006947
v 0.003699 -0.080621 0.007095
v 0.003707 -0.080630 0.007059
v 0.003699 -0.080621 0.007095
v 0.003933 -0.080613 0.007125
v 0.007271 -0.080351 0.008103
v 0.006056 -0.080446 0.007747
v 0.007224 -0.080321 0.008213
v 0.007271 -0.080351 0.008103
v 0.007224 -0.080321 0.008213
v 0.008371 -0.080198 0.008671
v 0.010556 -0.079896 0.009799
v 0.009690 -0.080016 0.009352
v 0.010012 -0.079953 0.009589
v 0.010556 -0.079896 0.009799
v 0.010012 -0.079953 0.009589
v 0.010469 -0.079863 0.009925
v 0.010556 -0.079896 0.009799
v 0.010469 -0.079863 0.009925
v 0.013124 -0.079340 0.011876
v 0.010556 -0.079896 0.009799
v 0.013124 -0.079340 0.011876
v 0.013435 -0.079285 0.012081
v 0.013435 -0.079285 0.012081
v 0.013124 -0.079340 0.011876
v 0.013354 -0.079264 0.012159
v 0.013435 -0.079285 0.012081
v 0.013354 -0.079264 0.012159
v 0.015634 -0.078511 0.014969
v 0.013435 -0.079285 0.012081
v 0.015634 -0.078511 0.014969
v 0.015798 -0.078539 0.014863
v 0.015798 -0.078539 0.014863
v 0.015634 -0.078511 0.014969
v 0.016189 -0.078328 0.015653
v 0.015798 -0.078539 0.014863
v 0.016189 -0.078328 0.015653
v 0.017554 -0.077689 0.018035
v 0.017554 -0.077689 0.018035
v 0.016189 -0.078328 0.015653
v 0.017310 -0.077663 0.018133
v 0.017554 -0.077689 0.018035
v 0.017310 -0.077663 0.018133
v 0.018208 -0.077131 0.020120
v 0.017554 -0.077689 0.018035
v 0.018208 -0.077131 0.020120
v 0.018154 -0.076396 0.019739
v 0.017554 -0.077689 0.018035
v 0.018154 -0.076396 0.019739
v 0.018125 -0.076000 0.019534
v -0.000000 -0.070890 0.043411
v 0.003664 -0.071040 0.042852
v 0.000000 -0.070923 0.043287
v -0.000000 -0.070890 0.043411
v 0.003707 -0.070984 0.043059
v 0.003664 -0.071040 0.042852
v 0.003707 -0.070984 0.043059
v 0.004741 -0.071074 0.042725
v 0.003664 -0.071040 0.042852
v 0.003707 -0.070984 0.043059
v 0.004749 -0.071074 0.042724
v 0.004741 -0.071074 0.042725
v 0.003707 -0.070984 0.043059
v 0.007271 -0.071264 0.042014
v 0.004749 -0.071074 0.042724
v 0.007271 -0.071264 0.042014
v 0.004834 -0.071082 0.042692
v 0.004749 -0.071074 0.042724
v 0.007271 -0.071264 0.042014
v 0.007163 -0.071332 0.041763
v 0.004834 -0.071082 0.042692
v 0.007271 -0.071264 0.042014
v 0.009207 -0.071550 0.040947
v 0.007163 -0.071332 0.041763
v 0.017554 -0.073926 0.032082
v 0.018164 -0.074519 0.029867
v 0.017223 -0.073961 0.031950
v 0.017554 -0.073926 0.032082
v 0.017223 -0.073961 0.031950
v 0.016149 -0.073325 0.034324
v 0.013435 -0.072330 0.038036
v 0.013268 -0.072373 0.037875
v 0.013092 -0.072315 0.038092
v 0.010556 -0.071719 0.040318
v 0.013435 -0.072330 0.038036
v 0.013092 -0.072315 0.038092
v 0.007271 -0.071264 0.042014
v 0.010556 -0.071719 0.040318
v 0.009207 -0.071550 0.040947
v 0.010556 -0.071719 0.040318
v 0.009658 -0.071639 0.040616
v 0.009207 -0.071550 0.040947
v 0.010556 -0.071719 0.040318
v 0.010390 -0.071783 0.040078
v 0.009658 -0.071639 0.040616
v 0.010556 -0.071719 0.040318
v 0.013092 -0.072315 0.038092
v 0.010390 -0.071783 0.040078
v 0.013435 -0.072330 0.038036
v 0.015798 -0.073075 0.035255
v 0.013268 -0.072373 0.037875
v 0.015798 -0.073075 0.035255
v 0.015533 -0.073121 0.035084
v 0.013268 -0.072373 0.037875
v 0.017554 -0.073926 0.032082
v 0.016149 -0.073325 0.034324
v 0.015798 -0.073075 0.035255
v 0.015798 -0.073075 0.035255
v 0.016149 -0.073325 0.034324
v 0.015533 -0.073121 0.035084
v 0.000000 -0.080109 0.006541
v 0.000000 -0.080109 0.006541
v 0.000000 -0.017769 -0.010163
v 0.000910 -0.017771 -0.010070
v 0.000000 -0.080109 0.006541
v 0.000033 -0.080116 0.006546
v 0.000664 -0.080253 0.006647
v 0.003451 -0.017683 -0.009834
v 0.000033 -0.080116 0.006546
v 0.000664 -0.080253 0.006647
v 0.002534 -0.080660 0.006947
v 0.003451 -0.017683 -0.009834
v 0.003707 -0.080630 0.007059
v 0.003451 -0.017683 -0.009834
v 0.002534 -0.080660 0.006947
v 0.003707 -0.080630 0.007059
v 0.003933 -0.080613 0.007125
v 0.007023 -0.017452 -0.008828
v 0.004800 -0.079453 0.007087
v 0.007023 -0.017452 -0.008828
v 0.003933 -0.080613 0.007125
v 0.004800 -0.079453 0.007087
v 0.005574 -0.080065 0.007493
v 0.007023 -0.017452 -0.008828
v 0.005574 -0.080065 0.007493
v 0.006056 -0.080446 0.007747
v 0.007023 -0.017452 -0.008828
v 0.007271 -0.080351 0.008103
v 0.007023 -0.017452 -0.008828
v 0.006056 -0.080446 0.007747
v 0.007271 -0.080351 0.008103
v 0.008371 -0.080198 0.008671
v 0.010320 -0.017164 -0.007140
v 0.009290 -0.079189 0.008909
v 0.010320 -0.017164 -0.007140
v 0.008371 -0.080198 0.008671
v 0.009290 -0.079189 0.008909
v 0.009690 -0.080016 0.009352
v 0.010320 -0.017164 -0.007140
v 0.010556 -0.079896 0.009799
v 0.010320 -0.017164 -0.007140
v 0.009690 -0.080016 0.009352
v 0.010556 -0.079896 0.009799
v 0.013435 -0.079285 0.012081
v 0.013224 -0.016671 -0.004875
v 0.013435 -0.079285 0.012081
v 0.015798 -0.078539 0.014863
v 0.015617 -0.016160 -0.002080
v 0.015798 -0.078539 0.014863
v 0.017554 -0.077689 0.018035
v 0.017415 -0.015502 0.001103
v 0.017554 -0.077689 0.018035
v 0.018125 -0.076000 0.019534
v 0.017828 -0.015302 0.002256
v 0.013435 -0.079285 0.012081
v 0.013435 -0.016630 -0.004707
v 0.013224 -0.016671 -0.004875
v 0.013435 -0.079285 0.012081
v 0.014019 -0.016520 -0.004000
v 0.013435 -0.016630 -0.004707
v 0.013435 -0.079285 0.012081
v 0.015617 -0.016160 -0.002080
v 0.014019 -0.016520 -0.004000
v 0.015798 -0.078539 0.014863
v 0.015798 -0.016119 -0.001863
v 0.015617 -0.016160 -0.002080
v 0.015798 -0.078539 0.014863
v 0.016130 -0.016041 -0.001241
v 0.015798 -0.016119 -0.001863
v 0.015798 -0.078539 0.014863
v 0.016139 -0.016038 -0.001224
v 0.016130 -0.016041 -0.001241
v 0.015798 -0.078539 0.014863
v 0.017415 -0.015502 0.001103
v 0.016139 -0.016038 -0.001224
v 0.017554 -0.077689 0.018035
v 0.017554 -0.015444 0.001357
v 0.017415 -0.015502 0.001103
v 0.017554 -0.077689 0.018035
v 0.017828 -0.015302 0.002256
v 0.017554 -0.015444 0.001357
v -0.000000 -0.070890 0.043411
v 0.000405 -0.010680 0.027237
v 0.003707 -0.070984 0.043059
v 0.003707 -0.070984 0.043059
v 0.004094 -0.010748 0.026797
v 0.007271 -0.071264 0.042014
v 0.007271 -0.071264 0.042014
v 0.007621 -0.010910 0.025649
v 0.010556 -0.071719 0.040318
v 0.018635 -0.074848 0.028639
v 0.017554 -0.073926 0.032082
v 0.017657 -0.012846 0.015364
v 0.013435 -0.072330 0.038036
v 0.013674 -0.011627 0.021469
v 0.015798 -0.073075 0.035255
v 0.017554 -0.073926 0.032082
v 0.015798 -0.073075 0.035255
v 0.015971 -0.012193 0.018607
v 0.010556 -0.071719 0.040318
v 0.010855 -0.011201 0.023848
v 0.013435 -0.072330 0.038036
v 0.018635 -0.076767 0.021478
v 0.018407 -0.076000 0.020494
v 0.018209 -0.077130 0.020122
v 0.018635 -0.076767 0.021478
v 0.018209 -0.077130 0.020122
v 0.018442 -0.076757 0.021515
v 0.018635 -0.076767 0.021478
v 0.018442 -0.076757 0.021515
v 0.018913 -0.076000 0.024340
v 0.018635 -0.076767 0.021478
v 0.018913 -0.076000 0.024340
v 0.019000 -0.075807 0.025059
v 0.019000 -0.075807 0.025059
v 0.018913 -0.076000 0.024340
v 0.018977 -0.075823 0.025000
v 0.019000 -0.075807 0.025059
v 0.018977 -0.075823 0.025000
v 0.018967 -0.075807 0.025059
v 0.019000 -0.075807 0.025059
v 0.018967 -0.075807 0.025059
v 0.018378 -0.074861 0.028590
v 0.019000 -0.075807 0.025059
v 0.018378 -0.074861 0.028590
v 0.018635 -0.074848 0.028639
v 0.018635 -0.074848 0.028639
v 0.018378 -0.074861 0.028590
v 0.018164 -0.074519 0.029867
v 0.018635 -0.074848 0.028639
v 0.018164 -0.074519 0.029867
v 0.017554 -0.073926 0.032082
v 0.018125 -0.076000 0.019534
v 0.018313 -0.075692 0.020093
v 0.017828 -0.015302 0.002256
v 0.018313 -0.075692 0.020093
v 0.018353 -0.075821 0.020261
v 0.018635 -0.014788 0.004871
v 0.018407 -0.076000 0.020494
v 0.018635 -0.014788 0.004871
v 0.018353 -0.075821 0.020261
v 0.018635 -0.076767 0.021478
v 0.018635 -0.014788 0.004871
v 0.018407 -0.076000 0.020494
v 0.018635 -0.076767 0.021478
v 0.019000 -0.075807 0.025059
v 0.018968 -0.014142 0.008202
v 0.019000 -0.075807 0.025059
v 0.018635 -0.074848 0.028639
v 0.018668 -0.013438 0.011837
v 0.018313 -0.075692 0.020093
v 0.018635 -0.014788 0.004871
v 0.017828 -0.015302 0.002256
v 0.018635 -0.076767 0.021478
v 0.018771 -0.014599 0.006252
v 0.018635 -0.014788 0.004871
v 0.018635 -0.076767 0.021478
v 0.018779 -0.014588 0.006334
v 0.018771 -0.014599 0.006252
v 0.018635 -0.076767 0.021478
v 0.018794 -0.014562 0.006481
v 0.018779 -0.014588 0.006334
v 0.018635 -0.076767 0.021478
v 0.018968 -0.014142 0.008202
v 0.018794 -0.014562 0.006481
v 0.019000 -0.075807 0.025059
v 0.019000 -0.014065 0.008515
v 0.018968 -0.014142 0.008202
v 0.019000 -0.075807 0.025059
v 0.018779 -0.013686 0.010735
v 0.019000 -0.014065 0.008515
v 0.019000 -0.075807 0.025059
v 0.018668 -0.013438 0.011837
v 0.018779 -0.013686 0.010735
v 0.018635 -0.074848 0.028639
v 0.018635 -0.013365 0.012165
v 0.018668 -0.013438 0.011837
v 0.017554 -0.073926 0.032082
v 0.015971 -0.012193 0.018607
v 0.017388 -0.012728 0.016004
v 0.017554 -0.073926 0.032082
v 0.017388 -0.012728 0.016004
v 0.017554 -0.012775 0.015697
v 0.017554 -0.073926 0.032082
v 0.017554 -0.012775 0.015697
v 0.017657 -0.012846 0.015364
v -0.000000 -0.070890 0.043411
v 0.000000 -0.010676 0.027277
v 0.000181 -0.010678 0.027259
v -0.000000 -0.070890 0.043411
v 0.000181 -0.010678 0.027259
v 0.000405 -0.010680 0.027237
v 0.003707 -0.070984 0.043059
v 0.000405 -0.010680 0.027237
v 0.003707 -0.010706 0.026907
v 0.003707 -0.070984 0.043059
v 0.003707 -0.010706 0.026907
v 0.004094 -0.010748 0.026797
v 0.007271 -0.071264 0.042014
v 0.004499 -0.010792 0.026681
v 0.004898 -0.010802 0.026559
v 0.007271 -0.071264 0.042014
v 0.004094 -0.010748 0.026797
v 0.004499 -0.010792 0.026681
v 0.007271 -0.071264 0.042014
v 0.004898 -0.010802 0.026559
v 0.007271 -0.010862 0.025830
v 0.010556 -0.071719 0.040318
v 0.007621 -0.010910 0.025649
v 0.008745 -0.011063 0.025068
v 0.007271 -0.071264 0.042014
v 0.007271 -0.010862 0.025830
v 0.007621 -0.010910 0.025649
v 0.013435 -0.072330 0.038036
v 0.012512 -0.011496 0.022520
v 0.013435 -0.011568 0.021755
v 0.010556 -0.071719 0.040318
v 0.008745 -0.011063 0.025068
v 0.009624 -0.011104 0.024592
v 0.010556 -0.071719 0.040318
v 0.009624 -0.011104 0.024592
v 0.010556 -0.011148 0.024088
v 0.010556 -0.071719 0.040318
v 0.010556 -0.011148 0.024088
v 0.010855 -0.011201 0.023848
v 0.013435 -0.072330 0.038036
v 0.010855 -0.011201 0.023848
v 0.012512 -0.011496 0.022520
v 0.015798 -0.073075 0.035255
v 0.015592 -0.012101 0.019177
v 0.015798 -0.012127 0.018924
v 0.015798 -0.073075 0.035255
v 0.013674 -0.011627 0.021469
v 0.014170 -0.011750 0.020876
v 0.013435 -0.072330 0.038036
v 0.013435 -0.011568 0.021755
v 0.013674 -0.011627 0.021469
v 0.015798 -0.073075 0.035255
v 0.014170 -0.011750 0.020876
v 0.015592 -0.012101 0.019177
v 0.015798 -0.073075 0.035255
v 0.015798 -0.012127 0.018924
v 0.015971 -0.012193 0.018607
v 0.018635 -0.074848 0.028639
v 0.017881 -0.012975 0.014632
v 0.018635 -0.013365 0.012165
v 0.018635 -0.074848 0.028639
v 0.017725 -0.012894 0.015143
v 0.017881 -0.012975 0.014632
v 0.018635 -0.074848 0.028639
v 0.017657 -0.012846 0.015364
v 0.017725 -0.012894 0.015143
v -0.018353 -0.076000 0.020082
v -0.018209 -0.077130 0.020122
v -0.017727 -0.080918 0.020250
v -0.018353 -0.076000 0.020082
v -0.017727 -0.080918 0.020250
v -0.018208 -0.077131 0.020120
v -0.018353 -0.080918 0.025000
v -0.017727 -0.080918 0.020250
v -0.018209 -0.077130 0.020122
v -0.018353 -0.080918 0.025000
v -0.018209 -0.077130 0.020122
v -0.018442 -0.076757 0.021515
v -0.018353 -0.076000 0.020082
v -0.018353 -0.076310 0.020392
v -0.018209 -0.077130 0.020122
v -0.018353 -0.076000 0.020082
v -0.018313 -0.075692 0.020093
v -0.018407 -0.076000 0.020494
v -0.018353 -0.076000 0.020082
v -0.018208 -0.077131 0.020120
v -0.018125 -0.076000 0.019534
v -0.018353 -0.076000 0.020082
v -0.018125 -0.076000 0.019534
v -0.018250 -0.075795 0.019905
v -0.018353 -0.076000 0.020082
v -0.018407 -0.076000 0.020494
v -0.018353 -0.076310 0.020392
v -0.018353 -0.076000 0.020082
v -0.018250 -0.075795 0.019905
v -0.018313 -0.075692 0.020093
v -0.018353 -0.080918 0.025000
v -0.018442 -0.076757 0.021515
v -0.018913 -0.076000 0.024340
v -0.018353 -0.080918 0.025000
v -0.018913 -0.076000 0.024340
v -0.019000 -0.076000 0.025000
v -0.019000 -0.076000 0.025000
v -0.018913 -0.076000 0.024340
v -0.018977 -0.075823 0.025000
v -0.018353 -0.080918 0.025000
v -0.019000 -0.076000 0.025000
v -0.017727 -0.080918 0.029750
v -0.019000 -0.076000 0.025000
v -0.018977 -0.075823 0.025000
v -0.018967 -0.075807 0.025059
v -0.019000 -0.076000 0.025000
v -0.018967 -0.075807 0.025059
v -0.018378 -0.074861 0.028590
v -0.019000 -0.076000 0.025000
v -0.018353 -0.076000 0.029918
v -0.017727 -0.080918 0.029750
v -0.019000 -0.076000 0.025000
v -0.018378 -0.074861 0.028590
v -0.018353 -0.076000 0.029918
v -0.018353 -0.076000 0.029918
v -0.018378 -0.074861 0.028590
v -0.018164 -0.074519 0.029867
v -0.012977 -0.080918 0.012023
v -0.010469 -0.079863 0.009925
v -0.012016 -0.079558 0.011061
v -0.009176 -0.080918 0.009106
v -0.011635 -0.085500 0.013365
v -0.008227 -0.085500 0.010750
v -0.012977 -0.080918 0.012023
v -0.009690 -0.080016 0.009352
v -0.010469 -0.079863 0.009925
v -0.009176 -0.080918 0.009106
v -0.009690 -0.080016 0.009352
v -0.012977 -0.080918 0.012023
v -0.009176 -0.080918 0.009106
v -0.009290 -0.079189 0.008909
v -0.009690 -0.080016 0.009352
v -0.015894 -0.080918 0.015824
v -0.012977 -0.080918 0.012023
v -0.013354 -0.079264 0.012159
v -0.015894 -0.080918 0.015824
v -0.014250 -0.085500 0.016773
v -0.012977 -0.080918 0.012023
v -0.015894 -0.085500 0.020741
v -0.017727 -0.080918 0.020250
v -0.016454 -0.085500 0.025000
v -0.015894 -0.080918 0.015824
v -0.017727 -0.080918 0.020250
v -0.015894 -0.085500 0.020741
v -0.015894 -0.080918 0.015824
v -0.016189 -0.078328 0.015653
v -0.017727 -0.080918 0.020250
v -0.015894 -0.080918 0.015824
v -0.015894 -0.085500 0.020741
v -0.014250 -0.085500 0.016773
v -0.014250 -0.085500 0.016773
v -0.015894 -0.085500 0.020741
v -0.012977 -0.089435 0.021523
v -0.009500 -0.089435 0.015500
v -0.011635 -0.085500 0.013365
v -0.011635 -0.089435 0.018282
v -0.014250 -0.085500 0.016773
v -0.012977 -0.089435 0.021523
v -0.011635 -0.089435 0.018282
v -0.011635 -0.089435 0.018282
v -0.012977 -0.089435 0.021523
v -0.009176 -0.092454 0.022541
v -0.011635 -0.089435 0.018282
v -0.009176 -0.092454 0.022541
v -0.008227 -0.092454 0.020250
v -0.009500 -0.089435 0.015500
v -0.011635 -0.089435 0.018282
v -0.008227 -0.092454 0.020250
v -0.014250 -0.085500 0.016773
v -0.011635 -0.085500 0.013365
v -0.012977 -0.080918 0.012023
v -0.014250 -0.085500 0.016773
v -0.011635 -0.089435 0.018282
v -0.011635 -0.085500 0.013365
v -0.012977 -0.080918 0.012023
v -0.013124 -0.079340 0.011876
v -0.013354 -0.079264 0.012159
v -0.012977 -0.080918 0.012023
v -0.012016 -0.079558 0.011061
v -0.013124 -0.079340 0.011876
v -0.009176 -0.080918 0.009106
v -0.012977 -0.080918 0.012023
v -0.011635 -0.085500 0.013365
v -0.009500 -0.089435 0.015500
v -0.008227 -0.085500 0.010750
v -0.011635 -0.085500 0.013365
v -0.015894 -0.080918 0.015824
v -0.015634 -0.078511 0.014969
v -0.016189 -0.078328 0.015653
v -0.015894 -0.080918 0.015824
v -0.013354 -0.079264 0.012159
v -0.015634 -0.078511 0.014969
v -0.017727 -0.080918 0.020250
v -0.016189 -0.078328 0.015653
v -0.017310 -0.077663 0.018133
v -0.017727 -0.080918 0.020250
v -0.017310 -0.077663 0.018133
v -0.018208 -0.077131 0.020120
v -0.009176 -0.080918 0.009106
v -0.007224 -0.080321 0.008213
v -0.008371 -0.080198 0.008671
v -0.009176 -0.080918 0.009106
v -0.006056 -0.080446 0.007747
v -0.007224 -0.080321 0.008213
v -0.009176 -0.080918 0.009106
v -0.008465 -0.080096 0.008695
v -0.009290 -0.079189 0.008909
v -0.009176 -0.080918 0.009106
v -0.008371 -0.080198 0.008671
v -0.008465 -0.080096 0.008695
v -0.009176 -0.080918 0.009106
v -0.008227 -0.085500 0.010750
v -0.004750 -0.080918 0.007273
v -0.008227 -0.085500 0.010750
v -0.006718 -0.089435 0.013365
v -0.004259 -0.085500 0.009106
v -0.008227 -0.085500 0.010750
v -0.004259 -0.085500 0.009106
v -0.004750 -0.080918 0.007273
v -0.009176 -0.080918 0.009106
v -0.004750 -0.080918 0.007273
v -0.006056 -0.080446 0.007747
v -0.004750 -0.080918 0.007273
v -0.004161 -0.080308 0.007115
v -0.004800 -0.079453 0.007087
v -0.004750 -0.080918 0.007273
v -0.004800 -0.079453 0.007087
v -0.006056 -0.080446 0.007747
v -0.003477 -0.089435 0.012023
v 0.000000 -0.089435 0.011565
v 0.000000 -0.085500 0.008546
v -0.004259 -0.085500 0.009106
v -0.003477 -0.089435 0.012023
v 0.000000 -0.085500 0.008546
v -0.004750 -0.080918 0.007273
v -0.003933 -0.080613 0.007125
v -0.004161 -0.080308 0.007115
v -0.004750 -0.080918 0.007273
v -0.004259 -0.085500 0.009106
v 0.000000 -0.080918 0.006647
v -0.004750 -0.080918 0.007273
v 0.000000 -0.080918 0.006647
v -0.003933 -0.080613 0.007125
v 0.000000 -0.080918 0.006647
v -0.003699 -0.080621 0.007095
v -0.003933 -0.080613 0.007125
v -0.004259 -0.085500 0.009106
v 0.000000 -0.085500 0.008546
v 0.000000 -0.080918 0.006647
v 0.000000 -0.080918 0.006647
v -0.002534 -0.080660 0.006947
v -0.003699 -0.080621 0.007095
v 0.000000 -0.080918 0.006647
v 0.000000 -0.080109 0.006541
v -0.002534 -0.080660 0.006947
v -0.009500 -0.089435 0.015500
v -0.006718 -0.089435 0.013365
v -0.008227 -0.085500 0.010750
v -0.009500 -0.089435 0.015500
v -0.006718 -0.092454 0.018282
v -0.006718 -0.089435 0.013365
v -0.004750 -0.092454 0.016773
v -0.006718 -0.089435 0.013365
v -0.006718 -0.092454 0.018282
v -0.004750 -0.092454 0.016773
v -0.003477 -0.089435 0.012023
v -0.006718 -0.089435 0.013365
v -0.004259 -0.085500 0.009106
v -0.006718 -0.089435 0.013365
v -0.003477 -0.089435 0.012023
v -0.009500 -0.089435 0.015500
v -0.008227 -0.092454 0.020250
v -0.006718 -0.092454 0.018282
v -0.008227 -0.092454 0.020250
v -0.009176 -0.092454 0.022541
v -0.004750 -0.094353 0.023727
v -0.004750 -0.092454 0.016773
v -0.006718 -0.092454 0.018282
v -0.003477 -0.094353 0.021523
v -0.008227 -0.092454 0.020250
v -0.004259 -0.094353 0.022541
v -0.006718 -0.092454 0.018282
v -0.008227 -0.092454 0.020250
v -0.004750 -0.094353 0.023727
v -0.004259 -0.094353 0.022541
v -0.006718 -0.092454 0.018282
v -0.004259 -0.094353 0.022541
v -0.003477 -0.094353 0.021523
v -0.004750 -0.092454 0.016773
v -0.002459 -0.092454 0.015824
v -0.003477 -0.089435 0.012023
v -0.002459 -0.092454 0.015824
v 0.000000 -0.092454 0.015500
v 0.000000 -0.089435 0.011565
v -0.002459 -0.092454 0.015824
v 0.000000 -0.089435 0.011565
v -0.003477 -0.089435 0.012023
v -0.004750 -0.092454 0.016773
v -0.002459 -0.094353 0.020741
v -0.002459 -0.092454 0.015824
v -0.004750 -0.092454 0.016773
v -0.003477 -0.094353 0.021523
v -0.002459 -0.094353 0.020741
v -0.002459 -0.092454 0.015824
v -0.001273 -0.094353 0.020250
v 0.000000 -0.092454 0.015500
v -0.002459 -0.092454 0.015824
v -0.002459 -0.094353 0.020741
v -0.001273 -0.094353 0.020250
v -0.001273 -0.094353 0.020250
v 0.000000 -0.094353 0.020082
v 0.000000 -0.092454 0.015500
v -0.002459 -0.094353 0.020741
v 0.000000 -0.095000 0.025000
v -0.001273 -0.094353 0.020250
v -0.001273 -0.094353 0.020250
v 0.000000 -0.095000 0.025000
v 0.000000 -0.094353 0.020082
v -0.015894 -0.085500 0.020741
v -0.013435 -0.089435 0.025000
v -0.012977 -0.089435 0.021523
v -0.016454 -0.085500 0.025000
v -0.012977 -0.089435 0.028477
v -0.013435 -0.089435 0.025000
v -0.015894 -0.085500 0.029259
v -0.011635 -0.089435 0.031718
v -0.012977 -0.089435 0.028477
v -0.018353 -0.080918 0.025000
v -0.015894 -0.085500 0.029259
v -0.016454 -0.085500 0.025000
v -0.018353 -0.080918 0.025000
v -0.016454 -0.085500 0.025000
v -0.017727 -0.080918 0.020250
v -0.015894 -0.085500 0.020741
v -0.016454 -0.085500 0.025000
v -0.013435 -0.089435 0.025000
v -0.016454 -0.085500 0.025000
v -0.015894 -0.085500 0.029259
v -0.012977 -0.089435 0.028477
v -0.015894 -0.085500 0.029259
v -0.017727 -0.080918 0.029750
v -0.014250 -0.085500 0.033227
v -0.018353 -0.080918 0.025000
v -0.017727 -0.080918 0.029750
v -0.015894 -0.085500 0.029259
v -0.017727 -0.080918 0.029750
v -0.015894 -0.080918 0.034176
v -0.014250 -0.085500 0.033227
v -0.015894 -0.085500 0.029259
v -0.014250 -0.085500 0.033227
v -0.011635 -0.089435 0.031718
v -0.012977 -0.089435 0.021523
v -0.013435 -0.089435 0.025000
v -0.009500 -0.092454 0.025000
v -0.013435 -0.089435 0.025000
v -0.012977 -0.089435 0.028477
v -0.009176 -0.092454 0.027459
v -0.012977 -0.089435 0.021523
v -0.009500 -0.092454 0.025000
v -0.009176 -0.092454 0.022541
v -0.013435 -0.089435 0.025000
v -0.009176 -0.092454 0.027459
v -0.009500 -0.092454 0.025000
v -0.009176 -0.092454 0.027459
v -0.012977 -0.089435 0.028477
v -0.008227 -0.092454 0.029750
v -0.012977 -0.089435 0.028477
v -0.011635 -0.089435 0.031718
v -0.008227 -0.092454 0.029750
v -0.011635 -0.089435 0.031718
v -0.009500 -0.089435 0.034500
v -0.006718 -0.092454 0.031718
v -0.015894 -0.080918 0.034176
v -0.011635 -0.085500 0.036635
v -0.014250 -0.085500 0.033227
v -0.015894 -0.080918 0.034176
v -0.012977 -0.080918 0.037977
v -0.011635 -0.085500 0.036635
v -0.011635 -0.089435 0.031718
v -0.014250 -0.085500 0.033227
v -0.009500 -0.089435 0.034500
v -0.009500 -0.089435 0.034500
v -0.011635 -0.085500 0.036635
v -0.006718 -0.089435 0.036635
v -0.014250 -0.085500 0.033227
v -0.011635 -0.085500 0.036635
v -0.009500 -0.089435 0.034500
v -0.011635 -0.085500 0.036635
v -0.012977 -0.080918 0.037977
v -0.008227 -0.085500 0.039250
v -0.012977 -0.080918 0.037977
v -0.009176 -0.080918 0.040894
v -0.008227 -0.085500 0.039250
v -0.018353 -0.076000 0.029918
v -0.015894 -0.080918 0.034176
v -0.017727 -0.080918 0.029750
v -0.018353 -0.076000 0.029918
v -0.016454 -0.076000 0.034500
v -0.015894 -0.080918 0.034176
v -0.018353 -0.076000 0.029918
v -0.018164 -0.074519 0.029867
v -0.017223 -0.073961 0.031950
v -0.018353 -0.076000 0.029918
v -0.017223 -0.073961 0.031950
v -0.016454 -0.076000 0.034500
v -0.016454 -0.076000 0.034500
v -0.017223 -0.073961 0.031950
v -0.016149 -0.073325 0.034324
v -0.016454 -0.076000 0.034500
v -0.016149 -0.073325 0.034324
v -0.015533 -0.073121 0.035084
v -0.015894 -0.080918 0.034176
v -0.016454 -0.076000 0.034500
v -0.012977 -0.080918 0.037977
v -0.012977 -0.080918 0.037977
v -0.016454 -0.076000 0.034500
v -0.013435 -0.076000 0.038435
v -0.016454 -0.076000 0.034500
v -0.015533 -0.073121 0.035084
v -0.013435 -0.076000 0.038435
v -0.013435 -0.076000 0.038435
v -0.015533 -0.073121 0.035084
v -0.013268 -0.072373 0.037875
v -0.013435 -0.076000 0.038435
v -0.013268 -0.072373 0.037875
v -0.013092 -0.072315 0.038092
v -0.013435 -0.076000 0.038435
v -0.013092 -0.072315 0.038092
v -0.012226 -0.072145 0.038728
v -0.012977 -0.080918 0.037977
v -0.013435 -0.076000 0.038435
v -0.009176 -0.080918 0.040894
v -0.013435 -0.076000 0.038435
v -0.012226 -0.072145 0.038728
v -0.009500 -0.076000 0.041454
v -0.009176 -0.080918 0.040894
v -0.013435 -0.076000 0.038435
v -0.009500 -0.076000 0.041454
v -0.009500 -0.076000 0.041454
v -0.012226 -0.072145 0.038728
v -0.010390 -0.071783 0.040078
v -0.009500 -0.076000 0.041454
v -0.010390 -0.071783 0.040078
v -0.009207 -0.071550 0.040947
v -0.009500 -0.076000 0.041454
v -0.009207 -0.071550 0.040947
v -0.008808 -0.071507 0.041106
v -0.009176 -0.092454 0.022541
v -0.009500 -0.092454 0.025000
v -0.004918 -0.094353 0.025000
v -0.009500 -0.092454 0.025000
v -0.009176 -0.092454 0.027459
v -0.004750 -0.094353 0.026273
v -0.009176 -0.092454 0.022541
v -0.004918 -0.094353 0.025000
v -0.004750 -0.094353 0.023727
v -0.009500 -0.092454 0.025000
v -0.004750 -0.094353 0.026273
v -0.004918 -0.094353 0.025000
v -0.009176 -0.092454 0.027459
v -0.004259 -0.094353 0.027459
v -0.004750 -0.094353 0.026273
v -0.009176 -0.092454 0.027459
v -0.008227 -0.092454 0.029750
v -0.004259 -0.094353 0.027459
v -0.011635 -0.089435 0.031718
v -0.006718 -0.092454 0.031718
v -0.008227 -0.092454 0.029750
v -0.008227 -0.092454 0.029750
v -0.006718 -0.092454 0.031718
v -0.003477 -0.094353 0.028477
v -0.008227 -0.092454 0.029750
v -0.003477 -0.094353 0.028477
v -0.004259 -0.094353 0.027459
v -0.006718 -0.092454 0.031718
v -0.004750 -0.092454 0.033227
v -0.002459 -0.094353 0.029259
v -0.003477 -0.094353 0.021523
v -0.004259 -0.094353 0.022541
v 0.000000 -0.095000 0.025000
v -0.004750 -0.094353 0.023727
v 0.000000 -0.095000 0.025000
v -0.004259 -0.094353 0.022541
v -0.004750 -0.094353 0.023727
v -0.004918 -0.094353 0.025000
v 0.000000 -0.095000 0.025000
v -0.004918 -0.094353 0.025000
v -0.004750 -0.094353 0.026273
v 0.000000 -0.095000 0.025000
v -0.004750 -0.094353 0.026273
v -0.004259 -0.094353 0.027459
v 0.000000 -0.095000 0.025000
v -0.004259 -0.094353 0.027459
v -0.003477 -0.094353 0.028477
v 0.000000 -0.095000 0.025000
v -0.003477 -0.094353 0.021523
v 0.000000 -0.095000 0.025000
v -0.002459 -0.094353 0.020741
v -0.003477 -0.094353 0.028477
v -0.002459 -0.094353 0.029259
v 0.000000 -0.095000 0.025000
v -0.006718 -0.092454 0.031718
v -0.002459 -0.094353 0.029259
v -0.003477 -0.094353 0.028477
v -0.002459 -0.094353 0.029259
v -0.004750 -0.092454 0.033227
v -0.001273 -0.094353 0.029750
v -0.001273 -0.094353 0.029750
v -0.004750 -0.092454 0.033227
v -0.002459 -0.092454 0.034176
v -0.002459 -0.094353 0.029259
v -0.001273 -0.094353 0.029750
v 0.000000 -0.095000 0.025000
v -0.001273 -0.094353 0.029750
v 0.000000 -0.094353 0.029918
v 0.000000 -0.095000 0.025000
v -0.001273 -0.094353 0.029750
v -0.002459 -0.092454 0.034176
v 0.000000 -0.094353 0.029918
v -0.002459 -0.092454 0.034176
v 0.000000 -0.092454 0.034500
v 0.000000 -0.094353 0.029918
v -0.009500 -0.089435 0.034500
v -0.004750 -0.092454 0.033227
v -0.006718 -0.092454 0.031718
v -0.009500 -0.089435 0.034500
v -0.006718 -0.089435 0.036635
v -0.004750 -0.092454 0.033227
v -0.004750 -0.092454 0.033227
v -0.006718 -0.089435 0.036635
v -0.002459 -0.092454 0.034176
v -0.006718 -0.089435 0.036635
v -0.008227 -0.085500 0.039250
v -0.003477 -0.089435 0.037977
v -0.011635 -0.085500 0.036635
v -0.008227 -0.085500 0.039250
v -0.006718 -0.089435 0.036635
v -0.009176 -0.080918 0.040894
v -0.004259 -0.085500 0.040894
v -0.008227 -0.085500 0.039250
v -0.008227 -0.085500 0.039250
v -0.004259 -0.085500 0.040894
v -0.003477 -0.089435 0.037977
v -0.009176 -0.080918 0.040894
v -0.004750 -0.080918 0.042727
v -0.004259 -0.085500 0.040894
v -0.006718 -0.089435 0.036635
v -0.003477 -0.089435 0.037977
v -0.002459 -0.092454 0.034176
v -0.002459 -0.092454 0.034176
v -0.003477 -0.089435 0.037977
v 0.000000 -0.092454 0.034500
v -0.003477 -0.089435 0.037977
v 0.000000 -0.089435 0.038435
v 0.000000 -0.092454 0.034500
v -0.003477 -0.089435 0.037977
v -0.004259 -0.085500 0.040894
v 0.000000 -0.089435 0.038435
v -0.004750 -0.080918 0.042727
v 0.000000 -0.085500 0.041454
v -0.004259 -0.085500 0.040894
v -0.004259 -0.085500 0.040894
v 0.000000 -0.085500 0.041454
v 0.000000 -0.089435 0.038435
v -0.004750 -0.080918 0.042727
v 0.000000 -0.080918 0.043353
v 0.000000 -0.085500 0.041454
v -0.009176 -0.080918 0.040894
v -0.009500 -0.076000 0.041454
v -0.004750 -0.080918 0.042727
v -0.009500 -0.076000 0.041454
v -0.008808 -0.071507 0.041106
v -0.004918 -0.076000 0.043353
v -0.004918 -0.076000 0.043353
v -0.008808 -0.071507 0.041106
v -0.007163 -0.071332 0.041763
v -0.009500 -0.076000 0.041454
v -0.004918 -0.076000 0.043353
v -0.004750 -0.080918 0.042727
v -0.004918 -0.076000 0.043353
v -0.007163 -0.071332 0.041763
v -0.004834 -0.071082 0.042692
v -0.004918 -0.076000 0.043353
v -0.004834 -0.071082 0.042692
v -0.004750 -0.071082 0.042727
v -0.004750 -0.071082 0.042727
v -0.004834 -0.071082 0.042692
v -0.004756 -0.071075 0.042721
v -0.004750 -0.071082 0.042727
v -0.004756 -0.071075 0.042721
v -0.004749 -0.071074 0.042724
v -0.004750 -0.080918 0.042727
v -0.004918 -0.076000 0.043353
v 0.000000 -0.080918 0.043353
v -0.004918 -0.076000 0.043353
v -0.004750 -0.071082 0.042727
v 0.000000 -0.076000 0.044000
v -0.004918 -0.076000 0.043353
v 0.000000 -0.076000 0.044000
v 0.000000 -0.080918 0.043353
v -0.004750 -0.071082 0.042727
v 0.000000 -0.071082 0.043353
v 0.000000 -0.076000 0.044000
v -0.004750 -0.071082 0.042727
v -0.004749 -0.071074 0.042724
v -0.003664 -0.071040 0.042852
v -0.004750 -0.071082 0.042727
v -0.003664 -0.071040 0.042852
v 0.000000 -0.071082 0.043353
v 0.000000 -0.071082 0.043353
v -0.003664 -0.071040 0.042852
v -0.000144 -0.070928 0.043270
v 0.000000 -0.071082 0.043353
v -0.000144 -0.070928 0.043270
v 0.000000 -0.070923 0.043287
v 0.004259 -0.085500 0.009106
v 0.000000 -0.089435 0.011565
v 0.003477 -0.089435 0.012023
v 0.000000 -0.085500 0.008546
v 0.000000 -0.089435 0.011565
v 0.004259 -0.085500 0.009106
v 0.000000 -0.080918 0.006647
v 0.000000 -0.080109 0.006541
v 0.000000 -0.080109 0.006541
v 0.000000 -0.080918 0.006647
v 0.000033 -0.080116 0.006546
v 0.000000 -0.080109 0.006541
v 0.000000 -0.080918 0.006647
v 0.000664 -0.080253 0.006647
v 0.000033 -0.080116 0.006546
v 0.000000 -0.080918 0.006647
v 0.002534 -0.080660 0.006947
v 0.000664 -0.080253 0.006647
v 0.000000 -0.085500 0.008546
v 0.004750 -0.080918 0.007273
v 0.000000 -0.080918 0.006647
v 0.000000 -0.080918 0.006647
v 0.003699 -0.080621 0.007095
v 0.002534 -0.080660 0.006947
v 0.000000 -0.085500 0.008546
v 0.004259 -0.085500 0.009106
v 0.004750 -0.080918 0.007273
v 0.000000 -0.080918 0.006647
v 0.003933 -0.080613 0.007125
v 0.003699 -0.080621 0.007095
v 0.000000 -0.080918 0.006647
v 0.004750 -0.080918 0.007273
v 0.003933 -0.080613 0.007125
v 0.004750 -0.080918 0.007273
v 0.004800 -0.079453 0.007087
v 0.003933 -0.080613 0.007125
v 0.004259 -0.085500 0.009106
v 0.003477 -0.089435 0.012023
v 0.008227 -0.085500 0.010750
v 0.004750 -0.080918 0.007273
v 0.005574 -0.080065 0.007493
v 0.004800 -0.079453 0.007087
v 0.004750 -0.080918 0.007273
v 0.006056 -0.080446 0.007747
v 0.005574 -0.080065 0.007493
v 0.004259 -0.085500 0.009106
v 0.009176 -0.080918 0.009106
v 0.004750 -0.080918 0.007273
v 0.004750 -0.080918 0.007273
v 0.009176 -0.080918 0.009106
v 0.006056 -0.080446 0.007747
v 0.004259 -0.085500 0.009106
v 0.008227 -0.085500 0.010750
v 0.009176 -0.080918 0.009106
v 0.009176 -0.080918 0.009106
v 0.007224 -0.080321 0.008213
v 0.006056 -0.080446 0.007747
v 0.009176 -0.080918 0.009106
v 0.008371 -0.080198 0.008671
v 0.007224 -0.080321 0.008213
v 0.009176 -0.080918 0.009106
v 0.009290 -0.079189 0.008909
v 0.008371 -0.080198 0.008671
v 0.000000 -0.092454 0.015500
v 0.002459 -0.092454 0.015824
v 0.003477 -0.089435 0.012023
v 0.000000 -0.092454 0.015500
v 0.003477 -0.089435 0.012023
v 0.000000 -0.089435 0.011565
v 0.002459 -0.092454 0.015824
v 0.006718 -0.089435 0.013365
v 0.003477 -0.089435 0.012023
v 0.000000 -0.092454 0.015500
v 0.000000 -0.094353 0.020082
v 0.002459 -0.092454 0.015824
v 0.002459 -0.092454 0.015824
v 0.000000 -0.094353 0.020082
v 0.001273 -0.094353 0.020250
v 0.000000 -0.094353 0.020082
v 0.000000 -0.095000 0.025000
v 0.001273 -0.094353 0.020250
v 0.001273 -0.094353 0.020250
v 0.000000 -0.095000 0.025000
v 0.002459 -0.094353 0.020741
v 0.002459 -0.092454 0.015824
v 0.001273 -0.094353 0.020250
v 0.004750 -0.092454 0.016773
v 0.001273 -0.094353 0.020250
v 0.002459 -0.094353 0.020741
v 0.004750 -0.092454 0.016773
v 0.002459 -0.094353 0.020741
v 0.003477 -0.094353 0.021523
v 0.006718 -0.092454 0.018282
v 0.002459 -0.092454 0.015824
v 0.004750 -0.092454 0.016773
v 0.006718 -0.089435 0.013365
v 0.008227 -0.085500 0.010750
v 0.003477 -0.089435 0.012023
v 0.006718 -0.089435 0.013365
v 0.004750 -0.092454 0.016773
v 0.009500 -0.089435 0.015500
v 0.006718 -0.089435 0.013365
v 0.002459 -0.094353 0.020741
v 0.006718 -0.092454 0.018282
v 0.004750 -0.092454 0.016773
v 0.003477 -0.094353 0.021523
v 0.004259 -0.094353 0.022541
v 0.008227 -0.092454 0.020250
v 0.003477 -0.094353 0.021523
v 0.008227 -0.092454 0.020250
v 0.006718 -0.092454 0.018282
v 0.004750 -0.092454 0.016773
v 0.006718 -0.092454 0.018282
v 0.009500 -0.089435 0.015500
v 0.006718 -0.092454 0.018282
v 0.008227 -0.092454 0.020250
v 0.011635 -0.089435 0.018282
v 0.008227 -0.092454 0.020250
v 0.004259 -0.094353 0.022541
v 0.009176 -0.092454 0.022541
v 0.008227 -0.085500 0.010750
v 0.006718 -0.089435 0.013365
v 0.011635 -0.085500 0.013365
v 0.009176 -0.080918 0.009106
v 0.009690 -0.080016 0.009352
v 0.009290 -0.079189 0.008909
v 0.009176 -0.080918 0.009106
v 0.010012 -0.079953 0.009589
v 0.009690 -0.080016 0.009352
v 0.008227 -0.085500 0.010750
v 0.012977 -0.080918 0.012023
v 0.009176 -0.080918 0.009106
v 0.009176 -0.080918 0.009106
v 0.012977 -0.080918 0.012023
v 0.010012 -0.079953 0.009589
v 0.012977 -0.080918 0.012023
v 0.010469 -0.079863 0.009925
v 0.010012 -0.079953 0.009589
v 0.012977 -0.080918 0.012023
v 0.013124 -0.079340 0.011876
v 0.010469 -0.079863 0.009925
v 0.006718 -0.089435 0.013365
v 0.009500 -0.089435 0.015500
v 0.011635 -0.085500 0.013365
v 0.008227 -0.092454 0.020250
v 0.009176 -0.092454 0.022541
v 0.012977 -0.089435 0.021523
v 0.006718 -0.092454 0.018282
v 0.011635 -0.089435 0.018282
v 0.009500 -0.089435 0.015500
v 0.008227 -0.092454 0.020250
v 0.012977 -0.089435 0.021523
v 0.011635 -0.089435 0.018282
v 0.009500 -0.089435 0.015500
v 0.011635 -0.089435 0.018282
v 0.014250 -0.085500 0.016773
v 0.008227 -0.085500 0.010750
v 0.011635 -0.085500 0.013365
v 0.012977 -0.080918 0.012023
v 0.009500 -0.089435 0.015500
v 0.014250 -0.085500 0.016773
v 0.011635 -0.085500 0.013365
v 0.012977 -0.080918 0.012023
v 0.013354 -0.079264 0.012159
v 0.013124 -0.079340 0.011876
v 0.011635 -0.089435 0.018282
v 0.012977 -0.089435 0.021523
v 0.015894 -0.085500 0.020741
v 0.011635 -0.085500 0.013365
v 0.014250 -0.085500 0.016773
v 0.015894 -0.080918 0.015824
v 0.011635 -0.085500 0.013365
v 0.015894 -0.080918 0.015824
v 0.012977 -0.080918 0.012023
v 0.012977 -0.080918 0.012023
v 0.015894 -0.080918 0.015824
v 0.015634 -0.078511 0.014969
v 0.011635 -0.089435 0.018282
v 0.015894 -0.085500 0.020741
v 0.014250 -0.085500 0.016773
v 0.014250 -0.085500 0.016773
v 0.015894 -0.085500 0.020741
v 0.017727 -0.080918 0.020250
v 0.014250 -0.085500 0.016773
v 0.017727 -0.080918 0.020250
v 0.015894 -0.080918 0.015824
v 0.015894 -0.085500 0.020741
v 0.018353 -0.080918 0.025000
v 0.017727 -0.080918 0.020250
v 0.012977 -0.080918 0.012023
v 0.015634 -0.078511 0.014969
v 0.013354 -0.079264 0.012159
v 0.015894 -0.080918 0.015824
v 0.016189 -0.078328 0.015653
v 0.015634 -0.078511 0.014969
v 0.015894 -0.080918 0.015824
v 0.017310 -0.077663 0.018133
v 0.016189 -0.078328 0.015653
v 0.015894 -0.080918 0.015824
v 0.018208 -0.077131 0.020120
v 0.017310 -0.077663 0.018133
v 0.015894 -0.080918 0.015824
v 0.017727 -0.080918 0.020250
v 0.018208 -0.077131 0.020120
v 0.002459 -0.094353 0.020741
v 0.000000 -0.095000 0.025000
v 0.003477 -0.094353 0.021523
v 0.000000 -0.095000 0.025000
v 0.002459 -0.094353 0.029259
v 0.003477 -0.094353 0.028477
v 0.003477 -0.094353 0.021523
v 0.000000 -0.095000 0.025000
v 0.004259 -0.094353 0.022541
v 0.000000 -0.095000 0.025000
v 0.004750 -0.094353 0.023727
v 0.004259 -0.094353 0.022541
v 0.000000 -0.095000 0.025000
v 0.004918 -0.094353 0.025000
v 0.004750 -0.094353 0.023727
v 0.000000 -0.095000 0.025000
v 0.004750 -0.094353 0.026273
v 0.004918 -0.094353 0.025000
v 0.000000 -0.095000 0.025000
v 0.004259 -0.094353 0.027459
v 0.004750 -0.094353 0.026273
v 0.000000 -0.095000 0.025000
v 0.003477 -0.094353 0.028477
v 0.004259 -0.094353 0.027459
v 0.000000 -0.095000 0.025000
v 0.000000 -0.094353 0.029918
v 0.001273 -0.094353 0.029750
v 0.000000 -0.095000 0.025000
v 0.001273 -0.094353 0.029750
v 0.002459 -0.094353 0.029259
v 0.000000 -0.094353 0.029918
v 0.000000 -0.092454 0.034500
v 0.001273 -0.094353 0.029750
v 0.001273 -0.094353 0.029750
v 0.002459 -0.092454 0.034176
v 0.002459 -0.094353 0.029259
v 0.001273 -0.094353 0.029750
v 0.000000 -0.092454 0.034500
v 0.002459 -0.092454 0.034176
v 0.002459 -0.094353 0.029259
v 0.004750 -0.092454 0.033227
v 0.003477 -0.094353 0.028477
v 0.002459 -0.094353 0.029259
v 0.002459 -0.092454 0.034176
v 0.004750 -0.092454 0.033227
v 0.004259 -0.094353 0.022541
v 0.004750 -0.094353 0.023727
v 0.009176 -0.092454 0.022541
v 0.004750 -0.094353 0.023727
v 0.004918 -0.094353 0.025000
v 0.009500 -0.092454 0.025000
v 0.004918 -0.094353 0.025000
v 0.004750 -0.094353 0.026273
v 0.009176 -0.092454 0.027459
v 0.004750 -0.094353 0.023727
v 0.009500 -0.092454 0.025000
v 0.009176 -0.092454 0.022541
v 0.004918 -0.094353 0.025000
v 0.009176 -0.092454 0.027459
v 0.009500 -0.092454 0.025000
v 0.004259 -0.094353 0.027459
v 0.003477 -0.094353 0.028477
v 0.006718 -0.092454 0.031718
v 0.004259 -0.094353 0.027459
v 0.008227 -0.092454 0.029750
v 0.004750 -0.094353 0.026273
v 0.004259 -0.094353 0.027459
v 0.006718 -0.092454 0.031718
v 0.008227 -0.092454 0.029750
v 0.003477 -0.094353 0.028477
v 0.004750 -0.092454 0.033227
v 0.006718 -0.092454 0.031718
v 0.004750 -0.094353 0.026273
v 0.008227 -0.092454 0.029750
v 0.009176 -0.092454 0.027459
v 0.006718 -0.092454 0.031718
v 0.009500 -0.089435 0.034500
v 0.008227 -0.092454 0.029750
v 0.000000 -0.092454 0.034500
v 0.000000 -0.089435 0.038435
v 0.002459 -0.092454 0.034176
v 0.000000 -0.089435 0.038435
v 0.003477 -0.089435 0.037977
v 0.002459 -0.092454 0.034176
v 0.002459 -0.092454 0.034176
v 0.003477 -0.089435 0.037977
v 0.004750 -0.092454 0.033227
v 0.000000 -0.089435 0.038435
v 0.000000 -0.085500 0.041454
v 0.003477 -0.089435 0.037977
v 0.000000 -0.085500 0.041454
v 0.000000 -0.080918 0.043353
v 0.004259 -0.085500 0.040894
v 0.003477 -0.089435 0.037977
v 0.000000 -0.085500 0.041454
v 0.004259 -0.085500 0.040894
v 0.000000 -0.080918 0.043353
v 0.004750 -0.080918 0.042727
v 0.004259 -0.085500 0.040894
v 0.006718 -0.092454 0.031718
v 0.004750 -0.092454 0.033227
v 0.006718 -0.089435 0.036635
v 0.003477 -0.089435 0.037977
v 0.006718 -0.089435 0.036635
v 0.004750 -0.092454 0.033227
v 0.003477 -0.089435 0.037977
v 0.004259 -0.085500 0.040894
v 0.006718 -0.089435 0.036635
v 0.006718 -0.092454 0.031718
v 0.006718 -0.089435 0.036635
v 0.009500 -0.089435 0.034500
v 0.006718 -0.089435 0.036635
v 0.008227 -0.085500 0.039250
v 0.009500 -0.089435 0.034500
v 0.004259 -0.085500 0.040894
v 0.008227 -0.085500 0.039250
v 0.006718 -0.089435 0.036635
v 0.004259 -0.085500 0.040894
v 0.004750 -0.080918 0.042727
v 0.008227 -0.085500 0.039250
v 0.004750 -0.080918 0.042727
v 0.009176 -0.080918 0.040894
v 0.008227 -0.085500 0.039250
v 0.000000 -0.080918 0.043353
v 0.000000 -0.076000 0.044000
v 0.004750 -0.080918 0.042727
v 0.000000 -0.076000 0.044000
v 0.000000 -0.071082 0.043353
v 0.004918 -0.076000 0.043353
v 0.004750 -0.080918 0.042727
v 0.000000 -0.076000 0.044000
v 0.004918 -0.076000 0.043353
v 0.000000 -0.071082 0.043353
v 0.004750 -0.071082 0.042727
v 0.004918 -0.076000 0.043353
v 0.000000 -0.071082 0.043353
v 0.000000 -0.070923 0.043287
v 0.003664 -0.071040 0.042852
v 0.000000 -0.071082 0.043353
v 0.003664 -0.071040 0.042852
v 0.004750 -0.071082 0.042727
v 0.004750 -0.071082 0.042727
v 0.003664 -0.071040 0.042852
v 0.004741 -0.071074 0.042725
v 0.004750 -0.080918 0.042727
v 0.004918 -0.076000 0.043353
v 0.009176 -0.080918 0.040894
v 0.004918 -0.076000 0.043353
v 0.004750 -0.071082 0.042727
v 0.009500 -0.076000 0.041454
v 0.004918 -0.076000 0.043353
v 0.009500 -0.076000 0.041454
v 0.009176 -0.080918 0.040894
v 0.004750 -0.071082 0.042727
v 0.007163 -0.071332 0.041763
v 0.009500 -0.076000 0.041454
v 0.009500 -0.076000 0.041454
v 0.007163 -0.071332 0.041763
v 0.009207 -0.071550 0.040947
v 0.004750 -0.071082 0.042727
v 0.004834 -0.071082 0.042692
v 0.007163 -0.071332 0.041763
v 0.004750 -0.071082 0.042727
v 0.004741 -0.071074 0.042725
v 0.004749 -0.071074 0.042724
v 0.004750 -0.071082 0.042727
v 0.004749 -0.071074 0.042724
v 0.004834 -0.071082 0.042692
v 0.009176 -0.092454 0.022541
v 0.009500 -0.092454 0.025000
v 0.013435 -0.089435 0.025000
v 0.009500 -0.092454 0.025000
v 0.009176 -0.092454 0.027459
v 0.012977 -0.089435 0.028477
v 0.012977 -0.089435 0.021523
v 0.009176 -0.092454 0.022541
v 0.013435 -0.089435 0.025000
v 0.009500 -0.092454 0.025000
v 0.012977 -0.089435 0.028477
v 0.013435 -0.089435 0.025000
v 0.008227 -0.092454 0.029750
v 0.011635 -0.089435 0.031718
v 0.009176 -0.092454 0.027459
v 0.008227 -0.092454 0.029750
v 0.009500 -0.089435 0.034500
v 0.011635 -0.089435 0.031718
v 0.009176 -0.092454 0.027459
v 0.011635 -0.089435 0.031718
v 0.012977 -0.089435 0.028477
v 0.012977 -0.089435 0.028477
v 0.011635 -0.089435 0.031718
v 0.014250 -0.085500 0.033227
v 0.012977 -0.089435 0.021523
v 0.013435 -0.089435 0.025000
v 0.016454 -0.085500 0.025000
v 0.013435 -0.089435 0.025000
v 0.012977 -0.089435 0.028477
v 0.015894 -0.085500 0.029259
v 0.012977 -0.089435 0.021523
v 0.016454 -0.085500 0.025000
v 0.015894 -0.085500 0.020741
v 0.013435 -0.089435 0.025000
v 0.015894 -0.085500 0.029259
v 0.016454 -0.085500 0.025000
v 0.015894 -0.085500 0.020741
v 0.016454 -0.085500 0.025000
v 0.018353 -0.080918 0.025000
v 0.016454 -0.085500 0.025000
v 0.017727 -0.080918 0.029750
v 0.018353 -0.080918 0.025000
v 0.012977 -0.089435 0.028477
v 0.014250 -0.085500 0.033227
v 0.015894 -0.085500 0.029259
v 0.015894 -0.085500 0.029259
v 0.014250 -0.085500 0.033227
v 0.015894 -0.080918 0.034176
v 0.016454 -0.085500 0.025000
v 0.015894 -0.085500 0.029259
v 0.017727 -0.080918 0.029750
v 0.015894 -0.085500 0.029259
v 0.015894 -0.080918 0.034176
v 0.017727 -0.080918 0.029750
v 0.011635 -0.089435 0.031718
v 0.009500 -0.089435 0.034500
v 0.011635 -0.085500 0.036635
v 0.008227 -0.085500 0.039250
v 0.011635 -0.085500 0.036635
v 0.009500 -0.089435 0.034500
v 0.011635 -0.089435 0.031718
v 0.011635 -0.085500 0.036635
v 0.014250 -0.085500 0.033227
v 0.011635 -0.085500 0.036635
v 0.012977 -0.080918 0.037977
v 0.014250 -0.085500 0.033227
v 0.011635 -0.085500 0.036635
v 0.009176 -0.080918 0.040894
v 0.012977 -0.080918 0.037977
v 0.008227 -0.085500 0.039250
v 0.009176 -0.080918 0.040894
v 0.011635 -0.085500 0.036635
v 0.012977 -0.080918 0.037977
v 0.015894 -0.080918 0.034176
v 0.014250 -0.085500 0.033227
v 0.017727 -0.080918 0.029750
v 0.015894 -0.080918 0.034176
v 0.016454 -0.076000 0.034500
v 0.017727 -0.080918 0.029750
v 0.016454 -0.076000 0.034500
v 0.018353 -0.076000 0.029918
v 0.018353 -0.076000 0.029918
v 0.017223 -0.073961 0.031950
v 0.018164 -0.074519 0.029867
v 0.016454 -0.076000 0.034500
v 0.017223 -0.073961 0.031950
v 0.018353 -0.076000 0.029918
v 0.013435 -0.076000 0.038435
v 0.013092 -0.072315 0.038092
v 0.013268 -0.072373 0.037875
v 0.012977 -0.080918 0.037977
v 0.009176 -0.080918 0.040894
v 0.009500 -0.076000 0.041454
v 0.009500 -0.076000 0.041454
v 0.009207 -0.071550 0.040947
v 0.009658 -0.071639 0.040616
v 0.013435 -0.076000 0.038435
v 0.009500 -0.076000 0.041454
v 0.009658 -0.071639 0.040616
v 0.013435 -0.076000 0.038435
v 0.009658 -0.071639 0.040616
v 0.010390 -0.071783 0.040078
v 0.012977 -0.080918 0.037977
v 0.009500 -0.076000 0.041454
v 0.013435 -0.076000 0.038435
v 0.013435 -0.076000 0.038435
v 0.010390 -0.071783 0.040078
v 0.013092 -0.072315 0.038092
v 0.015894 -0.080918 0.034176
v 0.013435 -0.076000 0.038435
v 0.016454 -0.076000 0.034500
v 0.012977 -0.080918 0.037977
v 0.013435 -0.076000 0.038435
v 0.015894 -0.080918 0.034176
v 0.016454 -0.076000 0.034500
v 0.013268 -0.072373 0.037875
v 0.015533 -0.073121 0.035084
v 0.013435 -0.076000 0.038435
v 0.013268 -0.072373 0.037875
v 0.016454 -0.076000 0.034500
v 0.016454 -0.076000 0.034500
v 0.016149 -0.073325 0.034324
v 0.017223 -0.073961 0.031950
v 0.016454 -0.076000 0.034500
v 0.015533 -0.073121 0.035084
v 0.016149 -0.073325 0.034324
v 0.017727 -0.080918 0.020250
v 0.018353 -0.076000 0.020082
v 0.018208 -0.077131 0.020120
v 0.017727 -0.080918 0.020250
v 0.018209 -0.077130 0.020122
v 0.018353 -0.076000 0.020082
v 0.017727 -0.080918 0.020250
v 0.018442 -0.076757 0.021515
v 0.018209 -0.077130 0.020122
v 0.017727 -0.080918 0.020250
v 0.018913 -0.076000 0.024340
v 0.018442 -0.076757 0.021515
v 0.018353 -0.076000 0.020082
v 0.018154 -0.076396 0.019739
v 0.018208 -0.077131 0.020120
v 0.018353 -0.076000 0.020082
v 0.018125 -0.076000 0.019534
v 0.018154 -0.076396 0.019739
v 0.018353 -0.076000 0.020082
v 0.018313 -0.075692 0.020093
v 0.018125 -0.076000 0.019534
v 0.018353 -0.076000 0.020082
v 0.018209 -0.077130 0.020122
v 0.018407 -0.076000 0.020494
v 0.018353 -0.076000 0.020082
v 0.018407 -0.076000 0.020494
v 0.018353 -0.075821 0.020261
v 0.018353 -0.076000 0.020082
v 0.018353 -0.075821 0.020261
v 0.018313 -0.075692 0.020093
v 0.017727 -0.080918 0.020250
v 0.018353 -0.080918 0.025000
v 0.019000 -0.076000 0.025000
v 0.017727 -0.080918 0.020250
v 0.019000 -0.076000 0.025000
v 0.018913 -0.076000 0.024340
v 0.019000 -0.076000 0.025000
v 0.018977 -0.075823 0.025000
v 0.018913 -0.076000 0.024340
v 0.019000 -0.076000 0.025000
v 0.018967 -0.075807 0.025059
v 0.018977 -0.075823 0.025000
v 0.018353 -0.080918 0.025000
v 0.018353 -0.076000 0.029918
v 0.019000 -0.076000 0.025000
v 0.019000 -0.076000 0.025000
v 0.018378 -0.074861 0.028590
v 0.018967 -0.075807 0.025059
v 0.017727 -0.080918 0.029750
v 0.018353 -0.076000 0.029918
v 0.018353 -0.080918 0.025000
v 0.019000 -0.076000 0.025000
v 0.018353 -0.076000 0.029918
v 0.018378 -0.074861 0.028590
v 0.018353 -0.076000 0.029918
v 0.018164 -0.074519 0.029867
v 0.018378 -0.074861 0.028590
v -0.005000 0.017189 0.006000
v -0.004619 0.017395 0.004087
v -0.005000 0.022500 0.006000
v -0.005000 0.017189 0.006000
v -0.004619 0.022500 0.007913
v -0.004916 0.017154 0.006421
v -0.004916 0.017154 0.006421
v -0.004619 0.022500 0.007913
v -0.004841 0.017119 0.006799
v -0.004841 0.017119 0.006799
v -0.004619 0.022500 0.007913
v -0.004619 0.016939 0.007913
v -0.004619 0.017395 0.004087
v -0.004619 0.022500 0.004087
v -0.005000 0.022500 0.006000
v -0.004619 0.022500 0.007913
v -0.005000 0.017189 0.006000
v -0.005000 0.022500 0.006000
v -0.002206 0.017778 0.001576
v -0.001913 0.017789 0.001381
v -0.003536 0.022500 0.002464
v -0.002826 0.017707 0.001991
v -0.003536 0.022500 0.002464
v -0.003536 0.017617 0.002464
v -0.002826 0.017707 0.001991
v -0.002206 0.017778 0.001576
v -0.003536 0.022500 0.002464
v -0.003536 0.017617 0.002464
v -0.004619 0.022500 0.004087
v -0.004619 0.017395 0.004087
v -0.001600 0.017796 0.001318
v -0.001913 0.022500 0.001381
v -0.001913 0.017789 0.001381
v -0.001600 0.017796 0.001318
v -0.000755 0.017810 0.001150
v -0.001913 0.022500 0.001381
v -0.000755 0.017810 0.001150
v 0.000000 0.017818 0.001000
v -0.001913 0.022500 0.001381
v -0.003906 0.016805 0.008982
v -0.004619 0.016939 0.007913
v -0.003536 0.022500 0.009536
v -0.003906 0.016805 0.008982
v -0.003536 0.022500 0.009536
v -0.003536 0.016720 0.009536
v -0.002123 0.016612 0.010479
v -0.003536 0.016720 0.009536
v -0.001913 0.022500 0.010619
v -0.002123 0.016612 0.010479
v -0.001913 0.022500 0.010619
v -0.001913 0.016588 0.010619
v -0.000000 0.022500 0.011000
v -0.000000 0.016547 0.011000
v -0.001913 0.016588 0.010619
v 0.000000 0.016547 0.011000
v -0.000000 0.016547 0.011000
v -0.000000 0.022500 0.011000
v -0.004619 0.022500 0.004087
v -0.003536 0.017617 0.002464
v -0.003536 0.022500 0.002464
v -0.003536 0.022500 0.002464
v -0.001913 0.017789 0.001381
v -0.001913 0.022500 0.001381
v 0.000000 0.017818 0.001000
v 0.000000 0.022500 0.001000
v -0.001913 0.022500 0.001381
v -0.003536 0.022500 0.009536
v -0.004619 0.016939 0.007913
v -0.004619 0.022500 0.007913
v -0.003536 0.016720 0.009536
v -0.003536 0.022500 0.009536
v -0.001913 0.022500 0.010619
v -0.001913 0.016588 0.010619
v -0.001913 0.022500 0.010619
v -0.000000 0.022500 0.011000
v 0.000000 0.017818 0.001000
v 0.000000 0.017818 0.001000
v 0.000000 0.022500 0.001000
v 0.000755 0.017810 0.001150
v 0.000000 0.022500 0.001000
v 0.000000 0.017818 0.001000
v 0.000755 0.017810 0.001150
v 0.001600 0.017796 0.001318
v 0.000000 0.022500 0.001000
v 0.001600 0.017796 0.001318
v 0.001913 0.017789 0.001381
v 0.001913 0.022500 0.001381
v 0.002206 0.017778 0.001576
v 0.001913 0.022500 0.001381
v 0.001913 0.017789 0.001381
v 0.002206 0.017778 0.001576
v 0.002826 0.017707 0.001991
v 0.001913 0.022500 0.001381
v 0.003536 0.017617 0.002464
v 0.001913 0.022500 0.001381
v 0.002826 0.017707 0.001991
v 0.004619 0.017395 0.004087
v 0.003536 0.022500 0.002464
v 0.003536 0.017617 0.002464
v 0.001913 0.022500 0.010619
v 0.001913 0.016588 0.010619
v 0.000000 0.016547 0.011000
v 0.002123 0.016612 0.010479
v 0.001913 0.016588 0.010619
v 0.001913 0.022500 0.010619
v 0.003906 0.016805 0.008982
v 0.004619 0.022500 0.007913
v 0.004619 0.016939 0.007913
v 0.003536 0.022500 0.009536
v 0.003536 0.016720 0.009536
v 0.002123 0.016612 0.010479
v 0.003906 0.016805 0.008982
v 0.003536 0.016720 0.009536
v 0.003536 0.022500 0.009536
v 0.001600 0.017796 0.001318
v 0.001913 0.022500 0.001381
v 0.000000 0.022500 0.001000
v 0.001913 0.022500 0.001381
v 0.003536 0.017617 0.002464
v 0.003536 0.022500 0.002464
v 0.003536 0.022500 0.002464
v 0.004619 0.017395 0.004087
v 0.004619 0.022500 0.004087
v 0.000000 0.016547 0.011000
v -0.000000 0.022500 0.011000
v 0.001913 0.022500 0.010619
v 0.002123 0.016612 0.010479
v 0.001913 0.022500 0.010619
v 0.003536 0.022500 0.009536
v 0.003906 0.016805 0.008982
v 0.003536 0.022500 0.009536
v 0.004619 0.022500 0.007913
v 0.004619 0.022500 0.004087
v 0.004619 0.017395 0.004087
v 0.005000 0.017189 0.006000
v 0.004841 0.017119 0.006799
v 0.004619 0.016939 0.007913
v 0.005000 0.022500 0.006000
v 0.004916 0.017154 0.006421
v 0.005000 0.022500 0.006000
v 0.005000 0.017189 0.006000
v 0.004841 0.017119 0.006799
v 0.005000 0.022500 0.006000
v 0.004916 0.017154 0.006421
v 0.004619 0.022500 0.004087
v 0.005000 0.017189 0.006000
v 0.005000 0.022500 0.006000
v 0.004619 0.016939 0.007913
v 0.004619 0.022500 0.007913
v 0.005000 0.022500 0.006000
v -0.007425 0.022500 -0.001425
v -0.007425 0.027500 -0.001425
v -0.009093 0.022500 0.000750
v -0.007425 0.027500 -0.001425
v -0.009093 0.027500 0.000750
v -0.009093 0.022500 0.000750
v -0.007425 0.022500 -0.001425
v -0.003536 0.022500 0.002464
v -0.005250 0.022500 -0.003093
v -0.007425 0.022500 -0.001425
v -0.005250 0.022500 -0.003093
v -0.005250 0.027500 -0.003093
v -0.007425 0.022500 -0.001425
v -0.005250 0.027500 -0.003093
v -0.007425 0.027500 -0.001425
v -0.005250 0.022500 -0.003093
v -0.003536 0.022500 0.002464
v -0.001913 0.022500 0.001381
v -0.005250 0.022500 -0.003093
v -0.001913 0.022500 0.001381
v -0.002718 0.022500 -0.004142
v -0.005250 0.022500 -0.003093
v -0.002718 0.022500 -0.004142
v -0.002718 0.027500 -0.004142
v -0.005250 0.022500 -0.003093
v -0.002718 0.027500 -0.004142
v -0.005250 0.027500 -0.003093
v -0.007425 0.027500 -0.001425
v -0.005250 0.027500 -0.003093
v 0.000000 0.027500 0.006000
v -0.005250 0.027500 -0.003093
v -0.002718 0.027500 -0.004142
v 0.000000 0.027500 0.006000
v -0.002718 0.022500 -0.004142
v 0.000000 0.022500 0.001000
v 0.000000 0.022500 -0.004500
v -0.002718 0.022500 -0.004142
v -0.001913 0.022500 0.001381
v 0.000000 0.022500 0.001000
v -0.002718 0.022500 -0.004142
v 0.000000 0.027500 -0.004500
v -0.002718 0.027500 -0.004142
v -0.002718 0.022500 -0.004142
v 0.000000 0.022500 -0.004500
v 0.000000 0.027500 -0.004500
v -0.002718 0.027500 -0.004142
v 0.000000 0.027500 -0.004500
v 0.000000 0.027500 0.006000
v -0.009093 0.022500 0.000750
v -0.009093 0.027500 0.000750
v -0.010142 0.022500 0.003282
v -0.010142 0.022500 0.003282
v -0.009093 0.027500 0.000750
v -0.010142 0.027500 0.003282
v -0.010142 0.022500 0.003282
v -0.010142 0.027500 0.003282
v -0.010500 0.022500 0.006000
v -0.010142 0.027500 0.003282
v -0.010500 0.027500 0.006000
v -0.010500 0.022500 0.006000
v -0.010500 0.022500 0.006000
v -0.010500 0.027500 0.006000
v -0.010142 0.022500 0.008718
v -0.010142 0.022500 0.008718
v -0.010500 0.027500 0.006000
v -0.010142 0.027500 0.008718
v -0.010142 0.022500 0.008718
v -0.010142 0.027500 0.008718
v -0.009093 0.022500 0.011250
v -0.009093 0.022500 0.011250
v -0.010142 0.027500 0.008718
v -0.009093 0.027500 0.011250
v -0.009093 0.022500 0.000750
v -0.010142 0.022500 0.003282
v -0.004619 0.022500 0.004087
v -0.010142 0.022500 0.003282
v -0.010500 0.022500 0.006000
v -0.005000 0.022500 0.006000
v -0.010142 0.027500 0.003282
v 0.000000 0.027500 0.006000
v -0.010500 0.027500 0.006000
v -0.007425 0.022500 -0.001425
v -0.009093 0.022500 0.000750
v -0.003536 0.022500 0.002464
v -0.009093 0.022500 0.000750
v -0.004619 0.022500 0.004087
v -0.003536 0.022500 0.002464
v -0.010142 0.022500 0.003282
v -0.005000 0.022500 0.006000
v -0.004619 0.022500 0.004087
v -0.007425 0.027500 -0.001425
v 0.000000 0.027500 0.006000
v -0.009093 0.027500 0.000750
v -0.009093 0.027500 0.000750
v 0.000000 0.027500 0.006000
v -0.010142 0.027500 0.003282
v -0.010500 0.022500 0.006000
v -0.010142 0.022500 0.008718
v -0.004619 0.022500 0.007913
v -0.010142 0.022500 0.008718
v -0.009093 0.022500 0.011250
v -0.004619 0.022500 0.007913
v -0.010500 0.027500 0.006000
v 0.000000 0.027500 0.006000
v -0.010142 0.027500 0.008718
v -0.010500 0.022500 0.006000
v -0.004619 0.022500 0.007913
v -0.005000 0.022500 0.006000
v -0.009093 0.022500 0.011250
v -0.003536 0.022500 0.009536
v -0.004619 0.022500 0.007913
v -0.009093 0.022500 0.011250
v -0.007425 0.022500 0.013425
v -0.003536 0.022500 0.009536
v -0.010142 0.027500 0.008718
v 0.000000 0.027500 0.006000
v -0.009093 0.027500 0.011250
v -0.009093 0.027500 0.011250
v 0.000000 0.027500 0.006000
v -0.007425 0.027500 0.013425
v -0.009093 0.022500 0.011250
v -0.009093 0.027500 0.011250
v -0.007425 0.022500 0.013425
v -0.009093 0.027500 0.011250
v -0.007425 0.027500 0.013425
v -0.007425 0.022500 0.013425
v -0.007425 0.022500 0.013425
v -0.005250 0.022500 0.015093
v -0.003536 0.022500 0.009536
v -0.007425 0.022500 0.013425
v -0.007425 0.027500 0.013425
v -0.005250 0.022500 0.015093
v -0.007425 0.027500 0.013425
v -0.005250 0.027500 0.015093
v -0.005250 0.022500 0.015093
v -0.005250 0.022500 0.015093
v -0.001913 0.022500 0.010619
v -0.003536 0.022500 0.009536
v -0.005250 0.022500 0.015093
v -0.002718 0.022500 0.016142
v -0.001913 0.022500 0.010619
v -0.007425 0.027500 0.013425
v 0.000000 0.027500 0.006000
v -0.005250 0.027500 0.015093
v -0.005250 0.027500 0.015093
v 0.000000 0.027500 0.006000
v -0.002718 0.027500 0.016142
v -0.005250 0.022500 0.015093
v -0.005250 0.027500 0.015093
v -0.002718 0.022500 0.016142
v -0.005250 0.027500 0.015093
v -0.002718 0.027500 0.016142
v -0.002718 0.022500 0.016142
v -0.002718 0.022500 0.016142
v -0.000000 0.022500 0.011000
v -0.001913 0.022500 0.010619
v -0.002718 0.022500 0.016142
v -0.000000 0.022500 0.016500
v -0.000000 0.022500 0.011000
v -0.002718 0.027500 0.016142
v 0.000000 0.027500 0.006000
v -0.000000 0.027500 0.016500
v -0.002718 0.022500 0.016142
v -0.002718 0.027500 0.016142
v -0.000000 0.022500 0.016500
v -0.002718 0.027500 0.016142
v -0.000000 0.027500 0.016500
v -0.000000 0.022500 0.016500
v 0.000000 0.022500 -0.004500
v 0.000000 0.022500 0.001000
v 0.002718 0.022500 -0.004142
v 0.002718 0.022500 -0.004142
v 0.000000 0.022500 0.001000
v 0.001913 0.022500 0.001381
v 0.000000 0.022500 -0.004500
v 0.002718 0.027500 -0.004142
v 0.000000 0.027500 -0.004500
v 0.000000 0.022500 -0.004500
v 0.002718 0.022500 -0.004142
v 0.002718 0.027500 -0.004142
v 0.000000 0.027500 -0.004500
v 0.002718 0.027500 -0.004142
v 0.000000 0.027500 0.006000
v 0.002718 0.022500 -0.004142
v 0.001913 0.022500 0.001381
v 0.005250 0.022500 -0.003093
v 0.002718 0.022500 -0.004142
v 0.005250 0.022500 -0.003093
v 0.005250 0.027500 -0.003093
v 0.002718 0.022500 -0.004142
v 0.005250 0.027500 -0.003093
v 0.002718 0.027500 -0.004142
v 0.002718 0.027500 -0.004142
v 0.005250 0.027500 -0.003093
v 0.000000 0.027500 0.006000
v 0.005250 0.027500 -0.003093
v 0.007425 0.027500 -0.001425
v 0.000000 0.027500 0.006000
v 0.005250 0.022500 -0.003093
v 0.001913 0.022500 0.001381
v 0.007425 0.022500 -0.001425
v 0.005250 0.022500 -0.003093
v 0.007425 0.027500 -0.001425
v 0.005250 0.027500 -0.003093
v 0.005250 0.022500 -0.003093
v 0.007425 0.022500 -0.001425
v 0.007425 0.027500 -0.001425
v 0.007425 0.022500 -0.001425
v 0.009093 0.022500 0.000750
v 0.009093 0.027500 0.000750
v 0.007425 0.022500 -0.001425
v 0.009093 0.027500 0.000750
v 0.007425 0.027500 -0.001425
v 0.007425 0.022500 -0.001425
v 0.001913 0.022500 0.001381
v 0.003536 0.022500 0.002464
v 0.007425 0.022500 -0.001425
v 0.003536 0.022500 0.002464
v 0.009093 0.022500 0.000750
v 0.009093 0.022500 0.000750
v 0.003536 0.022500 0.002464
v 0.004619 0.022500 0.004087
v 0.010142 0.022500 0.003282
v 0.004619 0.022500 0.004087
v 0.005000 0.022500 0.006000
v 0.007425 0.027500 -0.001425
v 0.009093 0.027500 0.000750
v 0.000000 0.027500 0.006000
v 0.000000 0.027500 0.006000
v 0.009093 0.027500 0.000750
v 0.010142 0.027500 0.003282
v 0.009093 0.022500 0.000750
v 0.004619 0.022500 0.004087
v 0.010142 0.022500 0.003282
v 0.010142 0.022500 0.003282
v 0.005000 0.022500 0.006000
v 0.010500 0.022500 0.006000
v 0.000000 0.027500 0.006000
v 0.010142 0.027500 0.003282
v 0.010500 0.027500 0.006000
v 0.010142 0.022500 0.008718
v 0.005000 0.022500 0.006000
v 0.004619 0.022500 0.007913
v 0.007425 0.022500 0.013425
v 0.004619 0.022500 0.007913
v 0.003536 0.022500 0.009536
v 0.000000 0.027500 0.006000
v 0.010142 0.027500 0.008718
v 0.009093 0.027500 0.011250
v 0.000000 0.027500 0.006000
v 0.009093 0.027500 0.011250
v 0.007425 0.027500 0.013425
v 0.010500 0.022500 0.006000
v 0.005000 0.022500 0.006000
v 0.010142 0.022500 0.008718
v 0.007425 0.022500 0.013425
v 0.009093 0.022500 0.011250
v 0.004619 0.022500 0.007913
v 0.009093 0.022500 0.011250
v 0.010142 0.022500 0.008718
v 0.004619 0.022500 0.007913
v 0.000000 0.027500 0.006000
v 0.010500 0.027500 0.006000
v 0.010142 0.027500 0.008718
v 0.002718 0.022500 0.016142
v 0.001913 0.022500 0.010619
v -0.000000 0.022500 0.011000
v -0.000000 0.022500 0.016500
v 0.002718 0.022500 0.016142
v -0.000000 0.022500 0.011000
v -0.000000 0.027500 0.016500
v 0.000000 0.027500 0.006000
v 0.002718 0.027500 0.016142
v -0.000000 0.022500 0.016500
v -0.000000 0.027500 0.016500
v 0.002718 0.022500 0.016142
v -0.000000 0.027500 0.016500
v 0.002718 0.027500 0.016142
v 0.002718 0.022500 0.016142
v 0.002718 0.022500 0.016142
v 0.005250 0.022500 0.015093
v 0.001913 0.022500 0.010619
v 0.005250 0.022500 0.015093
v 0.003536 0.022500 0.009536
v 0.001913 0.022500 0.010619
v 0.000000 0.027500 0.006000
v 0.005250 0.027500 0.015093
v 0.002718 0.027500 0.016142
v 0.000000 0.027500 0.006000
v 0.007425 0.027500 0.013425
v 0.005250 0.027500 0.015093
v 0.002718 0.022500 0.016142
v 0.002718 0.027500 0.016142
v 0.005250 0.022500 0.015093
v 0.002718 0.027500 0.016142
v 0.005250 0.027500 0.015093
v 0.005250 0.022500 0.015093
v 0.005250 0.022500 0.015093
v 0.007425 0.022500 0.013425
v 0.003536 0.022500 0.009536
v 0.005250 0.027500 0.015093
v 0.007425 0.027500 0.013425
v 0.007425 0.022500 0.013425
v 0.005250 0.022500 0.015093
v 0.005250 0.027500 0.015093
v 0.007425 0.022500 0.013425
v 0.007425 0.022500 0.013425
v 0.007425 0.027500 0.013425
v 0.009093 0.022500 0.011250
v 0.007425 0.027500 0.013425
v 0.009093 0.027500 0.011250
v 0.009093 0.022500 0.011250
v 0.009093 0.022500 0.000750
v 0.010142 0.022500 0.003282
v 0.010142 0.027500 0.003282
v 0.009093 0.022500 0.000750
v 0.010142 0.027500 0.003282
v 0.009093 0.027500 0.000750
v 0.010142 0.022500 0.003282
v 0.010500 0.022500 0.006000
v 0.010500 0.027500 0.006000
v 0.010142 0.022500 0.003282
v 0.010500 0.027500 0.006000
v 0.010142 0.027500 0.003282
v 0.010500 0.022500 0.006000
v 0.010142 0.022500 0.008718
v 0.010142 0.027500 0.008718
v 0.010500 0.022500 0.006000
v 0.010142 0.027500 0.008718
v 0.010500 0.027500 0.006000
v 0.009093 0.022500 0.011250
v 0.009093 0.027500 0.011250
v 0.010142 0.022500 0.008718
v 0.010142 0.022500 0.008718
v 0.009093 0.027500 0.011250
v 0.010142 0.027500 0.008718
v -0.014880 0.019000 -0.017607
v -0.013970 0.015014 -0.018970
v -0.013970 0.019000 -0.018970
v -0.013970 0.019000 -0.018970
v -0.013970 0.015014 -0.018970
v -0.013903 0.015022 -0.019015
v -0.015200 0.019000 -0.016000
v -0.015183 0.015296 -0.015913
v -0.015200 0.015276 -0.016000
v -0.015200 0.019000 -0.016000
v -0.015200 0.015276 -0.016000
v -0.014880 0.015053 -0.017607
v -0.014880 0.019000 -0.017607
v -0.015200 0.019000 -0.016000
v -0.014880 0.015053 -0.017607
v -0.014880 0.019000 -0.017607
v -0.014880 0.015053 -0.017607
v -0.013970 0.015014 -0.018970
v -0.014880 0.019000 -0.017607
v -0.011000 0.019000 -0.016000
v -0.015200 0.019000 -0.016000
v -0.014880 0.019000 -0.014393
v -0.014880 0.015601 -0.014393
v -0.015183 0.015296 -0.015913
v -0.015200 0.019000 -0.016000
v -0.014880 0.019000 -0.014393
v -0.015183 0.015296 -0.015913
v -0.014880 0.019000 -0.014393
v -0.013978 0.016038 -0.013043
v -0.014880 0.015601 -0.014393
v -0.014880 0.019000 -0.014393
v -0.013970 0.016041 -0.013030
v -0.013978 0.016038 -0.013043
v -0.015200 0.019000 -0.016000
v -0.011000 0.019000 -0.016000
v -0.014880 0.019000 -0.014393
v -0.014880 0.019000 -0.014393
v -0.013970 0.019000 -0.013030
v -0.013970 0.016041 -0.013030
v -0.013970 0.019000 -0.013030
v -0.012607 0.019000 -0.012120
v -0.013970 0.016041 -0.013030
v -0.012607 0.019000 -0.019880
v -0.013903 0.015022 -0.019015
v -0.012607 0.015093 -0.019880
v -0.013970 0.019000 -0.018970
v -0.013903 0.015022 -0.019015
v -0.012607 0.019000 -0.019880
v -0.012607 0.019000 -0.019880
v -0.012607 0.015093 -0.019880
v -0.011000 0.015345 -0.020200
v -0.012607 0.019000 -0.019880
v -0.011000 0.015345 -0.020200
v -0.011000 0.019000 -0.020200
v -0.012607 0.019000 -0.019880
v -0.011000 0.019000 -0.020200
v -0.011000 0.019000 -0.016000
v -0.014880 0.019000 -0.017607
v -0.013970 0.019000 -0.018970
v -0.011000 0.019000 -0.016000
v -0.013970 0.019000 -0.018970
v -0.012607 0.019000 -0.019880
v -0.011000 0.019000 -0.016000
v -0.011000 0.019000 -0.020200
v -0.011000 0.015345 -0.020200
v -0.010882 0.015373 -0.020177
v -0.011000 0.019000 -0.020200
v -0.010882 0.015373 -0.020177
v -0.009393 0.015684 -0.019880
v -0.011000 0.019000 -0.020200
v -0.009393 0.019000 -0.019880
v -0.011000 0.019000 -0.016000
v -0.011000 0.019000 -0.020200
v -0.009393 0.015684 -0.019880
v -0.009393 0.019000 -0.019880
v -0.009393 0.019000 -0.019880
v -0.009393 0.015684 -0.019880
v -0.008296 0.016038 -0.019147
v -0.011000 0.019000 -0.016000
v -0.009393 0.019000 -0.019880
v -0.008030 0.019000 -0.018970
v -0.014880 0.019000 -0.014393
v -0.011000 0.019000 -0.016000
v -0.013970 0.019000 -0.013030
v -0.013970 0.019000 -0.013030
v -0.011000 0.019000 -0.016000
v -0.012607 0.019000 -0.012120
v -0.012607 0.019000 -0.012120
v -0.011000 0.019000 -0.016000
v -0.011000 0.019000 -0.011800
v -0.012607 0.019000 -0.012120
v -0.012607 0.016374 -0.012120
v -0.013970 0.016041 -0.013030
v -0.011000 0.019000 -0.011800
v -0.011000 0.016691 -0.011800
v -0.012607 0.016374 -0.012120
v -0.012607 0.019000 -0.012120
v -0.011000 0.019000 -0.011800
v -0.012607 0.016374 -0.012120
v -0.011000 0.019000 -0.016000
v -0.009393 0.019000 -0.012120
v -0.011000 0.019000 -0.011800
v -0.011000 0.019000 -0.016000
v -0.008030 0.019000 -0.013030
v -0.009393 0.019000 -0.012120
v -0.011000 0.019000 -0.011800
v -0.010155 0.016823 -0.011968
v -0.011000 0.016691 -0.011800
v -0.011000 0.019000 -0.011800
v -0.009393 0.019000 -0.012120
v -0.010155 0.016823 -0.011968
v -0.009393 0.019000 -0.012120
v -0.009393 0.016925 -0.012120
v -0.010155 0.016823 -0.011968
v -0.008030 0.019000 -0.018970
v -0.008296 0.016038 -0.019147
v -0.008030 0.016096 -0.018970
v -0.009393 0.019000 -0.019880
v -0.008296 0.016038 -0.019147
v -0.008030 0.019000 -0.018970
v -0.008030 0.019000 -0.018970
v -0.008030 0.016096 -0.018970
v -0.007120 0.016418 -0.017607
v -0.011000 0.019000 -0.016000
v -0.008030 0.019000 -0.018970
v -0.007120 0.019000 -0.017607
v -0.011000 0.019000 -0.016000
v -0.007120 0.019000 -0.017607
v -0.006800 0.019000 -0.016000
v -0.007120 0.019000 -0.017607
v -0.007120 0.016418 -0.017607
v -0.006800 0.016717 -0.016000
v -0.008030 0.019000 -0.018970
v -0.007120 0.016418 -0.017607
v -0.007120 0.019000 -0.017607
v -0.007120 0.019000 -0.017607
v -0.006800 0.016717 -0.016000
v -0.006800 0.019000 -0.016000
v -0.011000 0.019000 -0.016000
v -0.007120 0.019000 -0.014393
v -0.008030 0.019000 -0.013030
v -0.011000 0.019000 -0.016000
v -0.006800 0.019000 -0.016000
v -0.007120 0.019000 -0.014393
v -0.006800 0.019000 -0.016000
v -0.006800 0.016717 -0.016000
v -0.007090 0.016925 -0.014540
v -0.007120 0.019000 -0.014393
v -0.007090 0.016925 -0.014540
v -0.007120 0.016942 -0.014393
v -0.007120 0.019000 -0.014393
v -0.007120 0.016942 -0.014393
v -0.008030 0.017019 -0.013030
v -0.006800 0.019000 -0.016000
v -0.007090 0.016925 -0.014540
v -0.007120 0.019000 -0.014393
v -0.008030 0.019000 -0.013030
v -0.007120 0.019000 -0.014393
v -0.008030 0.017019 -0.013030
v -0.008030 0.019000 -0.013030
v -0.008235 0.017011 -0.012893
v -0.009393 0.016925 -0.012120
v -0.008030 0.019000 -0.013030
v -0.008030 0.017019 -0.013030
v -0.008235 0.017011 -0.012893
v -0.009393 0.019000 -0.012120
v -0.008030 0.019000 -0.013030
v -0.009393 0.016925 -0.012120
v 0.007120 0.019000 -0.017607
v 0.008030 0.016096 -0.018970
v 0.008030 0.019000 -0.018970
v 0.009393 0.019000 -0.019880
v 0.008030 0.016096 -0.018970
v 0.008296 0.016038 -0.019147
v 0.008030 0.019000 -0.018970
v 0.008030 0.016096 -0.018970
v 0.009393 0.019000 -0.019880
v 0.007120 0.019000 -0.017607
v 0.007120 0.016418 -0.017607
v 0.008030 0.016096 -0.018970
v 0.006800 0.019000 -0.016000
v 0.006800 0.016717 -0.016000
v 0.007120 0.016418 -0.017607
v 0.007120 0.019000 -0.017607
v 0.006800 0.019000 -0.016000
v 0.007120 0.016418 -0.017607
v 0.007120 0.019000 -0.017607
v 0.008030 0.019000 -0.018970
v 0.011000 0.019000 -0.016000
v 0.007120 0.019000 -0.017607
v 0.011000 0.019000 -0.016000
v 0.006800 0.019000 -0.016000
v 0.007120 0.019000 -0.014393
v 0.007090 0.016925 -0.014540
v 0.006800 0.016717 -0.016000
v 0.007120 0.019000 -0.014393
v 0.007120 0.016942 -0.014393
v 0.007090 0.016925 -0.014540
v 0.008030 0.019000 -0.013030
v 0.008030 0.017019 -0.013030
v 0.007120 0.016942 -0.014393
v 0.006800 0.019000 -0.016000
v 0.007120 0.019000 -0.014393
v 0.006800 0.016717 -0.016000
v 0.007120 0.019000 -0.014393
v 0.008030 0.019000 -0.013030
v 0.007120 0.016942 -0.014393
v 0.006800 0.019000 -0.016000
v 0.011000 0.019000 -0.016000
v 0.007120 0.019000 -0.014393
v 0.007120 0.019000 -0.014393
v 0.011000 0.019000 -0.016000
v 0.008030 0.019000 -0.013030
v 0.008030 0.019000 -0.013030
v 0.008235 0.017011 -0.012893
v 0.008030 0.017019 -0.013030
v 0.008030 0.019000 -0.013030
v 0.009393 0.019000 -0.012120
v 0.008235 0.017011 -0.012893
v 0.009393 0.019000 -0.019880
v 0.009393 0.015684 -0.019880
v 0.011000 0.019000 -0.020200
v 0.009393 0.019000 -0.019880
v 0.008296 0.016038 -0.019147
v 0.009393 0.015684 -0.019880
v 0.011000 0.019000 -0.020200
v 0.009393 0.015684 -0.019880
v 0.010882 0.015373 -0.020177
v 0.011000 0.019000 -0.020200
v 0.010882 0.015373 -0.020177
v 0.011000 0.015345 -0.020200
v 0.009393 0.019000 -0.019880
v 0.011000 0.019000 -0.020200
v 0.011000 0.019000 -0.016000
v 0.008030 0.019000 -0.018970
v 0.009393 0.019000 -0.019880
v 0.011000 0.019000 -0.016000
v 0.011000 0.019000 -0.020200
v 0.011000 0.015345 -0.020200
v 0.012607 0.015093 -0.019880
v 0.011000 0.019000 -0.020200
v 0.012607 0.015093 -0.019880
v 0.012607 0.019000 -0.019880
v 0.011000 0.019000 -0.020200
v 0.012607 0.019000 -0.019880
v 0.011000 0.019000 -0.016000
v 0.012607 0.019000 -0.019880
v 0.012607 0.015093 -0.019880
v 0.013903 0.015022 -0.019015
v 0.012607 0.019000 -0.019880
v 0.013903 0.015022 -0.019015
v 0.013970 0.019000 -0.018970
v 0.012607 0.019000 -0.019880
v 0.013970 0.019000 -0.018970
v 0.011000 0.019000 -0.016000
v 0.013970 0.019000 -0.018970
v 0.014880 0.019000 -0.017607
v 0.011000 0.019000 -0.016000
v 0.008030 0.019000 -0.013030
v 0.011000 0.019000 -0.016000
v 0.009393 0.019000 -0.012120
v 0.009393 0.019000 -0.012120
v 0.011000 0.019000 -0.016000
v 0.011000 0.019000 -0.011800
v 0.009393 0.019000 -0.012120
v 0.009393 0.016925 -0.012120
v 0.008235 0.017011 -0.012893
v 0.009393 0.019000 -0.012120
v 0.010155 0.016823 -0.011968
v 0.009393 0.016925 -0.012120
v 0.011000 0.019000 -0.011800
v 0.011000 0.016691 -0.011800
v 0.010155 0.016823 -0.011968
v 0.009393 0.019000 -0.012120
v 0.011000 0.019000 -0.011800
v 0.010155 0.016823 -0.011968
v 0.011000 0.019000 -0.016000
v 0.012607 0.019000 -0.012120
v 0.011000 0.019000 -0.011800
v 0.011000 0.019000 -0.016000
v 0.014880 0.019000 -0.014393
v 0.013970 0.019000 -0.013030
v 0.011000 0.019000 -0.016000
v 0.013970 0.019000 -0.013030
v 0.012607 0.019000 -0.012120
v 0.012607 0.019000 -0.012120
v 0.012607 0.016374 -0.012120
v 0.011000 0.016691 -0.011800
v 0.011000 0.019000 -0.011800
v 0.012607 0.019000 -0.012120
v 0.011000 0.016691 -0.011800
v 0.012607 0.019000 -0.012120
v 0.013970 0.019000 -0.013030
v 0.012607 0.016374 -0.012120
v 0.013970 0.019000 -0.018970
v 0.013903 0.015022 -0.019015
v 0.013970 0.015014 -0.018970
v 0.013970 0.019000 -0.018970
v 0.013970 0.015014 -0.018970
v 0.014880 0.015053 -0.017607
v 0.013970 0.019000 -0.018970
v 0.014880 0.015053 -0.017607
v 0.014880 0.019000 -0.017607
v 0.014880 0.019000 -0.017607
v 0.015200 0.019000 -0.016000
v 0.011000 0.019000 -0.016000
v 0.014880 0.019000 -0.017607
v 0.014880 0.015053 -0.017607
v 0.015200 0.015276 -0.016000
v 0.014880 0.019000 -0.017607
v 0.015200 0.015276 -0.016000
v 0.015200 0.019000 -0.016000
v 0.015200 0.019000 -0.016000
v 0.015200 0.015276 -0.016000
v 0.015183 0.015296 -0.015913
v 0.013970 0.019000 -0.013030
v 0.013978 0.016038 -0.013043
v 0.013970 0.016041 -0.013030
v 0.014880 0.019000 -0.014393
v 0.014880 0.015601 -0.014393
v 0.013978 0.016038 -0.013043
v 0.011000 0.019000 -0.016000
v 0.015200 0.019000 -0.016000
v 0.014880 0.019000 -0.014393
v 0.013970 0.019000 -0.013030
v 0.014880 0.019000 -0.014393
v 0.013978 0.016038 -0.013043
v 0.015200 0.019000 -0.016000
v 0.015183 0.015296 -0.015913
v 0.014880 0.015601 -0.014393
v 0.015200 0.019000 -0.016000
v 0.014880 0.015601 -0.014393
v 0.014880 0.019000 -0.014393
v 0.013970 0.019000 -0.013030
v 0.013970 0.016041 -0.013030
v 0.012607 0.016374 -0.012120
v -0.008000 -0.031026 -0.027170
v 0.008000 -0.026026 -0.035830
v -0.008000 -0.026026 -0.035830
v -0.008000 -0.026026 -0.035830
v 0.008000 -0.026026 -0.035830
v -0.003625 -0.013704 -0.028716
v -0.008000 -0.031026 -0.027170
v -0.008000 -0.026026 -0.035830
v -0.008000 -0.014562 -0.025081
v -0.008000 -0.031026 -0.027170
v -0.008000 -0.014562 -0.025081
v -0.008000 -0.015647 -0.020957
v -0.008000 -0.031026 -0.027170
v -0.008000 -0.015647 -0.020957
v -0.008000 -0.016038 -0.019343
v -0.008000 -0.031026 -0.027170
v -0.008000 -0.016038 -0.019343
v -0.008000 -0.016162 -0.018588
v -0.008000 -0.031026 -0.027170
v -0.008000 -0.016162 -0.018588
v -0.007259 -0.016235 -0.018630
v -0.008000 -0.031026 -0.027170
v -0.007259 -0.016235 -0.018630
v -0.006912 -0.016270 -0.018650
v -0.008000 -0.031026 -0.027170
v -0.006912 -0.016270 -0.018650
v -0.005050 -0.016404 -0.018728
v -0.008000 -0.031026 -0.027170
v -0.005050 -0.016404 -0.018728
v -0.004439 -0.016448 -0.018753
v -0.008000 -0.031026 -0.027170
v -0.004439 -0.016448 -0.018753
v -0.002944 -0.016514 -0.018791
v -0.008000 -0.031026 -0.027170
v -0.002944 -0.016514 -0.018791
v -0.002172 -0.016547 -0.018811
v -0.008000 -0.031026 -0.027170
v -0.002172 -0.016547 -0.018811
v -0.000851 -0.016567 -0.018822
v -0.008000 -0.031026 -0.027170
v -0.000851 -0.016567 -0.018822
v 0.000000 -0.016579 -0.018829
v -0.008000 -0.031026 -0.027170
v 0.000000 -0.016579 -0.018829
v 0.001322 -0.016560 -0.018818
v -0.008000 -0.031026 -0.027170
v 0.001322 -0.016560 -0.018818
v 0.002172 -0.016547 -0.018811
v -0.008000 -0.031026 -0.027170
v 0.002172 -0.016547 -0.018811
v 0.003695 -0.016481 -0.018772
v -0.008000 -0.026026 -0.035830
v -0.008000 -0.013313 -0.028490
v -0.008000 -0.014562 -0.025081
v -0.008000 -0.026026 -0.035830
v -0.007382 -0.013397 -0.028538
v -0.008000 -0.013313 -0.028490
v -0.008000 -0.026026 -0.035830
v -0.005167 -0.013578 -0.028643
v -0.007382 -0.013397 -0.028538
v -0.008000 -0.026026 -0.035830
v -0.003625 -0.013704 -0.028716
v -0.005167 -0.013578 -0.028643
v -0.008000 -0.031026 -0.027170
v 0.008000 -0.031026 -0.027170
v 0.008000 -0.026026 -0.035830
v -0.008000 -0.031026 -0.027170
v 0.004439 -0.016448 -0.018753
v 0.008000 -0.031026 -0.027170
v -0.008000 -0.031026 -0.027170
v 0.003695 -0.016481 -0.018772
v 0.004439 -0.016448 -0.018753
v 0.008000 -0.031026 -0.027170
v 0.008000 -0.014562 -0.025081
v 0.008000 -0.026026 -0.035830
v 0.008000 -0.031026 -0.027170
v 0.004439 -0.016448 -0.018753
v 0.006441 -0.016304 -0.018670
v 0.008000 -0.031026 -0.027170
v 0.008000 -0.015647 -0.020957
v 0.008000 -0.014562 -0.025081
v 0.008000 -0.031026 -0.027170
v 0.006441 -0.016304 -0.018670
v 0.006912 -0.016270 -0.018650
v 0.008000 -0.031026 -0.027170
v 0.006912 -0.016270 -0.018650
v 0.008000 -0.016162 -0.018588
v 0.008000 -0.031026 -0.027170
v 0.008000 -0.016038 -0.019343
v 0.008000 -0.015647 -0.020957
v 0.008000 -0.031026 -0.027170
v 0.008000 -0.016162 -0.018588
v 0.008000 -0.016038 -0.019343
v 0.008000 -0.026026 -0.035830
v -0.001849 -0.013753 -0.028744
v -0.003625 -0.013704 -0.028716
v 0.008000 -0.026026 -0.035830
v 0.000000 -0.013803 -0.028773
v -0.001849 -0.013753 -0.028744
v 0.008000 -0.026026 -0.035830
v 0.001752 -0.013755 -0.028745
v 0.000000 -0.013803 -0.028773
v 0.008000 -0.026026 -0.035830
v 0.003625 -0.013704 -0.028716
v 0.001752 -0.013755 -0.028745
v 0.008000 -0.026026 -0.035830
v 0.005905 -0.013517 -0.028608
v 0.003625 -0.013704 -0.028716
v 0.008000 -0.026026 -0.035830
v 0.007382 -0.013397 -0.028538
v 0.005905 -0.013517 -0.028608
v 0.008000 -0.026026 -0.035830
v 0.008000 -0.013313 -0.028490
v 0.007382 -0.013397 -0.028538
v 0.008000 -0.026026 -0.035830
v 0.008000 -0.014562 -0.025081
v 0.008000 -0.013313 -0.028490
vn -0.692488 -0.548752 -0.468328
vn -0.697215 -0.306815 -0.647886
vn -0.789632 -0.303731 -0.533131
vn -0.757493 -0.544928 -0.359524
vn -0.789632 -0.303731 -0.533131
vn -0.861829 -0.301053 -0.408188
vn -0.692488 -0.548752 -0.468328
vn -0.631579 -0.714892 -0.300062
vn -0.576037 -0.718427 -0.389928
vn -0.692488 -0.548752 -0.468328
vn -0.789632 -0.303731 -0.533131
vn -0.757493 -0.544928 -0.359524
vn -0.692488 -0.548752 -0.468328
vn -0.757493 -0.544928 -0.359524
vn -0.631579 -0.714892 -0.300062
vn -0.609882 -0.553108 -0.567552
vn -0.585561 -0.310021 -0.749003
vn -0.697215 -0.306815 -0.647886
vn -0.510705 -0.557601 -0.654417
vn -0.585561 -0.310021 -0.749003
vn -0.609882 -0.553108 -0.567552
vn -0.510705 -0.557601 -0.654417
vn -0.456385 -0.313058 -0.832891
vn -0.585561 -0.310021 -0.749003
vn -0.422537 -0.726486 -0.541923
vn -0.396926 -0.561691 -0.725916
vn -0.510705 -0.557601 -0.654417
vn -0.692488 -0.548752 -0.468328
vn -0.576037 -0.718427 -0.389928
vn -0.609882 -0.553108 -0.567552
vn -0.692488 -0.548752 -0.468328
vn -0.609882 -0.553108 -0.567552
vn -0.697215 -0.306815 -0.647886
vn -0.505948 -0.722405 -0.471325
vn -0.609882 -0.553108 -0.567552
vn -0.576037 -0.718427 -0.389928
vn -0.576037 -0.718427 -0.389928
vn -0.509964 -0.825303 -0.242511
vn -0.464301 -0.827985 -0.314429
vn -0.505948 -0.722405 -0.471325
vn -0.576037 -0.718427 -0.389928
vn -0.464301 -0.827985 -0.314429
vn -0.464301 -0.827985 -0.314429
vn -0.364932 -0.897584 -0.247320
vn -0.406977 -0.830981 -0.379264
vn -0.406977 -0.830981 -0.379264
vn -0.319412 -0.899585 -0.297863
vn -0.339175 -0.833998 -0.435209
vn -0.406977 -0.830981 -0.379264
vn -0.364932 -0.897584 -0.247320
vn -0.319412 -0.899585 -0.297863
vn -0.422537 -0.726486 -0.541923
vn -0.510705 -0.557601 -0.654417
vn -0.505948 -0.722405 -0.471325
vn -0.422537 -0.726486 -0.541923
vn -0.505948 -0.722405 -0.471325
vn -0.406977 -0.830981 -0.379264
vn -0.510705 -0.557601 -0.654417
vn -0.609882 -0.553108 -0.567552
vn -0.505948 -0.722405 -0.471325
vn -0.422537 -0.726486 -0.541923
vn -0.406977 -0.830981 -0.379264
vn -0.339175 -0.833998 -0.435209
vn -0.505948 -0.722405 -0.471325
vn -0.464301 -0.827985 -0.314429
vn -0.406977 -0.830981 -0.379264
vn -0.804262 -0.541933 -0.243865
vn -0.757493 -0.544928 -0.359524
vn -0.861829 -0.301053 -0.408188
vn -0.804262 -0.541933 -0.243865
vn -0.861829 -0.301053 -0.408188
vn -0.913405 -0.299017 -0.276188
vn -0.832463 -0.540057 -0.123872
vn -0.913405 -0.299017 -0.276188
vn -0.944370 -0.297725 -0.139733
vn -0.804262 -0.541933 -0.243865
vn -0.696148 -0.710344 -0.103871
vn -0.671753 -0.712120 -0.204041
vn -0.804262 -0.541933 -0.243865
vn -0.913405 -0.299017 -0.276188
vn -0.832463 -0.540057 -0.123872
vn -0.804262 -0.541933 -0.243865
vn -0.832463 -0.540057 -0.123872
vn -0.696148 -0.710344 -0.103871
vn -0.543215 -0.823189 -0.165157
vn -0.563466 -0.821833 -0.084246
vn -0.444248 -0.893424 -0.066620
vn -0.757493 -0.544928 -0.359524
vn -0.671753 -0.712120 -0.204041
vn -0.631579 -0.714892 -0.300062
vn -0.804262 -0.541933 -0.243865
vn -0.671753 -0.712120 -0.204041
vn -0.757493 -0.544928 -0.359524
vn -0.631579 -0.714892 -0.300062
vn -0.671753 -0.712120 -0.204041
vn -0.543215 -0.823189 -0.165157
vn -0.631579 -0.714892 -0.300062
vn -0.543215 -0.823189 -0.165157
vn -0.509964 -0.825303 -0.242511
vn -0.671753 -0.712120 -0.204041
vn -0.696148 -0.710344 -0.103871
vn -0.563466 -0.821833 -0.084246
vn -0.671753 -0.712120 -0.204041
vn -0.563466 -0.821833 -0.084246
vn -0.543215 -0.823189 -0.165157
vn -0.832463 -0.540057 -0.123872
vn -0.944370 -0.297725 -0.139733
vn -0.842028 -0.539431 -0.001625
vn -0.842028 -0.539431 -0.001625
vn -0.944370 -0.297725 -0.139733
vn -0.954765 -0.297360 -0.001090
vn -0.832463 -0.540057 -0.123872
vn -0.704443 -0.709758 -0.001750
vn -0.696148 -0.710344 -0.103871
vn -0.832463 -0.540057 -0.123872
vn -0.842028 -0.539431 -0.001625
vn -0.704443 -0.709758 -0.001750
vn -0.842028 -0.539431 -0.001625
vn -0.954765 -0.297360 -0.001090
vn -0.832919 -0.540108 0.120538
vn -0.954765 -0.297360 -0.001090
vn -0.944648 -0.297868 0.137531
vn -0.832919 -0.540108 0.120538
vn -0.842028 -0.539431 -0.001625
vn -0.696619 -0.710374 0.100450
vn -0.704443 -0.709758 -0.001750
vn -0.842028 -0.539431 -0.001625
vn -0.832919 -0.540108 0.120538
vn -0.696619 -0.710374 0.100450
vn -0.563466 -0.821833 -0.084246
vn -0.570398 -0.821367 -0.001595
vn -0.449853 -0.893101 -0.001374
vn -0.570398 -0.821367 -0.001595
vn -0.563934 -0.821829 0.081093
vn -0.444718 -0.893394 0.063812
vn -0.696148 -0.710344 -0.103871
vn -0.704443 -0.709758 -0.001750
vn -0.570398 -0.821367 -0.001595
vn -0.696148 -0.710344 -0.103871
vn -0.570398 -0.821367 -0.001595
vn -0.563466 -0.821833 -0.084246
vn -0.704443 -0.709758 -0.001750
vn -0.563934 -0.821829 0.081093
vn -0.570398 -0.821367 -0.001595
vn -0.704443 -0.709758 -0.001750
vn -0.696619 -0.710374 0.100450
vn -0.563934 -0.821829 0.081093
vn -0.464301 -0.827985 -0.314429
vn -0.509964 -0.825303 -0.242511
vn -0.401382 -0.895775 -0.190995
vn -0.401382 -0.895775 -0.190995
vn -0.509964 -0.825303 -0.242511
vn -0.428016 -0.894334 -0.130267
vn -0.543215 -0.823189 -0.165157
vn -0.428016 -0.894334 -0.130267
vn -0.509964 -0.825303 -0.242511
vn -0.543215 -0.823189 -0.165157
vn -0.444248 -0.893424 -0.066620
vn -0.428016 -0.894334 -0.130267
vn -0.576037 -0.718427 -0.389928
vn -0.631579 -0.714892 -0.300062
vn -0.509964 -0.825303 -0.242511
vn -0.464301 -0.827985 -0.314429
vn -0.401382 -0.895775 -0.190995
vn -0.364932 -0.897584 -0.247320
vn -0.401382 -0.895775 -0.190995
vn -0.305831 -0.940866 -0.145734
vn -0.364932 -0.897584 -0.247320
vn -0.364932 -0.897584 -0.247320
vn -0.277803 -0.941967 -0.188475
vn -0.319412 -0.899585 -0.297863
vn -0.364932 -0.897584 -0.247320
vn -0.305831 -0.940866 -0.145734
vn -0.277803 -0.941967 -0.188475
vn -0.401382 -0.895775 -0.190995
vn -0.428016 -0.894334 -0.130267
vn -0.326388 -0.939982 -0.099521
vn -0.401382 -0.895775 -0.190995
vn -0.326388 -0.939982 -0.099521
vn -0.305831 -0.940866 -0.145734
vn -0.428016 -0.894334 -0.130267
vn -0.338956 -0.939420 -0.050975
vn -0.326388 -0.939982 -0.099521
vn -0.305831 -0.940866 -0.145734
vn -0.326388 -0.939982 -0.099521
vn -0.235737 -0.969137 -0.072116
vn -0.563466 -0.821833 -0.084246
vn -0.449853 -0.893101 -0.001374
vn -0.444248 -0.893424 -0.066620
vn -0.428016 -0.894334 -0.130267
vn -0.444248 -0.893424 -0.066620
vn -0.338956 -0.939420 -0.050975
vn -0.444248 -0.893424 -0.066620
vn -0.449853 -0.893101 -0.001374
vn -0.343318 -0.939218 -0.001234
vn -0.570398 -0.821367 -0.001595
vn -0.444718 -0.893394 0.063812
vn -0.449853 -0.893101 -0.001374
vn -0.449853 -0.893101 -0.001374
vn -0.326067 -0.943900 0.052276
vn -0.343318 -0.939218 -0.001234
vn -0.449853 -0.893101 -0.001374
vn -0.444718 -0.893394 0.063812
vn -0.326067 -0.943900 0.052276
vn -0.444248 -0.893424 -0.066620
vn -0.343318 -0.939218 -0.001234
vn -0.338956 -0.939420 -0.050975
vn -0.326388 -0.939982 -0.099521
vn -0.338956 -0.939420 -0.050975
vn -0.227616 -0.973254 -0.031112
vn -0.338956 -0.939420 -0.050975
vn -0.343318 -0.939218 -0.001234
vn -0.233076 -0.972450 0.004153
vn -0.343318 -0.939218 -0.001234
vn -0.326067 -0.943900 0.052276
vn -0.259944 -0.964872 0.038098
vn -0.326067 -0.943900 0.052276
vn -0.634284 -0.753201 -0.174276
vn -0.259944 -0.964872 0.038098
vn -0.829503 0.000254 -0.558503
vn -0.789632 -0.303731 -0.533131
vn -0.733460 0.000302 -0.679733
vn -0.829503 0.000254 -0.558503
vn -0.698830 0.307292 -0.645917
vn -0.790867 0.304149 -0.531058
vn -0.861829 -0.301053 -0.408188
vn -0.789632 -0.303731 -0.533131
vn -0.829503 0.000254 -0.558503
vn -0.861829 -0.301053 -0.408188
vn -0.829503 0.000254 -0.558503
vn -0.904254 0.000203 -0.426995
vn -0.904254 0.000203 -0.426995
vn -0.829503 0.000254 -0.558503
vn -0.790867 0.304149 -0.531058
vn -0.862693 0.301413 -0.406093
vn -0.790867 0.304149 -0.531058
vn -0.694396 0.548915 -0.465303
vn -0.904254 0.000203 -0.426995
vn -0.790867 0.304149 -0.531058
vn -0.862693 0.301413 -0.406093
vn -0.862693 0.301413 -0.406093
vn -0.694396 0.548915 -0.465303
vn -0.758890 0.545010 -0.356441
vn -0.578111 0.718413 -0.386872
vn -0.633098 0.714871 -0.296896
vn -0.758890 0.545010 -0.356441
vn -0.694396 0.548915 -0.465303
vn -0.578111 0.718413 -0.386872
vn -0.758890 0.545010 -0.356441
vn -0.616987 0.000300 -0.786973
vn -0.733460 0.000302 -0.679733
vn -0.697215 -0.306815 -0.647886
vn -0.587520 0.310505 -0.747266
vn -0.698830 0.307292 -0.645917
vn -0.733460 0.000302 -0.679733
vn -0.616987 0.000300 -0.786973
vn -0.587520 0.310505 -0.747266
vn -0.733460 0.000302 -0.679733
vn -0.585561 -0.310021 -0.749003
vn -0.616987 0.000300 -0.786973
vn -0.697215 -0.306815 -0.647886
vn -0.587520 0.310505 -0.747266
vn -0.513634 0.557761 -0.651983
vn -0.698830 0.307292 -0.645917
vn -0.585561 -0.310021 -0.749003
vn -0.481768 0.000249 -0.876299
vn -0.616987 0.000300 -0.786973
vn -0.616987 0.000300 -0.786973
vn -0.458712 0.313459 -0.831461
vn -0.587520 0.310505 -0.747266
vn -0.513634 0.557761 -0.651983
vn -0.425594 0.726463 -0.539556
vn -0.612246 0.553261 -0.564852
vn -0.587520 0.310505 -0.747266
vn -0.400332 0.561854 -0.723916
vn -0.513634 0.557761 -0.651983
vn -0.789632 -0.303731 -0.533131
vn -0.697215 -0.306815 -0.647886
vn -0.733460 0.000302 -0.679733
vn -0.829503 0.000254 -0.558503
vn -0.733460 0.000302 -0.679733
vn -0.698830 0.307292 -0.645917
vn -0.790867 0.304149 -0.531058
vn -0.698830 0.307292 -0.645917
vn -0.612246 0.553261 -0.564852
vn -0.790867 0.304149 -0.531058
vn -0.612246 0.553261 -0.564852
vn -0.694396 0.548915 -0.465303
vn -0.694396 0.548915 -0.465303
vn -0.612246 0.553261 -0.564852
vn -0.508530 0.722419 -0.468517
vn -0.513634 0.557761 -0.651983
vn -0.612246 0.553261 -0.564852
vn -0.698830 0.307292 -0.645917
vn -0.694396 0.548915 -0.465303
vn -0.508530 0.722419 -0.468517
vn -0.578111 0.718413 -0.386872
vn -0.578111 0.718413 -0.386872
vn -0.466223 0.827910 -0.311771
vn -0.633098 0.714871 -0.296896
vn -0.508530 0.722419 -0.468517
vn -0.409365 0.830920 -0.376818
vn -0.578111 0.718413 -0.386872
vn -0.578111 0.718413 -0.386872
vn -0.409365 0.830920 -0.376818
vn -0.466223 0.827910 -0.311771
vn -0.425594 0.726463 -0.539556
vn -0.508530 0.722419 -0.468517
vn -0.612246 0.553261 -0.564852
vn -0.425594 0.726463 -0.539556
vn -0.341964 0.833943 -0.433127
vn -0.508530 0.722419 -0.468517
vn -0.508530 0.722419 -0.468517
vn -0.341964 0.833943 -0.433127
vn -0.409365 0.830920 -0.376818
vn -0.466223 0.827910 -0.311771
vn -0.409365 0.830920 -0.376818
vn -0.321534 0.899519 -0.295774
vn -0.466223 0.827910 -0.311771
vn -0.321534 0.899519 -0.295774
vn -0.366661 0.897516 -0.245001
vn -0.861829 -0.301053 -0.408188
vn -0.904254 0.000203 -0.426995
vn -0.913405 -0.299017 -0.276188
vn -0.904254 0.000203 -0.426995
vn -0.957531 0.000152 -0.288332
vn -0.913405 -0.299017 -0.276188
vn -0.904254 0.000203 -0.426995
vn -0.862693 0.301413 -0.406093
vn -0.957531 0.000152 -0.288332
vn -0.862693 0.301413 -0.406093
vn -0.758890 0.545010 -0.356441
vn -0.913980 0.299244 -0.274031
vn -0.862693 0.301413 -0.406093
vn -0.913980 0.299244 -0.274031
vn -0.957531 0.000152 -0.288332
vn -0.913405 -0.299017 -0.276188
vn -0.957531 0.000152 -0.288332
vn -0.944370 -0.297725 -0.139733
vn -0.957531 0.000152 -0.288332
vn -0.989400 0.000069 -0.145214
vn -0.944370 -0.297725 -0.139733
vn -0.957531 0.000152 -0.288332
vn -0.913980 0.299244 -0.274031
vn -0.989400 0.000069 -0.145214
vn -0.913980 0.299244 -0.274031
vn -0.805178 0.542003 -0.240667
vn -0.944646 0.297853 -0.137576
vn -0.913980 0.299244 -0.274031
vn -0.944646 0.297853 -0.137576
vn -0.989400 0.000069 -0.145214
vn -0.913980 0.299244 -0.274031
vn -0.758890 0.545010 -0.356441
vn -0.805178 0.542003 -0.240667
vn -0.805178 0.542003 -0.240667
vn -0.832917 0.540100 -0.120587
vn -0.944646 0.297853 -0.137576
vn -0.805178 0.542003 -0.240667
vn -0.672796 0.712087 -0.200692
vn -0.832917 0.540100 -0.120587
vn -0.672796 0.712087 -0.200692
vn -0.696662 0.710325 -0.100499
vn -0.832917 0.540100 -0.120587
vn -0.805178 0.542003 -0.240667
vn -0.758890 0.545010 -0.356441
vn -0.633098 0.714871 -0.296896
vn -0.805178 0.542003 -0.240667
vn -0.633098 0.714871 -0.296896
vn -0.672796 0.712087 -0.200692
vn -0.633098 0.714871 -0.296896
vn -0.511450 0.825238 -0.239586
vn -0.672796 0.712087 -0.200692
vn -0.672796 0.712087 -0.200692
vn -0.544201 0.823140 -0.162131
vn -0.696662 0.710325 -0.100499
vn -0.544201 0.823140 -0.162131
vn -0.563978 0.821793 -0.081141
vn -0.696662 0.710325 -0.100499
vn -0.672796 0.712087 -0.200692
vn -0.511450 0.825238 -0.239586
vn -0.544201 0.823140 -0.162131
vn -0.944370 -0.297725 -0.139733
vn -0.989400 0.000069 -0.145214
vn -0.954765 -0.297360 -0.001090
vn -0.989400 0.000069 -0.145214
vn -1.000000 0.000000 -0.000015
vn -0.954765 -0.297360 -0.001090
vn -0.989400 0.000069 -0.145214
vn -0.944646 0.297853 -0.137576
vn -1.000000 0.000000 -0.000015
vn -0.944646 0.297853 -0.137576
vn -0.832917 0.540100 -0.120587
vn -0.954775 0.297326 0.001052
vn -0.944646 0.297853 -0.137576
vn -0.954775 0.297326 0.001052
vn -1.000000 0.000000 -0.000015
vn -0.954765 -0.297360 -0.001090
vn -1.000000 0.000000 -0.000015
vn -0.944648 -0.297868 0.137531
vn -1.000000 0.000000 -0.000015
vn -0.989405 -0.000121 0.145182
vn -0.944648 -0.297868 0.137531
vn -1.000000 0.000000 -0.000015
vn -0.954775 0.297326 0.001052
vn -0.989405 -0.000121 0.145182
vn -0.954775 0.297326 0.001052
vn -0.944382 0.297730 0.139641
vn -0.989405 -0.000121 0.145182
vn -0.954775 0.297326 0.001052
vn -0.842044 0.539407 0.001625
vn -0.944382 0.297730 0.139641
vn -0.954775 0.297326 0.001052
vn -0.832917 0.540100 -0.120587
vn -0.842044 0.539407 0.001625
vn -0.832917 0.540100 -0.120587
vn -0.696662 0.710325 -0.100499
vn -0.842044 0.539407 0.001625
vn -0.696662 0.710325 -0.100499
vn -0.704465 0.709737 0.001664
vn -0.842044 0.539407 0.001625
vn -0.842044 0.539407 0.001625
vn -0.832483 0.540049 0.123773
vn -0.944382 0.297730 0.139641
vn -0.842044 0.539407 0.001625
vn -0.704465 0.709737 0.001664
vn -0.832483 0.540049 0.123773
vn -0.704465 0.709737 0.001664
vn -0.696151 0.710348 0.103822
vn -0.832483 0.540049 0.123773
vn -0.696662 0.710325 -0.100499
vn -0.563978 0.821793 -0.081141
vn -0.704465 0.709737 0.001664
vn -0.704465 0.709737 0.001664
vn -0.563978 0.821793 -0.081141
vn -0.570403 0.821364 0.001552
vn -0.563978 0.821793 -0.081141
vn -0.444709 0.893396 -0.063857
vn -0.570403 0.821364 0.001552
vn -0.704465 0.709737 0.001664
vn -0.570403 0.821364 0.001552
vn -0.696151 0.710348 0.103822
vn -0.570403 0.821364 0.001552
vn -0.563491 0.821815 0.084247
vn -0.696151 0.710348 0.103822
vn -0.570403 0.821364 0.001552
vn -0.449878 0.893089 0.001374
vn -0.563491 0.821815 0.084247
vn -0.466223 0.827910 -0.311771
vn -0.511450 0.825238 -0.239586
vn -0.633098 0.714871 -0.296896
vn -0.544201 0.823140 -0.162131
vn -0.511450 0.825238 -0.239586
vn -0.402725 0.895706 -0.188475
vn -0.466223 0.827910 -0.311771
vn -0.366661 0.897516 -0.245001
vn -0.511450 0.825238 -0.239586
vn -0.511450 0.825238 -0.239586
vn -0.366661 0.897516 -0.245001
vn -0.402725 0.895706 -0.188475
vn -0.544201 0.823140 -0.162131
vn -0.402725 0.895706 -0.188475
vn -0.428903 0.894290 -0.127626
vn -0.544201 0.823140 -0.162131
vn -0.428903 0.894290 -0.127626
vn -0.563978 0.821793 -0.081141
vn -0.563978 0.821793 -0.081141
vn -0.428903 0.894290 -0.127626
vn -0.444709 0.893396 -0.063857
vn -0.570403 0.821364 0.001552
vn -0.444709 0.893396 -0.063857
vn -0.449878 0.893089 0.001374
vn -0.449878 0.893089 0.001374
vn -0.444293 0.893408 0.066532
vn -0.563491 0.821815 0.084247
vn -0.428903 0.894290 -0.127626
vn -0.327220 0.939940 -0.097158
vn -0.444709 0.893396 -0.063857
vn -0.402725 0.895706 -0.188475
vn -0.366661 0.897516 -0.245001
vn -0.265607 0.946328 -0.184166
vn -0.402725 0.895706 -0.188475
vn -0.265607 0.946328 -0.184166
vn -0.299098 0.943393 -0.143353
vn -0.402725 0.895706 -0.188475
vn -0.299098 0.943393 -0.143353
vn -0.428903 0.894290 -0.127626
vn -0.428903 0.894290 -0.127626
vn -0.299098 0.943393 -0.143353
vn -0.327220 0.939940 -0.097158
vn -0.444709 0.893396 -0.063857
vn -0.339368 0.939400 -0.048548
vn -0.449878 0.893089 0.001374
vn -0.449878 0.893089 0.001374
vn -0.339368 0.939400 -0.048548
vn -0.343342 0.939210 0.001234
vn -0.449878 0.893089 0.001374
vn -0.343342 0.939210 0.001234
vn -0.444293 0.893408 0.066532
vn -0.327220 0.939940 -0.097158
vn -0.339368 0.939400 -0.048548
vn -0.444709 0.893396 -0.063857
vn -0.327220 0.939940 -0.097158
vn -0.236487 0.969112 -0.069973
vn -0.339368 0.939400 -0.048548
vn -0.339368 0.939400 -0.048548
vn -0.245320 0.968815 -0.034858
vn -0.343342 0.939210 0.001234
vn -0.444293 0.893408 0.066532
vn -0.343342 0.939210 0.001234
vn -0.338980 0.939412 0.050976
vn -0.343342 0.939210 0.001234
vn -0.248168 0.968716 0.001097
vn -0.338980 0.939412 0.050976
vn -0.338980 0.939412 0.050976
vn -0.244969 0.968824 0.037008
vn -0.326413 0.939973 0.099523
vn -0.396926 -0.561691 -0.725916
vn -0.312655 -0.315492 -0.895942
vn -0.456385 -0.313058 -0.832891
vn -0.422537 -0.726486 -0.541923
vn -0.339175 -0.833998 -0.435209
vn -0.327549 -0.730209 -0.599589
vn -0.422537 -0.726486 -0.541923
vn -0.327549 -0.730209 -0.599589
vn -0.396926 -0.561691 -0.725916
vn -0.510705 -0.557601 -0.654417
vn -0.396926 -0.561691 -0.725916
vn -0.456385 -0.313058 -0.832891
vn -0.327549 -0.730209 -0.599589
vn -0.339175 -0.833998 -0.435209
vn -0.262364 -0.836750 -0.480640
vn -0.327549 -0.730209 -0.599589
vn -0.271093 -0.565061 -0.779239
vn -0.396926 -0.561691 -0.725916
vn -0.396926 -0.561691 -0.725916
vn -0.271093 -0.565061 -0.779239
vn -0.312655 -0.315492 -0.895942
vn -0.271093 -0.565061 -0.779239
vn -0.158377 -0.317185 -0.935046
vn -0.312655 -0.315492 -0.895942
vn -0.327549 -0.730209 -0.599589
vn -0.223165 -0.733165 -0.642391
vn -0.271093 -0.565061 -0.779239
vn -0.327549 -0.730209 -0.599589
vn -0.262364 -0.836750 -0.480640
vn -0.223165 -0.733165 -0.642391
vn -0.262364 -0.836750 -0.480640
vn -0.178449 -0.838960 -0.514103
vn -0.223165 -0.733165 -0.642391
vn -0.262364 -0.836750 -0.480640
vn -0.339175 -0.833998 -0.435209
vn -0.265794 -0.901618 -0.341232
vn -0.319412 -0.899585 -0.297863
vn -0.265794 -0.901618 -0.341232
vn -0.339175 -0.833998 -0.435209
vn -0.319412 -0.899585 -0.297863
vn -0.242869 -0.943192 -0.226722
vn -0.265794 -0.901618 -0.341232
vn -0.265794 -0.901618 -0.341232
vn -0.242869 -0.943192 -0.226722
vn -0.201892 -0.944420 -0.259443
vn -0.262364 -0.836750 -0.480640
vn -0.205309 -0.903450 -0.376332
vn -0.178449 -0.838960 -0.514103
vn -0.262364 -0.836750 -0.480640
vn -0.265794 -0.901618 -0.341232
vn -0.205309 -0.903450 -0.376332
vn -0.205309 -0.903450 -0.376332
vn -0.135240 -0.911236 -0.389049
vn -0.178449 -0.838960 -0.514103
vn -0.205309 -0.903450 -0.376332
vn -0.155241 -0.943214 -0.293679
vn -0.135240 -0.911236 -0.389049
vn -0.265794 -0.901618 -0.341232
vn -0.201892 -0.944420 -0.259443
vn -0.205309 -0.903450 -0.376332
vn -0.201892 -0.944420 -0.259443
vn -0.141627 -0.971586 -0.189637
vn -0.155241 -0.943214 -0.293679
vn -0.155241 -0.943214 -0.293679
vn -0.141627 -0.971586 -0.189637
vn -0.140468 -0.960649 -0.239630
vn -0.205309 -0.903450 -0.376332
vn -0.201892 -0.944420 -0.259443
vn -0.155241 -0.943214 -0.293679
vn -0.178449 -0.838960 -0.514103
vn -0.135240 -0.911236 -0.389049
vn -0.089565 -0.840406 -0.534505
vn -0.089565 -0.840406 -0.534505
vn -0.135240 -0.911236 -0.389049
vn -0.069873 -0.905842 -0.417814
vn -0.223165 -0.733165 -0.642391
vn -0.112235 -0.735126 -0.668576
vn -0.136722 -0.567246 -0.812120
vn -0.271093 -0.565061 -0.779239
vn -0.136722 -0.567246 -0.812120
vn -0.158377 -0.317185 -0.935046
vn -0.271093 -0.565061 -0.779239
vn -0.223165 -0.733165 -0.642391
vn -0.136722 -0.567246 -0.812120
vn -0.223165 -0.733165 -0.642391
vn -0.178449 -0.838960 -0.514103
vn -0.112235 -0.735126 -0.668576
vn -0.112235 -0.735126 -0.668576
vn -0.178449 -0.838960 -0.514103
vn -0.089565 -0.840406 -0.534505
vn -0.089565 -0.840406 -0.534505
vn -0.069873 -0.905842 -0.417814
vn 0.001774 -0.840897 -0.541192
vn -0.069873 -0.905842 -0.417814
vn 0.001130 -0.912447 -0.409194
vn 0.001774 -0.840897 -0.541192
vn -0.136722 -0.567246 -0.812120
vn 0.001392 -0.317857 -0.948138
vn -0.158377 -0.317185 -0.935046
vn -0.112235 -0.735126 -0.668576
vn 0.001998 -0.568106 -0.822953
vn -0.136722 -0.567246 -0.812120
vn -0.112235 -0.735126 -0.668576
vn 0.001986 -0.735829 -0.677165
vn 0.001998 -0.568106 -0.822953
vn -0.136722 -0.567246 -0.812120
vn 0.001998 -0.568106 -0.822953
vn 0.001392 -0.317857 -0.948138
vn -0.112235 -0.735126 -0.668576
vn -0.089565 -0.840406 -0.534505
vn 0.001986 -0.735829 -0.677165
vn -0.089565 -0.840406 -0.534505
vn 0.001774 -0.840897 -0.541192
vn 0.001986 -0.735829 -0.677165
vn -0.155241 -0.943214 -0.293679
vn -0.152088 -0.927999 -0.340128
vn -0.135240 -0.911236 -0.389049
vn -0.135240 -0.911236 -0.389049
vn -0.152088 -0.927999 -0.340128
vn -0.122568 -0.928944 -0.349343
vn -0.135240 -0.911236 -0.389049
vn -0.122568 -0.928944 -0.349343
vn -0.092875 -0.928961 -0.358338
vn -0.135240 -0.911236 -0.389049
vn -0.092875 -0.928961 -0.358338
vn -0.069873 -0.905842 -0.417814
vn -0.155241 -0.943214 -0.293679
vn -0.140468 -0.960649 -0.239630
vn -0.132746 -0.945675 -0.296780
vn -0.155241 -0.943214 -0.293679
vn -0.132746 -0.945675 -0.296780
vn -0.152088 -0.927999 -0.340128
vn -0.069873 -0.905842 -0.417814
vn -0.092875 -0.928961 -0.358338
vn -0.051804 -0.929715 -0.364619
vn -0.069873 -0.905842 -0.417814
vn -0.051804 -0.929715 -0.364619
vn 0.001130 -0.912447 -0.409194
vn 0.001130 -0.912447 -0.409194
vn -0.051804 -0.929715 -0.364619
vn -0.031212 -0.929478 -0.367555
vn 0.001130 -0.912447 -0.409194
vn -0.031212 -0.929478 -0.367555
vn 0.000000 -0.929935 -0.367725
vn -0.319412 -0.899585 -0.297863
vn -0.277803 -0.941967 -0.188475
vn -0.242869 -0.943192 -0.226722
vn -0.277803 -0.941967 -0.188475
vn -0.200359 -0.970208 -0.136211
vn -0.242869 -0.943192 -0.226722
vn -0.305831 -0.940866 -0.145734
vn -0.220743 -0.969615 -0.105448
vn -0.277803 -0.941967 -0.188475
vn -0.305831 -0.940866 -0.145734
vn -0.235737 -0.969137 -0.072116
vn -0.220743 -0.969615 -0.105448
vn -0.277803 -0.941967 -0.188475
vn -0.220743 -0.969615 -0.105448
vn -0.200359 -0.970208 -0.136211
vn -0.201892 -0.944420 -0.259443
vn -0.242869 -0.943192 -0.226722
vn -0.175006 -0.970867 -0.163676
vn -0.242869 -0.943192 -0.226722
vn -0.200359 -0.970208 -0.136211
vn -0.175006 -0.970867 -0.163676
vn -0.201892 -0.944420 -0.259443
vn -0.175006 -0.970867 -0.163676
vn -0.141627 -0.971586 -0.189637
vn -0.175006 -0.970867 -0.163676
vn -0.106031 -0.989388 -0.099340
vn -0.141627 -0.971586 -0.189637
vn -0.175006 -0.970867 -0.163676
vn -0.200359 -0.970208 -0.136211
vn -0.120532 -0.989609 -0.078402
vn -0.220743 -0.969615 -0.105448
vn -0.138449 -0.988236 -0.064970
vn -0.200359 -0.970208 -0.136211
vn -0.175006 -0.970867 -0.163676
vn -0.120532 -0.989609 -0.078402
vn -0.106031 -0.989388 -0.099340
vn -0.200359 -0.970208 -0.136211
vn -0.138449 -0.988236 -0.064970
vn -0.120532 -0.989609 -0.078402
vn -0.326388 -0.939982 -0.099521
vn -0.227616 -0.973254 -0.031112
vn -0.235737 -0.969137 -0.072116
vn -0.338956 -0.939420 -0.050975
vn -0.233076 -0.972450 0.004153
vn -0.227616 -0.973254 -0.031112
vn -0.220743 -0.969615 -0.105448
vn -0.235737 -0.969137 -0.072116
vn -0.153972 -0.987090 -0.044108
vn -0.227616 -0.973254 -0.031112
vn -0.233076 -0.972450 0.004153
vn -0.524881 -0.795691 -0.302284
vn -0.227616 -0.973254 -0.031112
vn -0.512216 -0.721459 -0.465974
vn -0.508956 -0.719018 -0.473262
vn -0.227616 -0.973254 -0.031112
vn -0.406615 -0.852103 -0.329523
vn -0.235737 -0.969137 -0.072116
vn -0.227616 -0.973254 -0.031112
vn -0.662369 -0.595793 -0.454200
vn -0.556570 -0.712987 -0.426472
vn -0.227616 -0.973254 -0.031112
vn -0.524881 -0.795691 -0.302284
vn -0.662369 -0.595793 -0.454200
vn -0.227616 -0.973254 -0.031112
vn -0.556570 -0.712987 -0.426472
vn -0.512216 -0.721459 -0.465974
vn -0.343318 -0.939218 -0.001234
vn -0.259944 -0.964872 0.038098
vn -0.233076 -0.972450 0.004153
vn -0.233076 -0.972450 0.004153
vn -0.584043 -0.784991 -0.206598
vn -0.751208 -0.572181 -0.329082
vn -0.233076 -0.972450 0.004153
vn -0.259944 -0.964872 0.038098
vn -0.584043 -0.784991 -0.206598
vn -0.233076 -0.972450 0.004153
vn -0.751208 -0.572181 -0.329082
vn -0.640099 -0.697244 -0.322684
vn -0.259944 -0.964872 0.038098
vn -0.695350 -0.674311 -0.248583
vn -0.584043 -0.784991 -0.206598
vn -0.259944 -0.964872 0.038098
vn -0.634284 -0.753201 -0.174276
vn -0.695350 -0.674311 -0.248583
vn -0.233076 -0.972450 0.004153
vn -0.603176 -0.706721 -0.369763
vn -0.524881 -0.795691 -0.302284
vn -0.233076 -0.972450 0.004153
vn -0.640099 -0.697244 -0.322684
vn -0.603176 -0.706721 -0.369763
vn -0.235737 -0.969137 -0.072116
vn -0.406615 -0.852103 -0.329523
vn -0.153972 -0.987090 -0.044108
vn -0.220743 -0.969615 -0.105448
vn -0.153972 -0.987090 -0.044108
vn -0.138449 -0.988236 -0.064970
vn -0.227616 -0.973254 -0.031112
vn -0.508956 -0.719018 -0.473262
vn -0.406615 -0.852103 -0.329523
vn -0.153972 -0.987090 -0.044108
vn -0.312909 -0.839830 -0.443592
vn -0.138449 -0.988236 -0.064970
vn -0.138449 -0.988236 -0.064970
vn -0.312909 -0.839830 -0.443592
vn -0.358790 -0.753064 -0.551511
vn -0.153972 -0.987090 -0.044108
vn -0.406615 -0.852103 -0.329523
vn -0.486713 -0.729422 -0.480680
vn -0.153972 -0.987090 -0.044108
vn -0.486713 -0.729422 -0.480680
vn -0.486035 -0.644108 -0.590673
vn -0.153972 -0.987090 -0.044108
vn -0.486035 -0.644108 -0.590673
vn -0.363931 -0.756298 -0.543662
vn -0.153972 -0.987090 -0.044108
vn -0.363931 -0.756298 -0.543662
vn -0.312909 -0.839830 -0.443592
vn -0.141627 -0.971586 -0.189637
vn -0.130456 -0.971642 -0.197211
vn -0.140468 -0.960649 -0.239630
vn -0.141627 -0.971586 -0.189637
vn -0.106507 -0.981200 -0.160942
vn -0.130456 -0.971642 -0.197211
vn -0.141627 -0.971586 -0.189637
vn -0.093507 -0.988140 -0.121805
vn -0.106507 -0.981200 -0.160942
vn -0.093507 -0.988140 -0.121805
vn -0.106507 -0.981200 -0.160942
vn -0.106507 -0.981200 -0.160942
vn -0.071129 -0.989548 -0.125445
vn -0.092259 -0.981503 -0.167752
vn -0.106507 -0.981200 -0.160942
vn -0.071129 -0.989548 -0.125445
vn -0.078034 -0.981566 -0.174466
vn -0.092259 -0.981503 -0.167752
vn -0.071129 -0.989548 -0.125445
vn -0.049867 -0.988582 -0.142196
vn -0.078034 -0.981566 -0.174466
vn -0.141627 -0.971586 -0.189637
vn -0.106031 -0.989388 -0.099340
vn -0.093507 -0.988140 -0.121805
vn -0.120532 -0.989609 -0.078402
vn -0.209446 -0.842131 -0.496938
vn -0.106031 -0.989388 -0.099340
vn -0.093507 -0.988140 -0.121805
vn -0.071129 -0.989548 -0.125445
vn -0.106507 -0.981200 -0.160942
vn -0.106031 -0.989388 -0.099340
vn -0.196384 -0.839068 -0.507344
vn -0.093507 -0.988140 -0.121805
vn -0.106031 -0.989388 -0.099340
vn -0.232928 -0.758310 -0.608860
vn -0.228571 -0.757289 -0.611775
vn -0.106031 -0.989388 -0.099340
vn -0.228571 -0.757289 -0.611775
vn -0.196384 -0.839068 -0.507344
vn -0.093507 -0.988140 -0.121805
vn -0.188866 -0.838160 -0.511682
vn -0.071129 -0.989548 -0.125445
vn -0.093507 -0.988140 -0.121805
vn -0.196384 -0.839068 -0.507344
vn -0.224222 -0.756250 -0.614663
vn -0.093507 -0.988140 -0.121805
vn -0.224222 -0.756250 -0.614663
vn -0.188866 -0.838160 -0.511682
vn -0.049867 -0.988582 -0.142196
vn -0.062816 -0.981825 -0.179093
vn -0.078034 -0.981566 -0.174466
vn -0.049867 -0.988582 -0.142196
vn -0.047611 -0.981831 -0.183686
vn -0.062816 -0.981825 -0.179093
vn -0.025242 -0.988709 -0.147709
vn -0.031784 -0.982021 -0.186074
vn -0.047611 -0.981831 -0.183686
vn -0.025242 -0.988709 -0.147709
vn -0.047611 -0.981831 -0.183686
vn -0.049867 -0.988582 -0.142196
vn -0.025242 -0.988709 -0.147709
vn -0.016002 -0.981971 -0.188353
vn -0.031784 -0.982021 -0.186074
vn -0.000933 -0.989905 -0.141729
vn 0.000000 -0.982106 -0.188331
vn -0.016002 -0.981971 -0.188353
vn -0.025242 -0.988709 -0.147709
vn -0.000933 -0.989905 -0.141729
vn -0.016002 -0.981971 -0.188353
vn -0.071129 -0.989548 -0.125445
vn -0.080098 -0.840411 -0.535997
vn -0.049867 -0.988582 -0.142196
vn -0.025242 -0.988709 -0.147709
vn -0.049867 -0.988582 -0.142196
vn -0.067158 -0.839477 -0.539229
vn -0.071129 -0.989548 -0.125445
vn -0.188866 -0.838160 -0.511682
vn -0.248266 -0.471442 -0.846231
vn -0.071129 -0.989548 -0.125445
vn -0.248266 -0.471442 -0.846231
vn -0.097551 -0.760588 -0.641865
vn -0.071129 -0.989548 -0.125445
vn -0.097551 -0.760588 -0.641865
vn -0.092390 -0.759800 -0.643559
vn -0.071129 -0.989548 -0.125445
vn -0.092390 -0.759800 -0.643559
vn -0.080098 -0.840411 -0.535997
vn -0.049867 -0.988582 -0.142196
vn -0.080098 -0.840411 -0.535997
vn -0.081716 -0.758535 -0.646488
vn -0.049867 -0.988582 -0.142196
vn -0.081716 -0.758535 -0.646488
vn -0.067158 -0.839477 -0.539229
vn -0.025242 -0.988709 -0.147709
vn -0.053789 -0.839262 -0.541060
vn -0.000933 -0.989905 -0.141729
vn -0.025242 -0.988709 -0.147709
vn -0.067158 -0.839477 -0.539229
vn -0.070682 -0.757989 -0.648427
vn -0.025242 -0.988709 -0.147709
vn -0.070682 -0.757989 -0.648427
vn -0.053789 -0.839262 -0.541060
vn -0.000933 -0.989905 -0.141729
vn -0.053789 -0.839262 -0.541060
vn -0.080859 -0.594019 -0.800377
vn -0.000933 -0.989905 -0.141729
vn -0.080859 -0.594019 -0.800377
vn -0.032518 -0.758568 -0.650782
vn -0.138449 -0.988236 -0.064970
vn -0.306221 -0.836942 -0.453605
vn -0.120532 -0.989609 -0.078402
vn -0.120532 -0.989609 -0.078402
vn -0.306221 -0.836942 -0.453605
vn -0.352292 -0.750534 -0.559097
vn -0.120532 -0.989609 -0.078402
vn -0.352292 -0.750534 -0.559097
vn -0.422418 -0.458139 -0.782094
vn -0.138449 -0.988236 -0.064970
vn -0.358790 -0.753064 -0.551511
vn -0.306221 -0.836942 -0.453605
vn -0.120532 -0.989609 -0.078402
vn -0.240553 -0.761017 -0.602484
vn -0.209446 -0.842131 -0.496938
vn -0.120532 -0.989609 -0.078402
vn -0.422418 -0.458139 -0.782094
vn -0.240553 -0.761017 -0.602484
vn -0.106031 -0.989388 -0.099340
vn -0.209446 -0.842131 -0.496938
vn -0.232928 -0.758310 -0.608860
vn -0.456385 -0.313058 -0.832891
vn -0.330866 0.000195 -0.943678
vn -0.481768 0.000249 -0.876299
vn -0.481768 0.000249 -0.876299
vn -0.315233 0.315839 -0.894916
vn -0.458712 0.313459 -0.831461
vn -0.585561 -0.310021 -0.749003
vn -0.456385 -0.313058 -0.832891
vn -0.481768 0.000249 -0.876299
vn -0.616987 0.000300 -0.786973
vn -0.481768 0.000249 -0.876299
vn -0.458712 0.313459 -0.831461
vn -0.587520 0.310505 -0.747266
vn -0.458712 0.313459 -0.831461
vn -0.400332 0.561854 -0.723916
vn -0.458712 0.313459 -0.831461
vn -0.274868 0.565191 -0.777822
vn -0.400332 0.561854 -0.723916
vn -0.513634 0.557761 -0.651983
vn -0.400332 0.561854 -0.723916
vn -0.330996 0.730186 -0.597721
vn -0.513634 0.557761 -0.651983
vn -0.330996 0.730186 -0.597721
vn -0.425594 0.726463 -0.539556
vn -0.425594 0.726463 -0.539556
vn -0.330996 0.730186 -0.597721
vn -0.265496 0.836731 -0.478949
vn -0.456385 -0.313058 -0.832891
vn -0.312655 -0.315492 -0.895942
vn -0.330866 0.000195 -0.943678
vn -0.481768 0.000249 -0.876299
vn -0.330866 0.000195 -0.943678
vn -0.315233 0.315839 -0.894916
vn -0.458712 0.313459 -0.831461
vn -0.315233 0.315839 -0.894916
vn -0.274868 0.565191 -0.777822
vn -0.312655 -0.315492 -0.895942
vn -0.168451 0.000106 -0.985710
vn -0.330866 0.000195 -0.943678
vn -0.330866 0.000195 -0.943678
vn -0.161147 0.317336 -0.934521
vn -0.315233 0.315839 -0.894916
vn -0.400332 0.561854 -0.723916
vn -0.274868 0.565191 -0.777822
vn -0.226980 0.733176 -0.641041
vn -0.400332 0.561854 -0.723916
vn -0.226980 0.733176 -0.641041
vn -0.330996 0.730186 -0.597721
vn -0.330996 0.730186 -0.597721
vn -0.181842 0.838953 -0.512925
vn -0.265496 0.836731 -0.478949
vn -0.330996 0.730186 -0.597721
vn -0.226980 0.733176 -0.641041
vn -0.181842 0.838953 -0.512925
vn -0.265496 0.836731 -0.478949
vn -0.181842 0.838953 -0.512925
vn -0.142377 0.904875 -0.401162
vn -0.425594 0.726463 -0.539556
vn -0.265496 0.836731 -0.478949
vn -0.341964 0.833943 -0.433127
vn -0.409365 0.830920 -0.376818
vn -0.341964 0.833943 -0.433127
vn -0.268257 0.901546 -0.339490
vn -0.265496 0.836731 -0.478949
vn -0.208026 0.903411 -0.374932
vn -0.341964 0.833943 -0.433127
vn -0.341964 0.833943 -0.433127
vn -0.208026 0.903411 -0.374932
vn -0.268257 0.901546 -0.339490
vn -0.409365 0.830920 -0.376818
vn -0.268257 0.901546 -0.339490
vn -0.321534 0.899519 -0.295774
vn -0.265496 0.836731 -0.478949
vn -0.142377 0.904875 -0.401162
vn -0.208026 0.903411 -0.374932
vn -0.366661 0.897516 -0.245001
vn -0.321534 0.899519 -0.295774
vn -0.241862 0.945486 -0.218079
vn -0.321534 0.899519 -0.295774
vn -0.268257 0.901546 -0.339490
vn -0.195802 0.949792 -0.244043
vn -0.321534 0.899519 -0.295774
vn -0.195802 0.949792 -0.244043
vn -0.241862 0.945486 -0.218079
vn -0.268257 0.901546 -0.339490
vn -0.208026 0.903411 -0.374932
vn -0.158161 0.945494 -0.284652
vn -0.268257 0.901546 -0.339490
vn -0.158161 0.945494 -0.284652
vn -0.195802 0.949792 -0.244043
vn -0.208026 0.903411 -0.374932
vn -0.108246 0.946388 -0.304355
vn -0.158161 0.945494 -0.284652
vn -0.195802 0.949792 -0.244043
vn -0.158161 0.945494 -0.284652
vn -0.115920 0.974006 -0.194617
vn -0.312655 -0.315492 -0.895942
vn -0.158377 -0.317185 -0.935046
vn -0.168451 0.000106 -0.985710
vn -0.330866 0.000195 -0.943678
vn -0.168451 0.000106 -0.985710
vn -0.161147 0.317336 -0.934521
vn -0.315233 0.315839 -0.894916
vn -0.161147 0.317336 -0.934521
vn -0.140734 0.567343 -0.811367
vn -0.315233 0.315839 -0.894916
vn -0.140734 0.567343 -0.811367
vn -0.274868 0.565191 -0.777822
vn -0.274868 0.565191 -0.777822
vn -0.116236 0.735112 -0.667907
vn -0.226980 0.733176 -0.641041
vn -0.274868 0.565191 -0.777822
vn -0.140734 0.567343 -0.811367
vn -0.116236 0.735112 -0.667907
vn -0.226980 0.733176 -0.641041
vn -0.093150 0.840409 -0.533888
vn -0.181842 0.838953 -0.512925
vn -0.226980 0.733176 -0.641041
vn -0.116236 0.735112 -0.667907
vn -0.093150 0.840409 -0.533888
vn -0.181842 0.838953 -0.512925
vn -0.093150 0.840409 -0.533888
vn -0.072941 0.905837 -0.417300
vn -0.168451 0.000106 -0.985710
vn -0.158377 -0.317185 -0.935046
vn 0.000000 0.000000 -1.000000
vn -0.168451 0.000106 -0.985710
vn -0.001431 0.317822 -0.948149
vn -0.161147 0.317336 -0.934521
vn -0.158377 -0.317185 -0.935046
vn 0.001392 -0.317857 -0.948138
vn 0.000000 0.000000 -1.000000
vn -0.168451 0.000106 -0.985710
vn 0.000000 0.000000 -1.000000
vn -0.001431 0.317822 -0.948149
vn -0.161147 0.317336 -0.934521
vn -0.001431 0.317822 -0.948149
vn -0.002041 0.568077 -0.822973
vn -0.161147 0.317336 -0.934521
vn -0.002041 0.568077 -0.822973
vn -0.140734 0.567343 -0.811367
vn -0.140734 0.567343 -0.811367
vn -0.002030 0.735809 -0.677187
vn -0.116236 0.735112 -0.667907
vn -0.140734 0.567343 -0.811367
vn -0.002041 0.568077 -0.822973
vn -0.002030 0.735809 -0.677187
vn -0.116236 0.735112 -0.667907
vn -0.001816 0.840885 -0.541211
vn -0.093150 0.840409 -0.533888
vn -0.093150 0.840409 -0.533888
vn -0.001543 0.906169 -0.422913
vn -0.072941 0.905837 -0.417300
vn -0.116236 0.735112 -0.667907
vn -0.002030 0.735809 -0.677187
vn -0.001816 0.840885 -0.541211
vn -0.093150 0.840409 -0.533888
vn -0.001816 0.840885 -0.541211
vn -0.001543 0.906169 -0.422913
vn -0.181842 0.838953 -0.512925
vn -0.072941 0.905837 -0.417300
vn -0.142377 0.904875 -0.401162
vn -0.208026 0.903411 -0.374932
vn -0.142377 0.904875 -0.401162
vn -0.108246 0.946388 -0.304355
vn -0.142377 0.904875 -0.401162
vn -0.055509 0.946957 -0.316531
vn -0.108246 0.946388 -0.304355
vn -0.142377 0.904875 -0.401162
vn -0.072941 0.905837 -0.417300
vn -0.055509 0.946957 -0.316531
vn -0.158161 0.945494 -0.284652
vn -0.108246 0.946388 -0.304355
vn -0.078164 0.972570 -0.219087
vn -0.158161 0.945494 -0.284652
vn -0.078164 0.972570 -0.219087
vn -0.115920 0.974006 -0.194617
vn -0.108246 0.946388 -0.304355
vn -0.040180 0.972869 -0.227842
vn -0.078164 0.972570 -0.219087
vn -0.072941 0.905837 -0.417300
vn -0.001356 0.947163 -0.320750
vn -0.055509 0.946957 -0.316531
vn -0.072941 0.905837 -0.417300
vn -0.001543 0.906169 -0.422913
vn -0.001356 0.947163 -0.320750
vn -0.108246 0.946388 -0.304355
vn -0.055509 0.946957 -0.316531
vn -0.040180 0.972869 -0.227842
vn -0.055509 0.946957 -0.316531
vn -0.001356 0.947163 -0.320750
vn -0.001214 0.972986 -0.230862
vn -0.055509 0.946957 -0.316531
vn -0.001214 0.972986 -0.230862
vn -0.040180 0.972869 -0.227842
vn -0.366661 0.897516 -0.245001
vn -0.241862 0.945486 -0.218079
vn -0.265607 0.946328 -0.184166
vn -0.299098 0.943393 -0.143353
vn -0.265607 0.946328 -0.184166
vn -0.786963 0.616432 0.026466
vn -0.265607 0.946328 -0.184166
vn -0.777482 0.618427 -0.114325
vn -0.786963 0.616432 0.026466
vn -0.265607 0.946328 -0.184166
vn -0.241862 0.945486 -0.218079
vn -0.606122 0.602853 -0.518829
vn -0.241862 0.945486 -0.218079
vn -0.515731 0.474916 -0.713075
vn -0.606122 0.602853 -0.518829
vn -0.241862 0.945486 -0.218079
vn -0.331660 0.720202 -0.609353
vn -0.515731 0.474916 -0.713075
vn -0.265607 0.946328 -0.184166
vn -0.606122 0.602853 -0.518829
vn -0.813640 0.481129 -0.326351
vn -0.265607 0.946328 -0.184166
vn -0.813640 0.481129 -0.326351
vn -0.777482 0.618427 -0.114325
vn -0.299098 0.943393 -0.143353
vn -0.786963 0.616432 0.026466
vn -0.663739 0.743263 0.083732
vn -0.299098 0.943393 -0.143353
vn -0.663739 0.743263 0.083732
vn -0.214422 0.970894 -0.106718
vn -0.299098 0.943393 -0.143353
vn -0.214422 0.970894 -0.106718
vn -0.327220 0.939940 -0.097158
vn -0.327220 0.939940 -0.097158
vn -0.214422 0.970894 -0.106718
vn -0.236487 0.969112 -0.069973
vn -0.214422 0.970894 -0.106718
vn -0.663739 0.743263 0.083732
vn -0.700977 0.650562 0.292235
vn -0.214422 0.970894 -0.106718
vn -0.700977 0.650562 0.292235
vn -0.694062 0.435728 0.573080
vn -0.214422 0.970894 -0.106718
vn -0.694062 0.435728 0.573080
vn -0.355363 0.712335 0.605223
vn -0.195802 0.949792 -0.244043
vn -0.331660 0.720202 -0.609353
vn -0.241862 0.945486 -0.218079
vn -0.195802 0.949792 -0.244043
vn -0.147861 0.490646 -0.858722
vn -0.331660 0.720202 -0.609353
vn -0.195802 0.949792 -0.244043
vn 0.014516 0.624227 -0.781108
vn -0.147861 0.490646 -0.858722
vn -0.195802 0.949792 -0.244043
vn 0.106165 0.632764 -0.767033
vn 0.014516 0.624227 -0.781108
vn -0.195802 0.949792 -0.244043
vn -0.115920 0.974006 -0.194617
vn 0.106165 0.632764 -0.767033
vn -0.214422 0.970894 -0.106718
vn -0.144161 0.987292 -0.066869
vn -0.236487 0.969112 -0.069973
vn -0.214422 0.970894 -0.106718
vn -0.355363 0.712335 0.605223
vn -0.143240 0.985264 -0.093473
vn -0.143240 0.985264 -0.093473
vn -0.355363 0.712335 0.605223
vn -0.130545 0.736767 0.663424
vn -0.214422 0.970894 -0.106718
vn -0.143240 0.985264 -0.093473
vn -0.144161 0.987292 -0.066869
vn -0.143240 0.985264 -0.093473
vn 0.076324 0.582700 0.809095
vn 0.220717 0.771262 0.597025
vn -0.143240 0.985264 -0.093473
vn -0.130545 0.736767 0.663424
vn 0.076324 0.582700 0.809095
vn -0.339368 0.939400 -0.048548
vn -0.236487 0.969112 -0.069973
vn -0.245320 0.968815 -0.034858
vn -0.343342 0.939210 0.001234
vn -0.245320 0.968815 -0.034858
vn -0.248168 0.968716 0.001097
vn -0.245320 0.968815 -0.034858
vn -0.236487 0.969112 -0.069973
vn -0.153629 0.987097 -0.045148
vn -0.245320 0.968815 -0.034858
vn -0.159353 0.986969 -0.022344
vn -0.248168 0.968716 0.001097
vn -0.338980 0.939412 0.050976
vn -0.248168 0.968716 0.001097
vn -0.244969 0.968824 0.037008
vn -0.248168 0.968716 0.001097
vn -0.161154 0.986929 0.000999
vn -0.244969 0.968824 0.037008
vn -0.244969 0.968824 0.037008
vn -0.159028 0.986974 0.024341
vn -0.235752 0.969137 0.072076
vn -0.236487 0.969112 -0.069973
vn -0.144161 0.987292 -0.066869
vn -0.153629 0.987097 -0.045148
vn -0.245320 0.968815 -0.034858
vn -0.153629 0.987097 -0.045148
vn -0.159353 0.986969 -0.022344
vn -0.159353 0.986969 -0.022344
vn -0.086545 0.996188 -0.010931
vn -0.161154 0.986929 0.000999
vn -0.248168 0.968716 0.001097
vn -0.159353 0.986969 -0.022344
vn -0.161154 0.986929 0.000999
vn -0.244969 0.968824 0.037008
vn -0.161154 0.986929 0.000999
vn -0.159028 0.986974 0.024341
vn -0.159028 0.986974 0.024341
vn -0.152982 0.987107 0.047081
vn -0.235752 0.969137 0.072076
vn -0.161154 0.986929 0.000999
vn -0.087319 0.996179 0.001739
vn -0.159028 0.986974 0.024341
vn -0.159028 0.986974 0.024341
vn -0.085951 0.996196 0.014373
vn -0.152982 0.987107 0.047081
vn -0.115920 0.974006 -0.194617
vn 0.374635 0.517259 -0.769475
vn 0.106165 0.632764 -0.767033
vn -0.115920 0.974006 -0.194617
vn 0.411272 0.687457 -0.598546
vn 0.374635 0.517259 -0.769475
vn -0.115920 0.974006 -0.194617
vn 0.689995 0.557087 -0.462126
vn 0.411272 0.687457 -0.598546
vn -0.115920 0.974006 -0.194617
vn 0.655647 0.735817 -0.169414
vn 0.689995 0.557087 -0.462126
vn -0.115920 0.974006 -0.194617
vn -0.078164 0.972570 -0.219087
vn -0.050943 0.988576 -0.141851
vn -0.115920 0.974006 -0.194617
vn -0.078904 0.987458 -0.136751
vn 0.655647 0.735817 -0.169414
vn -0.115920 0.974006 -0.194617
vn -0.050943 0.988576 -0.141851
vn -0.078904 0.987458 -0.136751
vn -0.117366 0.986932 -0.110415
vn 0.482299 0.779098 0.400492
vn -0.100996 0.987178 -0.123610
vn -0.100996 0.987178 -0.123610
vn 0.482299 0.779098 0.400492
vn 0.608988 0.771881 0.182575
vn -0.100996 0.987178 -0.123610
vn 0.608988 0.771881 0.182575
vn 0.661326 0.749476 0.030549
vn -0.117366 0.986932 -0.110415
vn 0.220717 0.771262 0.597025
vn 0.323748 0.770592 0.548976
vn -0.143240 0.985264 -0.093473
vn 0.220717 0.771262 0.597025
vn -0.117366 0.986932 -0.110415
vn -0.117366 0.986932 -0.110415
vn 0.323748 0.770592 0.548976
vn 0.482299 0.779098 0.400492
vn -0.143240 0.985264 -0.093473
vn -0.117366 0.986932 -0.110415
vn -0.063116 0.996437 -0.055950
vn -0.078904 0.987458 -0.136751
vn 0.661326 0.749476 0.030549
vn 0.655647 0.735817 -0.169414
vn -0.100996 0.987178 -0.123610
vn 0.661326 0.749476 0.030549
vn -0.078904 0.987458 -0.136751
vn -0.117366 0.986932 -0.110415
vn -0.100996 0.987178 -0.123610
vn -0.052890 0.996522 -0.064396
vn -0.100996 0.987178 -0.123610
vn -0.078904 0.987458 -0.136751
vn -0.041333 0.996598 -0.071309
vn -0.040180 0.972869 -0.227842
vn -0.026361 0.988710 -0.147506
vn -0.078164 0.972570 -0.219087
vn -0.078164 0.972570 -0.219087
vn -0.026361 0.988710 -0.147506
vn -0.050943 0.988576 -0.141851
vn -0.040180 0.972869 -0.227842
vn -0.001214 0.972986 -0.230862
vn -0.001113 0.988755 -0.149539
vn -0.040180 0.972869 -0.227842
vn -0.001113 0.988755 -0.149539
vn -0.026361 0.988710 -0.147506
vn -0.078904 0.987458 -0.136751
vn -0.050943 0.988576 -0.141851
vn -0.028784 0.996660 -0.076417
vn -0.100996 0.987178 -0.123610
vn -0.041333 0.996598 -0.071309
vn -0.052890 0.996522 -0.064396
vn -0.078904 0.987458 -0.136751
vn -0.028784 0.996660 -0.076417
vn -0.041333 0.996598 -0.071309
vn -0.026361 0.988710 -0.147506
vn -0.015528 0.996701 -0.079657
vn -0.050943 0.988576 -0.141851
vn -0.026361 0.988710 -0.147506
vn -0.001113 0.988755 -0.149539
vn -0.001911 0.996721 -0.080897
vn -0.050943 0.988576 -0.141851
vn -0.015528 0.996701 -0.079657
vn -0.028784 0.996660 -0.076417
vn -0.026361 0.988710 -0.147506
vn -0.001911 0.996721 -0.080897
vn -0.015528 0.996701 -0.079657
vn -0.153629 0.987097 -0.045148
vn -0.144161 0.987292 -0.066869
vn -0.078664 0.996281 -0.035148
vn -0.144161 0.987292 -0.066869
vn -0.143240 0.985264 -0.093473
vn -0.071783 0.996355 -0.046093
vn -0.153629 0.987097 -0.045148
vn -0.083630 0.996223 -0.023348
vn -0.159353 0.986969 -0.022344
vn -0.153629 0.987097 -0.045148
vn -0.078664 0.996281 -0.035148
vn -0.083630 0.996223 -0.023348
vn -0.159353 0.986969 -0.022344
vn -0.083630 0.996223 -0.023348
vn -0.086545 0.996188 -0.010931
vn -0.143240 0.985264 -0.093473
vn -0.063116 0.996437 -0.055950
vn -0.071783 0.996355 -0.046093
vn -0.144161 0.987292 -0.066869
vn -0.071783 0.996355 -0.046093
vn -0.078664 0.996281 -0.035148
vn -0.117366 0.986932 -0.110415
vn -0.052890 0.996522 -0.064396
vn -0.063116 0.996437 -0.055950
vn -0.161154 0.986929 0.000999
vn -0.086545 0.996188 -0.010931
vn -0.087319 0.996179 0.001739
vn -0.159028 0.986974 0.024341
vn -0.087319 0.996179 0.001739
vn -0.085951 0.996196 0.014373
vn -0.152982 0.987107 0.047081
vn -0.082462 0.996237 0.026666
vn -0.143147 0.987314 0.068710
vn -0.152982 0.987107 0.047081
vn -0.085951 0.996196 0.014373
vn -0.082462 0.996237 0.026666
vn -0.082462 0.996237 0.026666
vn -0.076952 0.996300 0.038281
vn -0.143147 0.987314 0.068710
vn -0.076952 0.996300 0.038281
vn -0.069562 0.996376 0.048944
vn -0.129830 0.987569 0.088608
vn -0.078664 0.996281 -0.035148
vn -0.000015 0.999993 0.003814
vn -0.083630 0.996223 -0.023348
vn -0.083630 0.996223 -0.023348
vn -0.000015 0.999993 0.003814
vn -0.086545 0.996188 -0.010931
vn -0.071783 0.996355 -0.046093
vn -0.063116 0.996437 -0.055950
vn -0.000015 0.999993 0.003814
vn -0.063116 0.996437 -0.055950
vn -0.052890 0.996522 -0.064396
vn -0.000015 0.999993 0.003814
vn -0.071783 0.996355 -0.046093
vn -0.000015 0.999993 0.003814
vn -0.078664 0.996281 -0.035148
vn -0.041333 0.996598 -0.071309
vn -0.028784 0.996660 -0.076417
vn -0.000015 0.999993 0.003814
vn -0.028784 0.996660 -0.076417
vn -0.015528 0.996701 -0.079657
vn -0.000015 0.999993 0.003814
vn -0.015528 0.996701 -0.079657
vn -0.001911 0.996721 -0.080897
vn -0.000015 0.999993 0.003814
vn -0.041333 0.996598 -0.071309
vn -0.000015 0.999993 0.003814
vn -0.052890 0.996522 -0.064396
vn -0.086545 0.996188 -0.010931
vn -0.000015 0.999993 0.003814
vn -0.087319 0.996179 0.001739
vn -0.087319 0.996179 0.001739
vn -0.000015 0.999993 0.003814
vn -0.085951 0.996196 0.014373
vn -0.085951 0.996196 0.014373
vn -0.000015 0.999993 0.003814
vn -0.082462 0.996237 0.026666
vn -0.082462 0.996237 0.026666
vn -0.000015 0.999993 0.003814
vn -0.076952 0.996300 0.038281
vn -0.076952 0.996300 0.038281
vn -0.000015 0.999993 0.003814
vn -0.069562 0.996376 0.048944
vn -0.069562 0.996376 0.048944
vn -0.000015 0.999993 0.003814
vn -0.060433 0.996461 0.058425
vn -0.060433 0.996461 0.058425
vn -0.000015 0.999993 0.003814
vn -0.051969 0.996112 0.071130
vn -0.051969 0.996112 0.071130
vn -0.000015 0.999993 0.003814
vn -0.036029 0.997202 0.065503
vn -0.036029 0.997202 0.065503
vn -0.000015 0.999993 0.003814
vn -0.334562 0.843236 -0.420740
vn -0.000015 0.999993 0.003814
vn -0.379302 0.567135 -0.731087
vn -0.334562 0.843236 -0.420740
vn -0.000015 0.999993 0.003814
vn -0.148938 0.718066 -0.679852
vn -0.379302 0.567135 -0.731087
vn -0.000015 0.999993 0.003814
vn -0.144806 0.718987 -0.679771
vn -0.148938 0.718066 -0.679852
vn -0.000015 0.999993 0.003814
vn -0.111294 0.565450 -0.817239
vn -0.144806 0.718987 -0.679771
vn -0.832919 -0.540108 0.120538
vn -0.944648 -0.297868 0.137531
vn -0.805148 -0.542071 0.240616
vn -0.805148 -0.542071 0.240616
vn -0.944648 -0.297868 0.137531
vn -0.913971 -0.299271 0.274034
vn -0.832919 -0.540108 0.120538
vn -0.672754 -0.712142 0.200638
vn -0.696619 -0.710374 0.100450
vn -0.832919 -0.540108 0.120538
vn -0.805148 -0.542071 0.240616
vn -0.672754 -0.712142 0.200638
vn -0.805148 -0.542071 0.240616
vn -0.913971 -0.299271 0.274034
vn -0.758897 -0.545073 0.356331
vn -0.758897 -0.545073 0.356331
vn -0.913971 -0.299271 0.274034
vn -0.862709 -0.301434 0.406042
vn -0.696619 -0.710374 0.100450
vn -0.544211 -0.823143 0.162080
vn -0.563934 -0.821829 0.081093
vn -0.696619 -0.710374 0.100450
vn -0.672754 -0.712142 0.200638
vn -0.544211 -0.823143 0.162080
vn -0.805148 -0.542071 0.240616
vn -0.633098 -0.714917 0.296784
vn -0.672754 -0.712142 0.200638
vn -0.805148 -0.542071 0.240616
vn -0.758897 -0.545073 0.356331
vn -0.633098 -0.714917 0.296784
vn -0.544211 -0.823143 0.162080
vn -0.672754 -0.712142 0.200638
vn -0.511422 -0.825256 0.239584
vn -0.672754 -0.712142 0.200638
vn -0.633098 -0.714917 0.296784
vn -0.511422 -0.825256 0.239584
vn -0.758897 -0.545073 0.356331
vn -0.862709 -0.301434 0.406042
vn -0.694372 -0.548943 0.465305
vn -0.694372 -0.548943 0.465305
vn -0.862709 -0.301434 0.406042
vn -0.790861 -0.304231 0.531020
vn -0.758897 -0.545073 0.356331
vn -0.578083 -0.718437 0.386870
vn -0.633098 -0.714917 0.296784
vn -0.758897 -0.545073 0.356331
vn -0.694372 -0.548943 0.465305
vn -0.578083 -0.718437 0.386870
vn -0.444718 -0.893394 0.063812
vn -0.563934 -0.821829 0.081093
vn -0.428900 -0.894305 0.127530
vn -0.563934 -0.821829 0.081093
vn -0.544211 -0.823143 0.162080
vn -0.428900 -0.894305 0.127530
vn -0.444718 -0.893394 0.063812
vn -0.428900 -0.894305 0.127530
vn -0.313384 -0.944458 0.098941
vn -0.544211 -0.823143 0.162080
vn -0.380924 -0.905001 0.189393
vn -0.428900 -0.894305 0.127530
vn -0.544211 -0.823143 0.162080
vn -0.511422 -0.825256 0.239584
vn -0.380924 -0.905001 0.189393
vn -0.380924 -0.905001 0.189393
vn -0.511422 -0.825256 0.239584
vn -0.354846 -0.904276 0.237424
vn -0.444718 -0.893394 0.063812
vn -0.313384 -0.944458 0.098941
vn -0.326067 -0.943900 0.052276
vn -0.428900 -0.894305 0.127530
vn -0.302043 -0.943276 0.137841
vn -0.313384 -0.944458 0.098941
vn -0.326067 -0.943900 0.052276
vn -0.313384 -0.944458 0.098941
vn -0.817372 -0.554629 -0.155851
vn -0.326067 -0.943900 0.052276
vn -0.887065 -0.392180 -0.243538
vn -0.634284 -0.753201 -0.174276
vn -0.326067 -0.943900 0.052276
vn -0.817372 -0.554629 -0.155851
vn -0.887065 -0.392180 -0.243538
vn -0.313384 -0.944458 0.098941
vn -0.761162 -0.639300 -0.109215
vn -0.817372 -0.554629 -0.155851
vn -0.313384 -0.944458 0.098941
vn -0.790305 -0.612685 0.005912
vn -0.777135 -0.627184 -0.051976
vn -0.313384 -0.944458 0.098941
vn -0.302043 -0.943276 0.137841
vn -0.790305 -0.612685 0.005912
vn -0.313384 -0.944458 0.098941
vn -0.777135 -0.627184 -0.051976
vn -0.761162 -0.639300 -0.109215
vn -0.302043 -0.943276 0.137841
vn -0.787647 -0.615867 0.017894
vn -0.790305 -0.612685 0.005912
vn -0.428900 -0.894305 0.127530
vn -0.380924 -0.905001 0.189393
vn -0.302043 -0.943276 0.137841
vn -0.380924 -0.905001 0.189393
vn -0.354846 -0.904276 0.237424
vn -0.728663 -0.659385 0.185100
vn -0.380924 -0.905001 0.189393
vn -0.712338 -0.697047 0.081849
vn -0.302043 -0.943276 0.137841
vn -0.380924 -0.905001 0.189393
vn -0.816566 -0.565244 0.117129
vn -0.712338 -0.697047 0.081849
vn -0.380924 -0.905001 0.189393
vn -0.888564 -0.429302 0.161719
vn -0.816566 -0.565244 0.117129
vn -0.302043 -0.943276 0.137841
vn -0.784808 -0.619012 0.029996
vn -0.787647 -0.615867 0.017894
vn -0.302043 -0.943276 0.137841
vn -0.712338 -0.697047 0.081849
vn -0.784808 -0.619012 0.029996
vn -0.380924 -0.905001 0.189393
vn -0.728663 -0.659385 0.185100
vn -0.888564 -0.429302 0.161719
vn -0.354846 -0.904276 0.237424
vn -0.810638 -0.553626 0.190695
vn -0.728663 -0.659385 0.185100
vn -0.511422 -0.825256 0.239584
vn -0.466228 -0.827949 0.311660
vn -0.354846 -0.904276 0.237424
vn -0.633098 -0.714917 0.296784
vn -0.466228 -0.827949 0.311660
vn -0.511422 -0.825256 0.239584
vn -0.633098 -0.714917 0.296784
vn -0.578083 -0.718437 0.386870
vn -0.466228 -0.827949 0.311660
vn -0.578083 -0.718437 0.386870
vn -0.390320 -0.841746 0.372980
vn -0.466228 -0.827949 0.311660
vn -0.694372 -0.548943 0.465305
vn -0.508501 -0.722441 0.468514
vn -0.578083 -0.718437 0.386870
vn -0.694372 -0.548943 0.465305
vn -0.790861 -0.304231 0.531020
vn -0.612272 -0.553340 0.564746
vn -0.612272 -0.553340 0.564746
vn -0.790861 -0.304231 0.531020
vn -0.698811 -0.307320 0.645923
vn -0.694372 -0.548943 0.465305
vn -0.612272 -0.553340 0.564746
vn -0.508501 -0.722441 0.468514
vn -0.578083 -0.718437 0.386870
vn -0.508501 -0.722441 0.468514
vn -0.390320 -0.841746 0.372980
vn -0.466228 -0.827949 0.311660
vn -0.311025 -0.906184 0.286520
vn -0.354846 -0.904276 0.237424
vn -0.466228 -0.827949 0.311660
vn -0.390320 -0.841746 0.372980
vn -0.311025 -0.906184 0.286520
vn -0.354846 -0.904276 0.237424
vn -0.795886 -0.544316 0.265116
vn -0.810638 -0.553626 0.190695
vn -0.354846 -0.904276 0.237424
vn -0.784531 -0.529207 0.323189
vn -0.795886 -0.544316 0.265116
vn -0.354846 -0.904276 0.237424
vn -0.311025 -0.906184 0.286520
vn -0.784531 -0.529207 0.323189
vn -0.311025 -0.906184 0.286520
vn -0.775693 -0.532917 0.338083
vn -0.784531 -0.529207 0.323189
vn -0.390320 -0.841746 0.372980
vn -0.656469 -0.592532 0.466857
vn -0.311025 -0.906184 0.286520
vn -0.390320 -0.841746 0.372980
vn -0.798020 -0.331970 0.502952
vn -0.656469 -0.592532 0.466857
vn -0.508501 -0.722441 0.468514
vn -0.612272 -0.553340 0.564746
vn -0.425619 -0.726488 0.539503
vn -0.508501 -0.722441 0.468514
vn -0.324757 -0.847876 0.419093
vn -0.390320 -0.841746 0.372980
vn -0.508501 -0.722441 0.468514
vn -0.425619 -0.726488 0.539503
vn -0.324757 -0.847876 0.419093
vn -0.612272 -0.553340 0.564746
vn -0.698811 -0.307320 0.645923
vn -0.513664 -0.557791 0.651935
vn -0.612272 -0.553340 0.564746
vn -0.513664 -0.557791 0.651935
vn -0.425619 -0.726488 0.539503
vn -0.513664 -0.557791 0.651935
vn -0.698811 -0.307320 0.645923
vn -0.587499 -0.310533 0.747272
vn -0.513664 -0.557791 0.651935
vn -0.587499 -0.310533 0.747272
vn -0.400308 -0.561933 0.723868
vn -0.944648 -0.297868 0.137531
vn -0.989405 -0.000121 0.145182
vn -0.913971 -0.299271 0.274034
vn -0.989405 -0.000121 0.145182
vn -0.957553 -0.000209 0.288257
vn -0.913971 -0.299271 0.274034
vn -0.989405 -0.000121 0.145182
vn -0.944382 0.297730 0.139641
vn -0.957553 -0.000209 0.288257
vn -0.944382 0.297730 0.139641
vn -0.913434 0.298981 0.276131
vn -0.957553 -0.000209 0.288257
vn -0.944382 0.297730 0.139641
vn -0.832483 0.540049 0.123773
vn -0.913434 0.298981 0.276131
vn -0.913971 -0.299271 0.274034
vn -0.957553 -0.000209 0.288257
vn -0.862709 -0.301434 0.406042
vn -0.957553 -0.000209 0.288257
vn -0.913434 0.298981 0.276131
vn -0.904266 -0.000264 0.426970
vn -0.913434 0.298981 0.276131
vn -0.804282 0.541906 0.243863
vn -0.861842 0.301025 0.408183
vn -0.832483 0.540049 0.123773
vn -0.696151 0.710348 0.103822
vn -0.804282 0.541906 0.243863
vn -0.913434 0.298981 0.276131
vn -0.832483 0.540049 0.123773
vn -0.804282 0.541906 0.243863
vn -0.696151 0.710348 0.103822
vn -0.671795 0.712111 0.203935
vn -0.804282 0.541906 0.243863
vn -0.804282 0.541906 0.243863
vn -0.757550 0.544889 0.359464
vn -0.861842 0.301025 0.408183
vn -0.696151 0.710348 0.103822
vn -0.563491 0.821815 0.084247
vn -0.671795 0.712111 0.203935
vn -0.444293 0.893408 0.066532
vn -0.543242 0.823171 0.165158
vn -0.563491 0.821815 0.084247
vn -0.563491 0.821815 0.084247
vn -0.543242 0.823171 0.165158
vn -0.671795 0.712111 0.203935
vn -0.804282 0.541906 0.243863
vn -0.671795 0.712111 0.203935
vn -0.757550 0.544889 0.359464
vn -0.671795 0.712111 0.203935
vn -0.631606 0.714869 0.300062
vn -0.757550 0.544889 0.359464
vn -0.543242 0.823171 0.165158
vn -0.631606 0.714869 0.300062
vn -0.671795 0.712111 0.203935
vn -0.543242 0.823171 0.165158
vn -0.510034 0.825275 0.242462
vn -0.631606 0.714869 0.300062
vn -0.957553 -0.000209 0.288257
vn -0.904266 -0.000264 0.426970
vn -0.862709 -0.301434 0.406042
vn -0.913434 0.298981 0.276131
vn -0.861842 0.301025 0.408183
vn -0.904266 -0.000264 0.426970
vn -0.862709 -0.301434 0.406042
vn -0.904266 -0.000264 0.426970
vn -0.790861 -0.304231 0.531020
vn -0.904266 -0.000264 0.426970
vn -0.861842 0.301025 0.408183
vn -0.829516 -0.000318 0.558483
vn -0.861842 0.301025 0.408183
vn -0.757550 0.544889 0.359464
vn -0.789696 0.303752 0.533024
vn -0.904266 -0.000264 0.426970
vn -0.829516 -0.000318 0.558483
vn -0.790861 -0.304231 0.531020
vn -0.861842 0.301025 0.408183
vn -0.789696 0.303752 0.533024
vn -0.829516 -0.000318 0.558483
vn -0.790861 -0.304231 0.531020
vn -0.829516 -0.000318 0.558483
vn -0.698811 -0.307320 0.645923
vn -0.829516 -0.000318 0.558483
vn -0.789696 0.303752 0.533024
vn -0.733491 -0.000324 0.679699
vn -0.789696 0.303752 0.533024
vn -0.692556 0.548718 0.468269
vn -0.697294 0.306842 0.647788
vn -0.757550 0.544889 0.359464
vn -0.631606 0.714869 0.300062
vn -0.692556 0.548718 0.468269
vn -0.789696 0.303752 0.533024
vn -0.757550 0.544889 0.359464
vn -0.692556 0.548718 0.468269
vn -0.631606 0.714869 0.300062
vn -0.576101 0.718437 0.389816
vn -0.692556 0.548718 0.468269
vn -0.444293 0.893408 0.066532
vn -0.428028 0.894335 0.130219
vn -0.543242 0.823171 0.165158
vn -0.543242 0.823171 0.165158
vn -0.428028 0.894335 0.130219
vn -0.510034 0.825275 0.242462
vn -0.510034 0.825275 0.242462
vn -0.428028 0.894335 0.130219
vn -0.401451 0.895754 0.190950
vn -0.510034 0.825275 0.242462
vn -0.401451 0.895754 0.190950
vn -0.464330 0.827968 0.314432
vn -0.829516 -0.000318 0.558483
vn -0.733491 -0.000324 0.679699
vn -0.698811 -0.307320 0.645923
vn -0.789696 0.303752 0.533024
vn -0.697294 0.306842 0.647788
vn -0.733491 -0.000324 0.679699
vn -0.631606 0.714869 0.300062
vn -0.510034 0.825275 0.242462
vn -0.576101 0.718437 0.389816
vn -0.510034 0.825275 0.242462
vn -0.464330 0.827968 0.314432
vn -0.576101 0.718437 0.389816
vn -0.692556 0.548718 0.468269
vn -0.576101 0.718437 0.389816
vn -0.609907 0.553081 0.567551
vn -0.692556 0.548718 0.468269
vn -0.609907 0.553081 0.567551
vn -0.697294 0.306842 0.647788
vn -0.576101 0.718437 0.389816
vn -0.506021 0.722425 0.471217
vn -0.609907 0.553081 0.567551
vn -0.576101 0.718437 0.389816
vn -0.464330 0.827968 0.314432
vn -0.506021 0.722425 0.471217
vn -0.464330 0.827968 0.314432
vn -0.401451 0.895754 0.190950
vn -0.365003 0.897568 0.247275
vn -0.464330 0.827968 0.314432
vn -0.365003 0.897568 0.247275
vn -0.407006 0.830965 0.379268
vn -0.407006 0.830965 0.379268
vn -0.365003 0.897568 0.247275
vn -0.319431 0.899595 0.297813
vn -0.464330 0.827968 0.314432
vn -0.407006 0.830965 0.379268
vn -0.506021 0.722425 0.471217
vn -0.506021 0.722425 0.471217
vn -0.407006 0.830965 0.379268
vn -0.422620 0.726471 0.541879
vn -0.407006 0.830965 0.379268
vn -0.319431 0.899595 0.297813
vn -0.339197 0.834016 0.435157
vn -0.407006 0.830965 0.379268
vn -0.339197 0.834016 0.435157
vn -0.422620 0.726471 0.541879
vn -0.444293 0.893408 0.066532
vn -0.338980 0.939412 0.050976
vn -0.428028 0.894335 0.130219
vn -0.338980 0.939412 0.050976
vn -0.326413 0.939973 0.099523
vn -0.428028 0.894335 0.130219
vn -0.428028 0.894335 0.130219
vn -0.326413 0.939973 0.099523
vn -0.401451 0.895754 0.190950
vn -0.401451 0.895754 0.190950
vn -0.326413 0.939973 0.099523
vn -0.305897 0.940851 0.145693
vn -0.326413 0.939973 0.099523
vn -0.235752 0.969137 0.072076
vn -0.305897 0.940851 0.145693
vn -0.401451 0.895754 0.190950
vn -0.305897 0.940851 0.145693
vn -0.365003 0.897568 0.247275
vn -0.305897 0.940851 0.145693
vn -0.277870 0.941956 0.188434
vn -0.365003 0.897568 0.247275
vn -0.365003 0.897568 0.247275
vn -0.277870 0.941956 0.188434
vn -0.319431 0.899595 0.297813
vn -0.698811 -0.307320 0.645923
vn -0.733491 -0.000324 0.679699
vn -0.587499 -0.310533 0.747272
vn -0.733491 -0.000324 0.679699
vn -0.616974 -0.000321 0.786983
vn -0.587499 -0.310533 0.747272
vn -0.733491 -0.000324 0.679699
vn -0.697294 0.306842 0.647788
vn -0.616974 -0.000321 0.786983
vn -0.609907 0.553081 0.567551
vn -0.585595 0.310050 0.748964
vn -0.697294 0.306842 0.647788
vn -0.697294 0.306842 0.647788
vn -0.585595 0.310050 0.748964
vn -0.616974 -0.000321 0.786983
vn -0.587499 -0.310533 0.747272
vn -0.616974 -0.000321 0.786983
vn -0.458689 -0.313484 0.831464
vn -0.616974 -0.000321 0.786983
vn -0.585595 0.310050 0.748964
vn -0.481819 -0.000311 0.876271
vn -0.585595 0.310050 0.748964
vn -0.510789 0.557580 0.654370
vn -0.456408 0.313033 0.832888
vn -0.609907 0.553081 0.567551
vn -0.506021 0.722425 0.471217
vn -0.510789 0.557580 0.654370
vn -0.506021 0.722425 0.471217
vn -0.422620 0.726471 0.541879
vn -0.510789 0.557580 0.654370
vn -0.609907 0.553081 0.567551
vn -0.510789 0.557580 0.654370
vn -0.585595 0.310050 0.748964
vn -0.422620 0.726471 0.541879
vn -0.396957 0.561724 0.725873
vn -0.510789 0.557580 0.654370
vn -0.311025 -0.906184 0.286520
vn -0.766463 -0.536557 0.353046
vn -0.775693 -0.532917 0.338083
vn -0.311025 -0.906184 0.286520
vn -0.746307 -0.524218 0.410147
vn -0.766463 -0.536557 0.353046
vn -0.311025 -0.906184 0.286520
vn -0.656469 -0.592532 0.466857
vn -0.746307 -0.524218 0.410147
vn -0.390320 -0.841746 0.372980
vn -0.641863 -0.563509 0.520067
vn -0.798020 -0.331970 0.502952
vn -0.390320 -0.841746 0.372980
vn -0.324757 -0.847876 0.419093
vn -0.641863 -0.563509 0.520067
vn -0.324757 -0.847876 0.419093
vn -0.659926 -0.435720 0.612083
vn -0.641863 -0.563509 0.520067
vn -0.659926 -0.435720 0.612083
vn -0.324757 -0.847876 0.419093
vn -0.697829 -0.306833 0.647215
vn -0.324757 -0.847876 0.419093
vn -0.642755 -0.438215 0.628358
vn -0.697829 -0.306833 0.647215
vn -0.324757 -0.847876 0.419093
vn -0.542559 -0.553844 0.631575
vn -0.642755 -0.438215 0.628358
vn -0.324757 -0.847876 0.419093
vn -0.258664 -0.850184 0.458564
vn -0.542559 -0.553844 0.631575
vn -0.425619 -0.726488 0.539503
vn -0.258664 -0.850184 0.458564
vn -0.324757 -0.847876 0.419093
vn -0.425619 -0.726488 0.539503
vn -0.513664 -0.557791 0.651935
vn -0.331022 -0.730213 0.597673
vn -0.513664 -0.557791 0.651935
vn -0.400308 -0.561933 0.723868
vn -0.331022 -0.730213 0.597673
vn -0.425619 -0.726488 0.539503
vn -0.331022 -0.730213 0.597673
vn -0.258664 -0.850184 0.458564
vn -0.587499 -0.310533 0.747272
vn -0.458689 -0.313484 0.831464
vn -0.400308 -0.561933 0.723868
vn -0.400308 -0.561933 0.723868
vn -0.458689 -0.313484 0.831464
vn -0.274898 -0.565225 0.777786
vn -0.258664 -0.850184 0.458564
vn -0.599273 -0.281960 0.749247
vn -0.542559 -0.553844 0.631575
vn -0.258664 -0.850184 0.458564
vn -0.540308 -0.420721 0.728739
vn -0.599273 -0.281960 0.749247
vn -0.258664 -0.850184 0.458564
vn -0.519957 -0.422820 0.742205
vn -0.540308 -0.420721 0.728739
vn -0.258664 -0.850184 0.458564
vn -0.421003 -0.545964 0.724348
vn -0.519957 -0.422820 0.742205
vn -0.178482 -0.852315 0.491633
vn -0.449054 -0.265127 0.853263
vn -0.421003 -0.545964 0.724348
vn -0.178482 -0.852315 0.491633
vn -0.397041 -0.408813 0.821724
vn -0.449054 -0.265127 0.853263
vn -0.331022 -0.730213 0.597673
vn -0.178482 -0.852315 0.491633
vn -0.258664 -0.850184 0.458564
vn -0.258664 -0.850184 0.458564
vn -0.178482 -0.852315 0.491633
vn -0.421003 -0.545964 0.724348
vn -0.331022 -0.730213 0.597673
vn -0.226951 -0.733237 0.640981
vn -0.178482 -0.852315 0.491633
vn -0.331022 -0.730213 0.597673
vn -0.400308 -0.561933 0.723868
vn -0.226951 -0.733237 0.640981
vn -0.400308 -0.561933 0.723868
vn -0.274898 -0.565225 0.777786
vn -0.226951 -0.733237 0.640981
vn -0.274898 -0.565225 0.777786
vn -0.458689 -0.313484 0.831464
vn -0.315210 -0.315862 0.894915
vn -0.178482 -0.852315 0.491633
vn -0.374028 -0.410477 0.831632
vn -0.397041 -0.408813 0.821724
vn -0.178482 -0.852315 0.491633
vn -0.281116 -0.540134 0.793239
vn -0.374028 -0.410477 0.831632
vn -0.178482 -0.852315 0.491633
vn -0.093421 -0.853704 0.512311
vn -0.281116 -0.540134 0.793239
vn -0.226951 -0.733237 0.640981
vn -0.093421 -0.853704 0.512311
vn -0.178482 -0.852315 0.491633
vn -0.093421 -0.853704 0.512311
vn -0.278281 -0.253406 0.926469
vn -0.281116 -0.540134 0.793239
vn -0.093421 -0.853704 0.512311
vn -0.235478 -0.400403 0.885566
vn -0.278281 -0.253406 0.926469
vn -0.226951 -0.733237 0.640981
vn -0.274898 -0.565225 0.777786
vn -0.116260 -0.735188 0.667819
vn -0.274898 -0.565225 0.777786
vn -0.315210 -0.315862 0.894915
vn -0.140761 -0.567378 0.811338
vn -0.274898 -0.565225 0.777786
vn -0.140761 -0.567378 0.811338
vn -0.116260 -0.735188 0.667819
vn -0.140761 -0.567378 0.811338
vn -0.315210 -0.315862 0.894915
vn -0.161130 -0.317408 0.934500
vn -0.226951 -0.733237 0.640981
vn -0.116260 -0.735188 0.667819
vn -0.093421 -0.853704 0.512311
vn -0.093421 -0.853704 0.512311
vn -0.210567 -0.401474 0.891336
vn -0.235478 -0.400403 0.885566
vn -0.093421 -0.853704 0.512311
vn -0.128327 -0.536246 0.834250
vn -0.210567 -0.401474 0.891336
vn -0.093421 -0.853704 0.512311
vn -0.010245 -0.854192 0.519857
vn -0.128327 -0.536246 0.834250
vn -0.010245 -0.854192 0.519857
vn -0.094281 -0.247410 0.964313
vn -0.128327 -0.536246 0.834250
vn -0.010245 -0.854192 0.519857
vn -0.044125 -0.395429 0.917436
vn -0.094281 -0.247410 0.964313
vn -0.010245 -0.854192 0.519857
vn 0.044082 -0.395415 0.917444
vn -0.044125 -0.395429 0.917436
vn -0.093421 -0.853704 0.512311
vn -0.116260 -0.735188 0.667819
vn -0.010245 -0.854192 0.519857
vn -0.116260 -0.735188 0.667819
vn -0.140761 -0.567378 0.811338
vn -0.002051 -0.735840 0.677152
vn -0.116260 -0.735188 0.667819
vn -0.002051 -0.735840 0.677152
vn -0.010245 -0.854192 0.519857
vn -0.140761 -0.567378 0.811338
vn -0.002062 -0.568112 0.822949
vn -0.002051 -0.735840 0.677152
vn -0.140761 -0.567378 0.811338
vn -0.161130 -0.317408 0.934500
vn -0.002062 -0.568112 0.822949
vn -0.161130 -0.317408 0.934500
vn -0.001412 -0.317840 0.948143
vn -0.002062 -0.568112 0.822949
vn -0.339197 0.834016 0.435157
vn -0.319431 0.899595 0.297813
vn -0.265821 0.901608 0.341237
vn -0.339197 0.834016 0.435157
vn -0.265821 0.901608 0.341237
vn -0.262439 0.836780 0.480547
vn -0.265821 0.901608 0.341237
vn -0.205330 0.903466 0.376284
vn -0.262439 0.836780 0.480547
vn -0.244969 0.968824 0.037008
vn -0.235752 0.969137 0.072076
vn -0.326413 0.939973 0.099523
vn -0.305897 0.940851 0.145693
vn -0.235752 0.969137 0.072076
vn -0.220804 0.969605 0.105409
vn -0.152982 0.987107 0.047081
vn -0.220804 0.969605 0.105409
vn -0.235752 0.969137 0.072076
vn -0.305897 0.940851 0.145693
vn -0.220804 0.969605 0.105409
vn -0.277870 0.941956 0.188434
vn -0.220804 0.969605 0.105409
vn -0.200421 0.970200 0.136173
vn -0.277870 0.941956 0.188434
vn -0.277870 0.941956 0.188434
vn -0.200421 0.970200 0.136173
vn -0.242937 0.943184 0.226683
vn -0.152982 0.987107 0.047081
vn -0.143147 0.987314 0.068710
vn -0.220804 0.969605 0.105409
vn -0.220804 0.969605 0.105409
vn -0.143147 0.987314 0.068710
vn -0.200421 0.970200 0.136173
vn -0.200421 0.970200 0.136173
vn -0.129830 0.987569 0.088608
vn -0.175069 0.970862 0.163639
vn -0.143147 0.987314 0.068710
vn -0.129830 0.987569 0.088608
vn -0.200421 0.970200 0.136173
vn -0.175069 0.970862 0.163639
vn -0.129830 0.987569 0.088608
vn -0.113295 0.987855 0.106331
vn -0.200421 0.970200 0.136173
vn -0.175069 0.970862 0.163639
vn -0.242937 0.943184 0.226683
vn -0.175069 0.970862 0.163639
vn -0.145355 0.971520 0.187141
vn -0.201916 0.944414 0.259447
vn -0.175069 0.970862 0.163639
vn -0.113295 0.987855 0.106331
vn -0.145355 0.971520 0.187141
vn -0.277870 0.941956 0.188434
vn -0.242937 0.943184 0.226683
vn -0.319431 0.899595 0.297813
vn -0.319431 0.899595 0.297813
vn -0.242937 0.943184 0.226683
vn -0.265821 0.901608 0.341237
vn -0.242937 0.943184 0.226683
vn -0.201916 0.944414 0.259447
vn -0.265821 0.901608 0.341237
vn -0.175069 0.970862 0.163639
vn -0.201916 0.944414 0.259447
vn -0.242937 0.943184 0.226683
vn -0.145355 0.971520 0.187141
vn -0.155808 0.945534 0.285813
vn -0.201916 0.944414 0.259447
vn -0.265821 0.901608 0.341237
vn -0.201916 0.944414 0.259447
vn -0.205330 0.903466 0.376284
vn -0.201916 0.944414 0.259447
vn -0.155808 0.945534 0.285813
vn -0.205330 0.903466 0.376284
vn -0.155808 0.945534 0.285813
vn -0.139471 0.904919 0.402081
vn -0.205330 0.903466 0.376284
vn -0.076952 0.996300 0.038281
vn -0.129830 0.987569 0.088608
vn -0.143147 0.987314 0.068710
vn -0.069562 0.996376 0.048944
vn -0.113295 0.987855 0.106331
vn -0.129830 0.987569 0.088608
vn -0.069562 0.996376 0.048944
vn -0.060433 0.996461 0.058425
vn -0.113295 0.987855 0.106331
vn -0.060433 0.996461 0.058425
vn -0.051969 0.996112 0.071130
vn -0.083490 0.990140 0.112485
vn -0.060433 0.996461 0.058425
vn -0.083490 0.990140 0.112485
vn -0.113295 0.987855 0.106331
vn -0.083490 0.990140 0.112485
vn -0.576400 0.713984 -0.397479
vn -0.808214 0.550311 -0.209639
vn -0.083490 0.990140 0.112485
vn -0.808214 0.550311 -0.209639
vn -0.719782 0.685424 0.110033
vn -0.145355 0.971520 0.187141
vn -0.113295 0.987855 0.106331
vn -0.083490 0.990140 0.112485
vn -0.145355 0.971520 0.187141
vn -0.083490 0.990140 0.112485
vn -0.112034 0.972122 0.205976
vn -0.083490 0.990140 0.112485
vn -0.072332 0.988392 0.133602
vn -0.112034 0.972122 0.205976
vn -0.083490 0.990140 0.112485
vn -0.719782 0.685424 0.110033
vn -0.072332 0.988392 0.133602
vn -0.072332 0.988392 0.133602
vn -0.719782 0.685424 0.110033
vn -0.706740 0.678479 0.200463
vn -0.072332 0.988392 0.133602
vn -0.706740 0.678479 0.200463
vn -0.575534 0.786553 0.223820
vn -0.072332 0.988392 0.133602
vn -0.073240 0.975862 0.205742
vn -0.112034 0.972122 0.205976
vn -0.072332 0.988392 0.133602
vn -0.575534 0.786553 0.223820
vn -0.073240 0.975862 0.205742
vn -0.073240 0.975862 0.205742
vn -0.575534 0.786553 0.223820
vn -0.736992 0.516738 0.435689
vn -0.073240 0.975862 0.205742
vn -0.736992 0.516738 0.435689
vn -0.589309 0.646846 0.484052
vn -0.083490 0.990140 0.112485
vn -0.051969 0.996112 0.071130
vn -0.576400 0.713984 -0.397479
vn -0.051969 0.996112 0.071130
vn -0.363937 0.846145 -0.389344
vn -0.576400 0.713984 -0.397479
vn -0.051969 0.996112 0.071130
vn -0.036029 0.997202 0.065503
vn -0.363937 0.846145 -0.389344
vn -0.036029 0.997202 0.065503
vn -0.334562 0.843236 -0.420740
vn -0.363937 0.846145 -0.389344
vn -0.073240 0.975862 0.205742
vn -0.589309 0.646846 0.484052
vn -0.458428 0.647441 0.608822
vn -0.034709 0.974311 0.222517
vn -0.458428 0.647441 0.608822
vn -0.383674 0.641261 0.664514
vn -0.145355 0.971520 0.187141
vn -0.112034 0.972122 0.205976
vn -0.155808 0.945534 0.285813
vn -0.155808 0.945534 0.285813
vn -0.112034 0.972122 0.205976
vn -0.105686 0.946415 0.305172
vn -0.112034 0.972122 0.205976
vn -0.073240 0.975862 0.205742
vn -0.105686 0.946415 0.305172
vn -0.073240 0.975862 0.205742
vn -0.052863 0.946978 0.316919
vn -0.105686 0.946415 0.305172
vn -0.155808 0.945534 0.285813
vn -0.105686 0.946415 0.305172
vn -0.139471 0.904919 0.402081
vn -0.139471 0.904919 0.402081
vn -0.105686 0.946415 0.305172
vn -0.069894 0.905860 0.417770
vn -0.105686 0.946415 0.305172
vn -0.052863 0.946978 0.316919
vn -0.069894 0.905860 0.417770
vn -0.073240 0.975862 0.205742
vn -0.034709 0.974311 0.222517
vn -0.052863 0.946978 0.316919
vn -0.073240 0.975862 0.205742
vn -0.458428 0.647441 0.608822
vn -0.034709 0.974311 0.222517
vn -0.034709 0.974311 0.222517
vn 0.001007 0.974393 0.224849
vn 0.001336 0.947165 0.320744
vn -0.034709 0.974311 0.222517
vn -0.383674 0.641261 0.664514
vn -0.217177 0.643743 0.733777
vn -0.034709 0.974311 0.222517
vn -0.217177 0.643743 0.733777
vn 0.001007 0.974393 0.224849
vn 0.001007 0.974393 0.224849
vn -0.217177 0.643743 0.733777
vn -0.068654 0.638579 0.766488
vn 0.001007 0.974393 0.224849
vn -0.068654 0.638579 0.766488
vn 0.091444 0.638379 0.764271
vn -0.052863 0.946978 0.316919
vn 0.001523 0.906173 0.422905
vn -0.069894 0.905860 0.417770
vn -0.034709 0.974311 0.222517
vn 0.001336 0.947165 0.320744
vn -0.052863 0.946978 0.316919
vn -0.052863 0.946978 0.316919
vn 0.001336 0.947165 0.320744
vn 0.001523 0.906173 0.422905
vn -0.616974 -0.000321 0.786983
vn -0.481819 -0.000311 0.876271
vn -0.458689 -0.313484 0.831464
vn -0.585595 0.310050 0.748964
vn -0.456408 0.313033 0.832888
vn -0.481819 -0.000311 0.876271
vn -0.458689 -0.313484 0.831464
vn -0.481819 -0.000311 0.876271
vn -0.315210 -0.315862 0.894915
vn -0.481819 -0.000311 0.876271
vn -0.456408 0.313033 0.832888
vn -0.330849 -0.000214 0.943684
vn -0.456408 0.313033 0.832888
vn -0.396957 0.561724 0.725873
vn -0.312687 0.315524 0.895919
vn -0.422620 0.726471 0.541879
vn -0.327578 0.730191 0.599595
vn -0.396957 0.561724 0.725873
vn -0.422620 0.726471 0.541879
vn -0.339197 0.834016 0.435157
vn -0.327578 0.730191 0.599595
vn -0.339197 0.834016 0.435157
vn -0.262439 0.836780 0.480547
vn -0.327578 0.730191 0.599595
vn -0.510789 0.557580 0.654370
vn -0.396957 0.561724 0.725873
vn -0.456408 0.313033 0.832888
vn -0.327578 0.730191 0.599595
vn -0.271179 0.565110 0.779174
vn -0.396957 0.561724 0.725873
vn -0.481819 -0.000311 0.876271
vn -0.330849 -0.000214 0.943684
vn -0.315210 -0.315862 0.894915
vn -0.456408 0.313033 0.832888
vn -0.312687 0.315524 0.895919
vn -0.330849 -0.000214 0.943684
vn -0.312687 0.315524 0.895919
vn -0.271179 0.565110 0.779174
vn -0.158399 0.317165 0.935049
vn -0.205330 0.903466 0.376284
vn -0.178472 0.838984 0.514056
vn -0.262439 0.836780 0.480547
vn -0.327578 0.730191 0.599595
vn -0.262439 0.836780 0.480547
vn -0.223244 0.733210 0.642312
vn -0.205330 0.903466 0.376284
vn -0.139471 0.904919 0.402081
vn -0.178472 0.838984 0.514056
vn -0.262439 0.836780 0.480547
vn -0.178472 0.838984 0.514056
vn -0.223244 0.733210 0.642312
vn -0.327578 0.730191 0.599595
vn -0.223244 0.733210 0.642312
vn -0.271179 0.565110 0.779174
vn -0.396957 0.561724 0.725873
vn -0.271179 0.565110 0.779174
vn -0.312687 0.315524 0.895919
vn -0.315210 -0.315862 0.894915
vn -0.330849 -0.000214 0.943684
vn -0.161130 -0.317408 0.934500
vn -0.330849 -0.000214 0.943684
vn -0.312687 0.315524 0.895919
vn -0.168473 -0.000123 0.985706
vn -0.139471 0.904919 0.402081
vn -0.089635 0.840415 0.534480
vn -0.178472 0.838984 0.514056
vn -0.139471 0.904919 0.402081
vn -0.069894 0.905860 0.417770
vn -0.089635 0.840415 0.534480
vn -0.223244 0.733210 0.642312
vn -0.136799 0.567299 0.812070
vn -0.271179 0.565110 0.779174
vn -0.271179 0.565110 0.779174
vn -0.136799 0.567299 0.812070
vn -0.158399 0.317165 0.935049
vn -0.223244 0.733210 0.642312
vn -0.112309 0.735132 0.668556
vn -0.136799 0.567299 0.812070
vn -0.223244 0.733210 0.642312
vn -0.178472 0.838984 0.514056
vn -0.112309 0.735132 0.668556
vn -0.178472 0.838984 0.514056
vn -0.089635 0.840415 0.534480
vn -0.112309 0.735132 0.668556
vn -0.089635 0.840415 0.534480
vn -0.069894 0.905860 0.417770
vn 0.001753 0.840872 0.541232
vn -0.069894 0.905860 0.417770
vn 0.001523 0.906173 0.422905
vn 0.001753 0.840872 0.541232
vn -0.112309 0.735132 0.668556
vn 0.002019 0.568043 0.822996
vn -0.136799 0.567299 0.812070
vn -0.089635 0.840415 0.534480
vn 0.002008 0.735777 0.677221
vn -0.112309 0.735132 0.668556
vn -0.112309 0.735132 0.668556
vn 0.002008 0.735777 0.677221
vn 0.002019 0.568043 0.822996
vn -0.089635 0.840415 0.534480
vn 0.001753 0.840872 0.541232
vn 0.002008 0.735777 0.677221
vn -0.330849 -0.000214 0.943684
vn -0.168473 -0.000123 0.985706
vn -0.161130 -0.317408 0.934500
vn -0.312687 0.315524 0.895919
vn -0.158399 0.317165 0.935049
vn -0.168473 -0.000123 0.985706
vn -0.168473 -0.000123 0.985706
vn -0.001412 -0.317840 0.948143
vn -0.161130 -0.317408 0.934500
vn -0.168473 -0.000123 0.985706
vn -0.158399 0.317165 0.935049
vn -0.000015 -0.000015 1.000000
vn -0.136799 0.567299 0.812070
vn 0.001373 0.317782 0.948163
vn -0.158399 0.317165 0.935049
vn -0.168473 -0.000123 0.985706
vn -0.000015 -0.000015 1.000000
vn -0.001412 -0.317840 0.948143
vn -0.158399 0.317165 0.935049
vn 0.001373 0.317782 0.948163
vn -0.000015 -0.000015 1.000000
vn -0.136799 0.567299 0.812070
vn 0.002019 0.568043 0.822996
vn 0.001373 0.317782 0.948163
vn 0.001774 -0.840897 -0.541192
vn 0.001130 -0.912447 -0.409194
vn 0.093102 -0.840426 -0.533870
vn 0.093102 -0.840426 -0.533870
vn 0.001130 -0.912447 -0.409194
vn 0.075774 -0.909415 -0.408928
vn 0.001998 -0.568106 -0.822953
vn 0.161103 -0.317377 -0.934515
vn 0.001392 -0.317857 -0.948138
vn 0.001986 -0.735829 -0.677165
vn 0.140685 -0.567378 -0.811351
vn 0.001998 -0.568106 -0.822953
vn 0.001986 -0.735829 -0.677165
vn 0.116187 -0.735137 -0.667887
vn 0.140685 -0.567378 -0.811351
vn 0.001998 -0.568106 -0.822953
vn 0.140685 -0.567378 -0.811351
vn 0.161103 -0.317377 -0.934515
vn 0.001986 -0.735829 -0.677165
vn 0.001774 -0.840897 -0.541192
vn 0.116187 -0.735137 -0.667887
vn 0.001774 -0.840897 -0.541192
vn 0.093102 -0.840426 -0.533870
vn 0.116187 -0.735137 -0.667887
vn 0.093102 -0.840426 -0.533870
vn 0.075774 -0.909415 -0.408928
vn 0.181789 -0.838974 -0.512909
vn 0.116187 -0.735137 -0.667887
vn 0.226925 -0.733207 -0.641025
vn 0.274815 -0.565232 -0.777811
vn 0.140685 -0.567378 -0.811351
vn 0.315187 -0.315885 -0.894916
vn 0.161103 -0.317377 -0.934515
vn 0.116187 -0.735137 -0.667887
vn 0.274815 -0.565232 -0.777811
vn 0.140685 -0.567378 -0.811351
vn 0.140685 -0.567378 -0.811351
vn 0.274815 -0.565232 -0.777811
vn 0.315187 -0.315885 -0.894916
vn 0.116187 -0.735137 -0.667887
vn 0.093102 -0.840426 -0.533870
vn 0.226925 -0.733207 -0.641025
vn 0.093102 -0.840426 -0.533870
vn 0.181789 -0.838974 -0.512909
vn 0.226925 -0.733207 -0.641025
vn 0.001130 -0.912447 -0.409194
vn 0.000000 -0.929935 -0.367725
vn 0.031212 -0.929497 -0.367506
vn 0.001130 -0.912447 -0.409194
vn 0.031212 -0.929497 -0.367506
vn 0.075774 -0.909415 -0.408928
vn 0.075774 -0.909415 -0.408928
vn 0.031212 -0.929497 -0.367506
vn 0.062062 -0.929686 -0.363088
vn 0.075774 -0.909415 -0.408928
vn 0.062062 -0.929686 -0.363088
vn 0.092873 -0.928981 -0.358287
vn 0.075774 -0.909415 -0.408928
vn 0.092873 -0.928981 -0.358287
vn 0.143776 -0.908462 -0.392462
vn 0.075774 -0.909415 -0.408928
vn 0.143776 -0.908462 -0.392462
vn 0.181789 -0.838974 -0.512909
vn 0.143776 -0.908462 -0.392462
vn 0.092873 -0.928981 -0.358287
vn 0.122565 -0.928964 -0.349291
vn 0.143776 -0.908462 -0.392462
vn 0.122565 -0.928964 -0.349291
vn 0.152084 -0.928019 -0.340076
vn 0.164629 -0.939879 -0.299206
vn 0.132743 -0.945691 -0.296730
vn 0.143919 -0.960564 -0.237918
vn 0.164629 -0.939879 -0.299206
vn 0.152084 -0.928019 -0.340076
vn 0.132743 -0.945691 -0.296730
vn 0.143776 -0.908462 -0.392462
vn 0.265440 -0.836757 -0.478936
vn 0.181789 -0.838974 -0.512909
vn 0.274815 -0.565232 -0.777811
vn 0.226925 -0.733207 -0.641025
vn 0.400277 -0.561901 -0.723910
vn 0.274815 -0.565232 -0.777811
vn 0.458666 -0.313510 -0.831467
vn 0.315187 -0.315885 -0.894916
vn 0.226925 -0.733207 -0.641025
vn 0.181789 -0.838974 -0.512909
vn 0.330939 -0.730221 -0.597709
vn 0.226925 -0.733207 -0.641025
vn 0.330939 -0.730221 -0.597709
vn 0.400277 -0.561901 -0.723910
vn 0.181789 -0.838974 -0.512909
vn 0.265440 -0.836757 -0.478936
vn 0.330939 -0.730221 -0.597709
vn 0.274815 -0.565232 -0.777811
vn 0.400277 -0.561901 -0.723910
vn 0.458666 -0.313510 -0.831467
vn 0.265440 -0.836757 -0.478936
vn 0.425536 -0.726504 -0.539548
vn 0.330939 -0.730221 -0.597709
vn 0.330939 -0.730221 -0.597709
vn 0.425536 -0.726504 -0.539548
vn 0.513581 -0.557812 -0.651982
vn 0.330939 -0.730221 -0.597709
vn 0.513581 -0.557812 -0.651982
vn 0.400277 -0.561901 -0.723910
vn 0.400277 -0.561901 -0.723910
vn 0.587478 -0.310560 -0.747277
vn 0.458666 -0.313510 -0.831467
vn 0.143776 -0.908462 -0.392462
vn 0.207974 -0.903428 -0.374920
vn 0.265440 -0.836757 -0.478936
vn 0.143776 -0.908462 -0.392462
vn 0.152084 -0.928019 -0.340076
vn 0.207974 -0.903428 -0.374920
vn 0.207974 -0.903428 -0.374920
vn 0.152084 -0.928019 -0.340076
vn 0.164629 -0.939879 -0.299206
vn 0.164629 -0.939879 -0.299206
vn 0.143919 -0.960564 -0.237918
vn 0.203991 -0.944375 -0.257961
vn 0.207974 -0.903428 -0.374920
vn 0.164629 -0.939879 -0.299206
vn 0.268204 -0.901565 -0.339480
vn 0.164629 -0.939879 -0.299206
vn 0.203991 -0.944375 -0.257961
vn 0.268204 -0.901565 -0.339480
vn 0.265440 -0.836757 -0.478936
vn 0.207974 -0.903428 -0.374920
vn 0.341907 -0.833972 -0.433117
vn 0.207974 -0.903428 -0.374920
vn 0.268204 -0.901565 -0.339480
vn 0.341907 -0.833972 -0.433117
vn 0.268204 -0.901565 -0.339480
vn 0.409307 -0.830952 -0.376810
vn 0.341907 -0.833972 -0.433117
vn 0.203991 -0.944375 -0.257961
vn 0.321479 -0.899541 -0.295766
vn 0.268204 -0.901565 -0.339480
vn 0.203991 -0.944375 -0.257961
vn 0.244722 -0.943147 -0.224911
vn 0.321479 -0.899541 -0.295766
vn 0.268204 -0.901565 -0.339480
vn 0.321479 -0.899541 -0.295766
vn 0.409307 -0.830952 -0.376810
vn 0.244722 -0.943147 -0.224911
vn 0.366606 -0.897540 -0.244995
vn 0.321479 -0.899541 -0.295766
vn 0.265440 -0.836757 -0.478936
vn 0.341907 -0.833972 -0.433117
vn 0.425536 -0.726504 -0.539548
vn -0.000933 -0.989905 -0.141729
vn 0.016002 -0.981979 -0.188312
vn 0.000000 -0.982106 -0.188331
vn -0.000933 -0.989905 -0.141729
vn 0.025241 -0.988715 -0.147669
vn 0.016002 -0.981979 -0.188312
vn 0.025241 -0.988715 -0.147669
vn 0.031784 -0.982029 -0.186032
vn 0.016002 -0.981979 -0.188312
vn 0.025241 -0.988715 -0.147669
vn 0.047609 -0.981839 -0.183644
vn 0.031784 -0.982029 -0.186032
vn 0.025241 -0.988715 -0.147669
vn 0.049865 -0.988587 -0.142156
vn 0.047609 -0.981839 -0.183644
vn 0.049865 -0.988587 -0.142156
vn 0.062814 -0.981833 -0.179050
vn 0.047609 -0.981839 -0.183644
vn -0.000933 -0.989905 -0.141729
vn 0.053788 -0.839295 -0.541010
vn 0.025241 -0.988715 -0.147669
vn 0.025241 -0.988715 -0.147669
vn 0.076302 -0.758136 -0.647618
vn 0.049865 -0.988587 -0.142156
vn -0.000933 -0.989905 -0.141729
vn -0.032518 -0.758568 -0.650782
vn 0.025742 -0.663460 -0.747769
vn -0.000933 -0.989905 -0.141729
vn 0.025742 -0.663460 -0.747769
vn 0.053788 -0.839295 -0.541010
vn 0.025241 -0.988715 -0.147669
vn 0.053788 -0.839295 -0.541010
vn 0.070682 -0.758030 -0.648378
vn 0.025241 -0.988715 -0.147669
vn 0.070682 -0.758030 -0.648378
vn 0.076302 -0.758136 -0.647618
vn 0.049865 -0.988587 -0.142156
vn 0.076302 -0.758136 -0.647618
vn 0.081763 -0.758596 -0.646411
vn 0.049865 -0.988587 -0.142156
vn 0.080143 -0.840461 -0.535912
vn 0.076962 -0.987682 -0.136242
vn 0.049865 -0.988587 -0.142156
vn 0.081763 -0.758596 -0.646411
vn 0.080143 -0.840461 -0.535912
vn 0.076962 -0.987682 -0.136242
vn 0.080143 -0.840461 -0.535912
vn 0.092390 -0.759842 -0.643510
vn 0.076962 -0.987682 -0.136242
vn 0.092390 -0.759842 -0.643510
vn 0.092375 -0.842116 -0.531327
vn 0.086322 -0.990116 -0.110538
vn 0.092375 -0.842116 -0.531327
vn 0.102419 -0.545421 -0.831882
vn 0.049865 -0.988587 -0.142156
vn 0.078032 -0.981574 -0.174423
vn 0.062814 -0.981833 -0.179050
vn 0.049865 -0.988587 -0.142156
vn 0.076962 -0.987682 -0.136242
vn 0.078032 -0.981574 -0.174423
vn 0.076962 -0.987682 -0.136242
vn 0.092256 -0.981510 -0.167709
vn 0.078032 -0.981574 -0.174423
vn 0.076962 -0.987682 -0.136242
vn 0.106504 -0.981208 -0.160899
vn 0.092256 -0.981510 -0.167709
vn 0.143063 -0.971573 -0.188623
vn 0.143919 -0.960564 -0.237918
vn 0.130452 -0.971652 -0.197165
vn 0.143063 -0.971573 -0.188623
vn 0.130452 -0.971652 -0.197165
vn 0.106504 -0.981208 -0.160899
vn 0.076962 -0.987682 -0.136242
vn 0.143063 -0.971573 -0.188623
vn 0.106504 -0.981208 -0.160899
vn 0.076962 -0.987682 -0.136242
vn 0.092375 -0.842116 -0.531327
vn 0.086322 -0.990116 -0.110538
vn 0.086322 -0.990116 -0.110538
vn 0.102419 -0.545421 -0.831882
vn 0.156354 -0.759148 -0.631860
vn 0.086322 -0.990116 -0.110538
vn 0.156354 -0.759148 -0.631860
vn 0.219384 -0.755671 -0.617116
vn 0.086322 -0.990116 -0.110538
vn 0.219384 -0.755671 -0.617116
vn 0.196381 -0.839102 -0.507289
vn 0.086322 -0.990116 -0.110538
vn 0.196381 -0.839102 -0.507289
vn 0.111395 -0.988711 -0.100205
vn 0.111395 -0.988711 -0.100205
vn 0.196381 -0.839102 -0.507289
vn 0.228570 -0.757333 -0.611722
vn 0.111395 -0.988711 -0.100205
vn 0.228570 -0.757333 -0.611722
vn 0.206567 -0.841193 -0.499724
vn 0.076962 -0.987682 -0.136242
vn 0.086322 -0.990116 -0.110538
vn 0.143063 -0.971573 -0.188623
vn 0.086322 -0.990116 -0.110538
vn 0.111395 -0.988711 -0.100205
vn 0.176687 -0.970837 -0.162039
vn 0.111395 -0.988711 -0.100205
vn 0.206567 -0.841193 -0.499724
vn 0.121370 -0.989596 -0.077257
vn 0.121370 -0.989596 -0.077257
vn 0.206567 -0.841193 -0.499724
vn 0.236738 -0.759694 -0.605657
vn 0.121370 -0.989596 -0.077257
vn 0.236738 -0.759694 -0.605657
vn 0.283439 -0.471622 -0.835006
vn 0.121370 -0.989596 -0.077257
vn 0.283439 -0.471622 -0.835006
vn 0.296902 -0.757207 -0.581797
vn 0.121370 -0.989596 -0.077257
vn 0.296902 -0.757207 -0.581797
vn 0.303820 -0.836077 -0.456802
vn 0.121370 -0.989596 -0.077257
vn 0.303820 -0.836077 -0.456802
vn 0.139305 -0.988220 -0.063365
vn 0.139305 -0.988220 -0.063365
vn 0.303820 -0.836077 -0.456802
vn 0.355543 -0.751830 -0.555285
vn 0.203991 -0.944375 -0.257961
vn 0.143919 -0.960564 -0.237918
vn 0.143063 -0.971573 -0.188623
vn 0.086322 -0.990116 -0.110538
vn 0.176687 -0.970837 -0.162039
vn 0.143063 -0.971573 -0.188623
vn 0.203991 -0.944375 -0.257961
vn 0.143063 -0.971573 -0.188623
vn 0.244722 -0.943147 -0.224911
vn 0.143063 -0.971573 -0.188623
vn 0.176687 -0.970837 -0.162039
vn 0.244722 -0.943147 -0.224911
vn 0.111395 -0.988711 -0.100205
vn 0.201761 -0.970174 -0.134368
vn 0.176687 -0.970837 -0.162039
vn 0.111395 -0.988711 -0.100205
vn 0.121370 -0.989596 -0.077257
vn 0.201761 -0.970174 -0.134368
vn 0.121370 -0.989596 -0.077257
vn 0.139305 -0.988220 -0.063365
vn 0.221800 -0.969591 -0.103432
vn 0.121370 -0.989596 -0.077257
vn 0.221800 -0.969591 -0.103432
vn 0.201761 -0.970174 -0.134368
vn 0.221800 -0.969591 -0.103432
vn 0.139305 -0.988220 -0.063365
vn 0.236442 -0.969123 -0.069971
vn 0.176687 -0.970837 -0.162039
vn 0.279322 -0.941927 -0.186422
vn 0.244722 -0.943147 -0.224911
vn 0.176687 -0.970837 -0.162039
vn 0.201761 -0.970174 -0.134368
vn 0.279322 -0.941927 -0.186422
vn 0.244722 -0.943147 -0.224911
vn 0.279322 -0.941927 -0.186422
vn 0.366606 -0.897540 -0.244995
vn 0.201761 -0.970174 -0.134368
vn 0.221800 -0.969591 -0.103432
vn 0.306987 -0.940834 -0.143494
vn 0.201761 -0.970174 -0.134368
vn 0.306987 -0.940834 -0.143494
vn 0.279322 -0.941927 -0.186422
vn 0.221800 -0.969591 -0.103432
vn 0.236442 -0.969123 -0.069971
vn 0.327170 -0.939958 -0.097156
vn 0.221800 -0.969591 -0.103432
vn 0.327170 -0.939958 -0.097156
vn 0.306987 -0.940834 -0.143494
vn 0.139305 -0.988220 -0.063365
vn 0.355543 -0.751830 -0.555285
vn 0.311040 -0.838732 -0.446971
vn 0.139305 -0.988220 -0.063365
vn 0.311040 -0.838732 -0.446971
vn 0.150228 -0.987812 -0.040741
vn 0.150228 -0.987812 -0.040741
vn 0.311040 -0.838732 -0.446971
vn 0.361336 -0.754708 -0.547588
vn 0.150228 -0.987812 -0.040741
vn 0.361336 -0.754708 -0.547588
vn 0.445089 -0.488000 -0.750834
vn 0.150228 -0.987812 -0.040741
vn 0.445089 -0.488000 -0.750834
vn 0.416097 -0.750677 -0.513174
vn 0.150228 -0.987812 -0.040741
vn 0.416097 -0.750677 -0.513174
vn 0.486655 -0.729465 -0.480674
vn 0.150228 -0.987812 -0.040741
vn 0.486655 -0.729465 -0.480674
vn 0.450540 -0.805423 -0.385107
vn 0.139305 -0.988220 -0.063365
vn 0.150228 -0.987812 -0.040741
vn 0.236442 -0.969123 -0.069971
vn 0.150228 -0.987812 -0.040741
vn 0.450540 -0.805423 -0.385107
vn 0.239218 -0.970438 -0.032001
vn 0.150228 -0.987812 -0.040741
vn 0.239218 -0.970438 -0.032001
vn 0.236442 -0.969123 -0.069971
vn 0.239218 -0.970438 -0.032001
vn 0.450540 -0.805423 -0.385107
vn 0.454887 -0.808849 -0.372614
vn 0.239218 -0.970438 -0.032001
vn 0.454887 -0.808849 -0.372614
vn 0.230046 -0.973180 0.000643
vn 0.236442 -0.969123 -0.069971
vn 0.239218 -0.970438 -0.032001
vn 0.339320 -0.939418 -0.048546
vn 0.239218 -0.970438 -0.032001
vn 0.230046 -0.973180 0.000643
vn 0.343295 -0.939227 0.001234
vn 0.230046 -0.973180 0.000643
vn 0.454887 -0.808849 -0.372614
vn 0.559494 -0.620036 -0.550020
vn 0.230046 -0.973180 0.000643
vn 0.559494 -0.620036 -0.550020
vn 0.556562 -0.713029 -0.426414
vn 0.230046 -0.973180 0.000643
vn 0.556562 -0.713029 -0.426414
vn 0.601137 -0.704374 -0.377482
vn 0.230046 -0.973180 0.000643
vn 0.601137 -0.704374 -0.377482
vn 0.666646 -0.599731 -0.442614
vn 0.230046 -0.973180 0.000643
vn 0.666646 -0.599731 -0.442614
vn 0.556141 -0.792102 -0.251560
vn 0.230046 -0.973180 0.000643
vn 0.556141 -0.792102 -0.251560
vn 0.255147 -0.965915 0.043673
vn 0.255147 -0.965915 0.043673
vn 0.556141 -0.792102 -0.251560
vn 0.675680 -0.687563 -0.265922
vn 0.255147 -0.965915 0.043673
vn 0.675680 -0.687563 -0.265922
vn 0.695335 -0.674346 -0.248528
vn 0.255147 -0.965915 0.043673
vn 0.695335 -0.674346 -0.248528
vn 0.778466 -0.551471 -0.299783
vn 0.230046 -0.973180 0.000643
vn 0.255147 -0.965915 0.043673
vn 0.338931 -0.939429 0.050975
vn 0.255147 -0.965915 0.043673
vn 0.778466 -0.551471 -0.299783
vn 0.654474 -0.744426 -0.132264
vn 0.001392 -0.317857 -0.948138
vn 0.168416 -0.000141 -0.985716
vn 0.000000 0.000000 -1.000000
vn 0.000000 0.000000 -1.000000
vn 0.158430 0.317247 -0.935016
vn -0.001431 0.317822 -0.948149
vn 0.001392 -0.317857 -0.948138
vn 0.161103 -0.317377 -0.934515
vn 0.168416 -0.000141 -0.985716
vn 0.000000 0.000000 -1.000000
vn 0.168416 -0.000141 -0.985716
vn 0.158430 0.317247 -0.935016
vn -0.001431 0.317822 -0.948149
vn 0.158430 0.317247 -0.935016
vn 0.136774 0.567317 -0.812062
vn -0.001431 0.317822 -0.948149
vn 0.136774 0.567317 -0.812062
vn -0.002041 0.568077 -0.822973
vn -0.002041 0.568077 -0.822973
vn 0.112284 0.735189 -0.668498
vn -0.002030 0.735809 -0.677187
vn -0.002041 0.568077 -0.822973
vn 0.136774 0.567317 -0.812062
vn 0.112284 0.735189 -0.668498
vn -0.002030 0.735809 -0.677187
vn 0.089610 0.840456 -0.534419
vn -0.001816 0.840885 -0.541211
vn -0.001816 0.840885 -0.541211
vn 0.069915 0.905879 -0.417727
vn -0.001543 0.906169 -0.422913
vn -0.002030 0.735809 -0.677187
vn 0.112284 0.735189 -0.668498
vn 0.089610 0.840456 -0.534419
vn -0.001816 0.840885 -0.541211
vn 0.089610 0.840456 -0.534419
vn 0.069915 0.905879 -0.417727
vn 0.161103 -0.317377 -0.934515
vn 0.330831 -0.000233 -0.943690
vn 0.168416 -0.000141 -0.985716
vn 0.168416 -0.000141 -0.985716
vn 0.312719 0.315556 -0.895897
vn 0.158430 0.317247 -0.935016
vn 0.158430 0.317247 -0.935016
vn 0.271152 0.565131 -0.779169
vn 0.136774 0.567317 -0.812062
vn 0.136774 0.567317 -0.812062
vn 0.223217 0.733226 -0.642304
vn 0.112284 0.735189 -0.668498
vn 0.136774 0.567317 -0.812062
vn 0.271152 0.565131 -0.779169
vn 0.223217 0.733226 -0.642304
vn 0.112284 0.735189 -0.668498
vn 0.178495 0.839007 -0.514010
vn 0.089610 0.840456 -0.534419
vn 0.089610 0.840456 -0.534419
vn 0.139489 0.904961 -0.401982
vn 0.069915 0.905879 -0.417727
vn 0.112284 0.735189 -0.668498
vn 0.223217 0.733226 -0.642304
vn 0.178495 0.839007 -0.514010
vn 0.089610 0.840456 -0.534419
vn 0.178495 0.839007 -0.514010
vn 0.139489 0.904961 -0.401982
vn -0.001543 0.906169 -0.422913
vn 0.052882 0.947008 -0.316828
vn -0.001356 0.947163 -0.320750
vn -0.001543 0.906169 -0.422913
vn 0.069915 0.905879 -0.417727
vn 0.052882 0.947008 -0.316828
vn -0.001356 0.947163 -0.320750
vn 0.052882 0.947008 -0.316828
vn 0.037845 0.972899 -0.228111
vn -0.001356 0.947163 -0.320750
vn 0.037845 0.972899 -0.228111
vn -0.001214 0.972986 -0.230862
vn 0.052882 0.947008 -0.316828
vn 0.075899 0.972601 -0.219744
vn 0.037845 0.972899 -0.228111
vn 0.069915 0.905879 -0.417727
vn 0.105661 0.946435 -0.305117
vn 0.052882 0.947008 -0.316828
vn 0.069915 0.905879 -0.417727
vn 0.139489 0.904961 -0.401982
vn 0.105661 0.946435 -0.305117
vn 0.139489 0.904961 -0.401982
vn 0.155594 0.947815 -0.278277
vn 0.105661 0.946435 -0.305117
vn 0.052882 0.947008 -0.316828
vn 0.105661 0.946435 -0.305117
vn 0.075899 0.972601 -0.219744
vn 0.105661 0.946435 -0.305117
vn 0.116634 0.972043 -0.203784
vn 0.075899 0.972601 -0.219744
vn 0.105661 0.946435 -0.305117
vn 0.155594 0.947815 -0.278277
vn 0.116634 0.972043 -0.203784
vn 0.155594 0.947815 -0.278277
vn -0.106165 0.632714 -0.767074
vn 0.116634 0.972043 -0.203784
vn 0.161103 -0.317377 -0.934515
vn 0.315187 -0.315885 -0.894916
vn 0.330831 -0.000233 -0.943690
vn 0.168416 -0.000141 -0.985716
vn 0.330831 -0.000233 -0.943690
vn 0.312719 0.315556 -0.895897
vn 0.158430 0.317247 -0.935016
vn 0.312719 0.315556 -0.895897
vn 0.271152 0.565131 -0.779169
vn 0.315187 -0.315885 -0.894916
vn 0.481737 -0.000290 -0.876316
vn 0.330831 -0.000233 -0.943690
vn 0.330831 -0.000233 -0.943690
vn 0.456453 0.313121 -0.832830
vn 0.312719 0.315556 -0.895897
vn 0.312719 0.315556 -0.895897
vn 0.396987 0.561756 -0.725831
vn 0.271152 0.565131 -0.779169
vn 0.223217 0.733226 -0.642304
vn 0.262411 0.836793 -0.480540
vn 0.178495 0.839007 -0.514010
vn 0.271152 0.565131 -0.779169
vn 0.327602 0.730265 -0.599492
vn 0.223217 0.733226 -0.642304
vn 0.223217 0.733226 -0.642304
vn 0.327602 0.730265 -0.599492
vn 0.262411 0.836793 -0.480540
vn 0.315187 -0.315885 -0.894916
vn 0.458666 -0.313510 -0.831467
vn 0.481737 -0.000290 -0.876316
vn 0.330831 -0.000233 -0.943690
vn 0.481737 -0.000290 -0.876316
vn 0.456453 0.313121 -0.832830
vn 0.312719 0.315556 -0.895897
vn 0.456453 0.313121 -0.832830
vn 0.396987 0.561756 -0.725831
vn 0.458666 -0.313510 -0.831467
vn 0.616961 -0.000343 -0.786994
vn 0.481737 -0.000290 -0.876316
vn 0.481737 -0.000290 -0.876316
vn 0.585629 0.310080 -0.748925
vn 0.456453 0.313121 -0.832830
vn 0.271152 0.565131 -0.779169
vn 0.396987 0.561756 -0.725831
vn 0.327602 0.730265 -0.599492
vn 0.262411 0.836793 -0.480540
vn 0.327602 0.730265 -0.599492
vn 0.339219 0.834035 -0.435105
vn 0.456453 0.313121 -0.832830
vn 0.510764 0.557661 -0.654320
vn 0.396987 0.561756 -0.725831
vn 0.327602 0.730265 -0.599492
vn 0.396987 0.561756 -0.725831
vn 0.422587 0.726535 -0.541818
vn 0.327602 0.730265 -0.599492
vn 0.422587 0.726535 -0.541818
vn 0.339219 0.834035 -0.435105
vn 0.139489 0.904961 -0.401982
vn 0.178495 0.839007 -0.514010
vn 0.205351 0.903481 -0.376235
vn 0.178495 0.839007 -0.514010
vn 0.262411 0.836793 -0.480540
vn 0.205351 0.903481 -0.376235
vn 0.262411 0.836793 -0.480540
vn 0.265834 0.901644 -0.341132
vn 0.205351 0.903481 -0.376235
vn 0.262411 0.836793 -0.480540
vn 0.339219 0.834035 -0.435105
vn 0.265834 0.901644 -0.341132
vn 0.339219 0.834035 -0.435105
vn 0.319449 0.899605 -0.297762
vn 0.265834 0.901644 -0.341132
vn 0.139489 0.904961 -0.401982
vn 0.205351 0.903481 -0.376235
vn 0.155594 0.947815 -0.278277
vn 0.205351 0.903481 -0.376235
vn 0.199344 0.948428 -0.246468
vn 0.155594 0.947815 -0.278277
vn 0.155594 0.947815 -0.278277
vn 0.028133 0.737484 -0.674778
vn -0.106165 0.632714 -0.767074
vn 0.155594 0.947815 -0.278277
vn 0.199344 0.948428 -0.246468
vn 0.028133 0.737484 -0.674778
vn 0.205351 0.903481 -0.376235
vn 0.265834 0.901644 -0.341132
vn 0.199344 0.948428 -0.246468
vn 0.199344 0.948428 -0.246468
vn 0.265834 0.901644 -0.341132
vn 0.240268 0.945547 -0.219574
vn 0.265834 0.901644 -0.341132
vn 0.319449 0.899605 -0.297762
vn 0.240268 0.945547 -0.219574
vn -0.001214 0.972986 -0.230862
vn 0.037845 0.972899 -0.228111
vn 0.024194 0.988721 -0.147802
vn -0.001214 0.972986 -0.230862
vn 0.024194 0.988721 -0.147802
vn -0.001113 0.988755 -0.149539
vn 0.037845 0.972899 -0.228111
vn 0.075899 0.972601 -0.219744
vn 0.048863 0.988598 -0.142430
vn 0.037845 0.972899 -0.228111
vn 0.048863 0.988598 -0.142430
vn 0.024194 0.988721 -0.147802
vn -0.001113 0.988755 -0.149539
vn 0.024194 0.988721 -0.147802
vn 0.011828 0.996712 -0.080155
vn -0.001113 0.988755 -0.149539
vn 0.011828 0.996712 -0.080155
vn -0.001911 0.996721 -0.080897
vn 0.024194 0.988721 -0.147802
vn 0.025230 0.996677 -0.077451
vn 0.011828 0.996712 -0.080155
vn 0.024194 0.988721 -0.147802
vn 0.048863 0.988598 -0.142430
vn 0.025230 0.996677 -0.077451
vn 0.048863 0.988598 -0.142430
vn 0.080892 0.986777 -0.140454
vn 0.037988 0.996619 -0.072850
vn 0.048863 0.988598 -0.142430
vn 0.037988 0.996619 -0.072850
vn 0.025230 0.996677 -0.077451
vn 0.080892 0.986777 -0.140454
vn 0.049855 0.996546 -0.066410
vn 0.037988 0.996619 -0.072850
vn 0.048863 0.988598 -0.142430
vn 0.075899 0.972601 -0.219744
vn 0.080892 0.986777 -0.140454
vn 0.075899 0.972601 -0.219744
vn 0.116634 0.972043 -0.203784
vn 0.080892 0.986777 -0.140454
vn 0.116634 0.972043 -0.203784
vn -0.603069 0.717622 -0.348319
vn 0.080892 0.986777 -0.140454
vn 0.080892 0.986777 -0.140454
vn -0.603069 0.717622 -0.348319
vn -0.663502 0.744626 -0.072786
vn 0.116634 0.972043 -0.203784
vn -0.106165 0.632714 -0.767074
vn -0.287987 0.657289 -0.696444
vn 0.116634 0.972043 -0.203784
vn -0.572745 0.438841 -0.692374
vn -0.603069 0.717622 -0.348319
vn 0.116634 0.972043 -0.203784
vn -0.287987 0.657289 -0.696444
vn -0.572745 0.438841 -0.692374
vn 0.080892 0.986777 -0.140454
vn -0.663502 0.744626 -0.072786
vn 0.099475 0.987209 -0.124593
vn 0.080892 0.986777 -0.140454
vn 0.099475 0.987209 -0.124593
vn 0.049855 0.996546 -0.066410
vn 0.099475 0.987209 -0.124593
vn 0.060449 0.996462 -0.058390
vn 0.049855 0.996546 -0.066410
vn 0.099475 0.987209 -0.124593
vn 0.116021 0.986954 -0.111628
vn 0.060449 0.996462 -0.058390
vn 0.099475 0.987209 -0.124593
vn -0.663502 0.744626 -0.072786
vn -0.659474 0.751008 0.032882
vn 0.099475 0.987209 -0.124593
vn -0.659474 0.751008 0.032882
vn -0.590625 0.773414 0.230202
vn 0.099475 0.987209 -0.124593
vn -0.590625 0.773414 0.230202
vn 0.116021 0.986954 -0.111628
vn 0.116021 0.986954 -0.111628
vn -0.590625 0.773414 0.230202
vn -0.446572 0.780390 0.437682
vn 0.116021 0.986954 -0.111628
vn 0.133432 0.986646 -0.093417
vn 0.069576 0.996379 -0.048873
vn 0.116021 0.986954 -0.111628
vn -0.446572 0.780390 0.437682
vn -0.320677 0.770132 0.551419
vn 0.116021 0.986954 -0.111628
vn -0.320677 0.770132 0.551419
vn 0.133432 0.986646 -0.093417
vn 0.133432 0.986646 -0.093417
vn -0.320677 0.770132 0.551419
vn -0.173021 0.769293 0.615021
vn -0.001911 0.996721 -0.080897
vn 0.011828 0.996712 -0.080155
vn -0.000015 0.999993 0.003814
vn 0.011828 0.996712 -0.080155
vn 0.025230 0.996677 -0.077451
vn -0.000015 0.999993 0.003814
vn 0.025230 0.996677 -0.077451
vn 0.037988 0.996619 -0.072850
vn -0.000015 0.999993 0.003814
vn 0.037988 0.996619 -0.072850
vn 0.049855 0.996546 -0.066410
vn -0.000015 0.999993 0.003814
vn 0.049855 0.996546 -0.066410
vn 0.060449 0.996462 -0.058390
vn -0.000015 0.999993 0.003814
vn 0.060449 0.996462 -0.058390
vn 0.069576 0.996379 -0.048873
vn -0.000015 0.999993 0.003814
vn -0.000015 0.999993 0.003814
vn 0.069576 0.996379 -0.048873
vn 0.076965 0.996301 -0.038211
vn -0.000015 0.999993 0.003814
vn 0.076965 0.996301 -0.038211
vn 0.082475 0.996238 -0.026598
vn -0.000015 0.999993 0.003814
vn 0.082475 0.996238 -0.026598
vn 0.085964 0.996196 -0.014305
vn -0.000015 0.999993 0.003814
vn 0.071585 0.721506 -0.688698
vn -0.111294 0.565450 -0.817239
vn -0.000015 0.999993 0.003814
vn 0.144805 0.719033 -0.679723
vn 0.071585 0.721506 -0.688698
vn -0.000015 0.999993 0.003814
vn 0.171636 0.562607 -0.808712
vn 0.144805 0.719033 -0.679723
vn -0.000015 0.999993 0.003814
vn 0.282376 0.722716 -0.630829
vn 0.171636 0.562607 -0.808712
vn -0.000015 0.999993 0.003814
vn 0.334555 0.843267 -0.420682
vn 0.282376 0.722716 -0.630829
vn -0.000015 0.999993 0.003814
vn 0.041316 0.996598 0.071308
vn 0.334555 0.843267 -0.420682
vn -0.000015 0.999993 0.003814
vn 0.055608 0.995778 0.073040
vn 0.041316 0.996598 0.071308
vn -0.000015 0.999993 0.003814
vn 0.085964 0.996196 -0.014305
vn 0.087334 0.996178 -0.001706
vn -0.000015 0.999993 0.003814
vn 0.087334 0.996178 -0.001706
vn 0.086494 0.996192 0.010964
vn -0.000015 0.999993 0.003814
vn 0.086494 0.996192 0.010964
vn 0.083612 0.996225 0.023348
vn -0.000015 0.999993 0.003814
vn 0.083612 0.996225 0.023348
vn 0.078649 0.996281 0.035183
vn -0.000015 0.999993 0.003814
vn 0.063064 0.996438 0.055983
vn 0.055608 0.995778 0.073040
vn -0.000015 0.999993 0.003814
vn 0.078649 0.996281 0.035183
vn 0.071733 0.996355 0.046161
vn -0.000015 0.999993 0.003814
vn 0.071733 0.996355 0.046161
vn 0.063064 0.996438 0.055983
vn 0.116021 0.986954 -0.111628
vn 0.069576 0.996379 -0.048873
vn 0.060449 0.996462 -0.058390
vn 0.069576 0.996379 -0.048873
vn 0.133432 0.986646 -0.093417
vn 0.076965 0.996301 -0.038211
vn 0.076965 0.996301 -0.038211
vn 0.133432 0.986646 -0.093417
vn 0.150790 0.985632 -0.076098
vn 0.082475 0.996238 -0.026598
vn 0.150790 0.985632 -0.076098
vn 0.152956 0.987113 -0.047043
vn 0.076965 0.996301 -0.038211
vn 0.150790 0.985632 -0.076098
vn 0.082475 0.996238 -0.026598
vn 0.082475 0.996238 -0.026598
vn 0.152956 0.987113 -0.047043
vn 0.085964 0.996196 -0.014305
vn 0.085964 0.996196 -0.014305
vn 0.159002 0.986979 -0.024304
vn 0.087334 0.996178 -0.001706
vn 0.078649 0.996281 0.035183
vn 0.144104 0.987298 0.066905
vn 0.071733 0.996355 0.046161
vn 0.086494 0.996192 0.010964
vn 0.087334 0.996178 -0.001706
vn 0.161134 0.986932 -0.000999
vn 0.086494 0.996192 0.010964
vn 0.159298 0.986977 0.022380
vn 0.083612 0.996225 0.023348
vn 0.078649 0.996281 0.035183
vn 0.083612 0.996225 0.023348
vn 0.153614 0.987097 0.045185
vn 0.083612 0.996225 0.023348
vn 0.159298 0.986977 0.022380
vn 0.153614 0.987097 0.045185
vn 0.078649 0.996281 0.035183
vn 0.153614 0.987097 0.045185
vn 0.144104 0.987298 0.066905
vn 0.199344 0.948428 -0.246468
vn 0.124437 0.623300 -0.772018
vn 0.028133 0.737484 -0.674778
vn 0.199344 0.948428 -0.246468
vn 0.334957 0.483639 -0.808639
vn 0.124437 0.623300 -0.772018
vn 0.199344 0.948428 -0.246468
vn 0.474389 0.600263 -0.643925
vn 0.334957 0.483639 -0.808639
vn 0.133432 0.986646 -0.093417
vn -0.173021 0.769293 0.615021
vn -0.021141 0.746010 0.665600
vn 0.133432 0.986646 -0.093417
vn -0.021141 0.746010 0.665600
vn 0.150790 0.985632 -0.076098
vn 0.150790 0.985632 -0.076098
vn -0.021141 0.746010 0.665600
vn 0.158688 0.573607 0.803612
vn 0.150790 0.985632 -0.076098
vn 0.158688 0.573607 0.803612
vn 0.436776 0.702834 0.561473
vn 0.213724 0.970912 -0.107947
vn 0.150790 0.985632 -0.076098
vn 0.436776 0.702834 0.561473
vn 0.199344 0.948428 -0.246468
vn 0.240268 0.945547 -0.219574
vn 0.474389 0.600263 -0.643925
vn 0.240268 0.945547 -0.219574
vn 0.578202 0.603924 -0.548597
vn 0.474389 0.600263 -0.643925
vn 0.240268 0.945547 -0.219574
vn 0.696897 0.604307 -0.386195
vn 0.578202 0.603924 -0.548597
vn 0.240268 0.945547 -0.219574
vn 0.262990 0.947707 -0.180798
vn 0.696897 0.604307 -0.386195
vn 0.262990 0.947707 -0.180798
vn 0.861982 0.487336 -0.139612
vn 0.696897 0.604307 -0.386195
vn 0.262990 0.947707 -0.180798
vn 0.772059 0.625424 0.113007
vn 0.785885 0.617949 0.022881
vn 0.240268 0.945547 -0.219574
vn 0.319449 0.899605 -0.297762
vn 0.262990 0.947707 -0.180798
vn 0.262990 0.947707 -0.180798
vn 0.785885 0.617949 0.022881
vn 0.861982 0.487336 -0.139612
vn 0.213724 0.970912 -0.107947
vn 0.771697 0.512175 0.377042
vn 0.772059 0.625424 0.113007
vn 0.262990 0.947707 -0.180798
vn 0.213724 0.970912 -0.107947
vn 0.772059 0.625424 0.113007
vn 0.213724 0.970912 -0.107947
vn 0.436776 0.702834 0.561473
vn 0.603232 0.681678 0.414037
vn 0.213724 0.970912 -0.107947
vn 0.603232 0.681678 0.414037
vn 0.771697 0.512175 0.377042
vn 0.262990 0.947707 -0.180798
vn 0.305861 0.940870 -0.145643
vn 0.213724 0.970912 -0.107947
vn 0.213724 0.970912 -0.107947
vn 0.305861 0.940870 -0.145643
vn 0.235766 0.969136 -0.072035
vn 0.085964 0.996196 -0.014305
vn 0.152956 0.987113 -0.047043
vn 0.159002 0.986979 -0.024304
vn 0.213724 0.970912 -0.107947
vn 0.152956 0.987113 -0.047043
vn 0.150790 0.985632 -0.076098
vn 0.152956 0.987113 -0.047043
vn 0.235766 0.969136 -0.072035
vn 0.159002 0.986979 -0.024304
vn 0.159002 0.986979 -0.024304
vn 0.244946 0.968830 -0.037007
vn 0.161134 0.986932 -0.000999
vn 0.087334 0.996178 -0.001706
vn 0.159002 0.986979 -0.024304
vn 0.161134 0.986932 -0.000999
vn 0.086494 0.996192 0.010964
vn 0.161134 0.986932 -0.000999
vn 0.159298 0.986977 0.022380
vn 0.161134 0.986932 -0.000999
vn 0.248137 0.968724 -0.001059
vn 0.159298 0.986977 0.022380
vn 0.159298 0.986977 0.022380
vn 0.245306 0.968817 0.034897
vn 0.153614 0.987097 0.045185
vn 0.213724 0.970912 -0.107947
vn 0.235766 0.969136 -0.072035
vn 0.152956 0.987113 -0.047043
vn 0.159002 0.986979 -0.024304
vn 0.235766 0.969136 -0.072035
vn 0.244946 0.968830 -0.037007
vn 0.161134 0.986932 -0.000999
vn 0.244946 0.968830 -0.037007
vn 0.248137 0.968724 -0.001059
vn 0.235766 0.969136 -0.072035
vn 0.326416 0.939982 -0.099434
vn 0.244946 0.968830 -0.037007
vn 0.244946 0.968830 -0.037007
vn 0.338980 0.939416 -0.050892
vn 0.248137 0.968724 -0.001059
vn 0.159298 0.986977 0.022380
vn 0.248137 0.968724 -0.001059
vn 0.245306 0.968817 0.034897
vn 0.153614 0.987097 0.045185
vn 0.245306 0.968817 0.034897
vn 0.236435 0.969119 0.070053
vn 0.248137 0.968724 -0.001059
vn 0.343340 0.939210 -0.001156
vn 0.245306 0.968817 0.034897
vn 0.245306 0.968817 0.034897
vn 0.339356 0.939402 0.048589
vn 0.236435 0.969119 0.070053
vn 0.400277 -0.561901 -0.723910
vn 0.513581 -0.557812 -0.651982
vn 0.587478 -0.310560 -0.747277
vn 0.425536 -0.726504 -0.539548
vn 0.612195 -0.553315 -0.564853
vn 0.513581 -0.557812 -0.651982
vn 0.513581 -0.557812 -0.651982
vn 0.698793 -0.307348 -0.645930
vn 0.587478 -0.310560 -0.747277
vn 0.321479 -0.899541 -0.295766
vn 0.466166 -0.827944 -0.311766
vn 0.409307 -0.830952 -0.376810
vn 0.321479 -0.899541 -0.295766
vn 0.366606 -0.897540 -0.244995
vn 0.466166 -0.827944 -0.311766
vn 0.341907 -0.833972 -0.433117
vn 0.508473 -0.722463 -0.468512
vn 0.425536 -0.726504 -0.539548
vn 0.341907 -0.833972 -0.433117
vn 0.409307 -0.830952 -0.376810
vn 0.508473 -0.722463 -0.468512
vn 0.425536 -0.726504 -0.539548
vn 0.508473 -0.722463 -0.468512
vn 0.612195 -0.553315 -0.564853
vn 0.513581 -0.557812 -0.651982
vn 0.612195 -0.553315 -0.564853
vn 0.698793 -0.307348 -0.645930
vn 0.508473 -0.722463 -0.468512
vn 0.694349 -0.548971 -0.465307
vn 0.612195 -0.553315 -0.564853
vn 0.612195 -0.553315 -0.564853
vn 0.790837 -0.304206 -0.531071
vn 0.698793 -0.307348 -0.645930
vn 0.612195 -0.553315 -0.564853
vn 0.694349 -0.548971 -0.465307
vn 0.790837 -0.304206 -0.531071
vn 0.409307 -0.830952 -0.376810
vn 0.578056 -0.718460 -0.386869
vn 0.508473 -0.722463 -0.468512
vn 0.409307 -0.830952 -0.376810
vn 0.466166 -0.827944 -0.311766
vn 0.578056 -0.718460 -0.386869
vn 0.508473 -0.722463 -0.468512
vn 0.578056 -0.718460 -0.386869
vn 0.694349 -0.548971 -0.465307
vn 0.466166 -0.827944 -0.311766
vn 0.633045 -0.714918 -0.296895
vn 0.578056 -0.718460 -0.386869
vn 0.578056 -0.718460 -0.386869
vn 0.633045 -0.714918 -0.296895
vn 0.758847 -0.545067 -0.356444
vn 0.578056 -0.718460 -0.386869
vn 0.758847 -0.545067 -0.356444
vn 0.694349 -0.548971 -0.465307
vn 0.694349 -0.548971 -0.465307
vn 0.862668 -0.301469 -0.406104
vn 0.790837 -0.304206 -0.531071
vn 0.694349 -0.548971 -0.465307
vn 0.758847 -0.545067 -0.356444
vn 0.862668 -0.301469 -0.406104
vn 0.279322 -0.941927 -0.186422
vn 0.402671 -0.895731 -0.188471
vn 0.366606 -0.897540 -0.244995
vn 0.279322 -0.941927 -0.186422
vn 0.306987 -0.940834 -0.143494
vn 0.402671 -0.895731 -0.188471
vn 0.306987 -0.940834 -0.143494
vn 0.428850 -0.894315 -0.127623
vn 0.402671 -0.895731 -0.188471
vn 0.306987 -0.940834 -0.143494
vn 0.327170 -0.939958 -0.097156
vn 0.428850 -0.894315 -0.127623
vn 0.466166 -0.827944 -0.311766
vn 0.366606 -0.897540 -0.244995
vn 0.511394 -0.825273 -0.239582
vn 0.366606 -0.897540 -0.244995
vn 0.402671 -0.895731 -0.188471
vn 0.511394 -0.825273 -0.239582
vn 0.402671 -0.895731 -0.188471
vn 0.544147 -0.823176 -0.162129
vn 0.511394 -0.825273 -0.239582
vn 0.327170 -0.939958 -0.097156
vn 0.444657 -0.893422 -0.063856
vn 0.428850 -0.894315 -0.127623
vn 0.402671 -0.895731 -0.188471
vn 0.428850 -0.894315 -0.127623
vn 0.544147 -0.823176 -0.162129
vn 0.428850 -0.894315 -0.127623
vn 0.563927 -0.821829 -0.081140
vn 0.544147 -0.823176 -0.162129
vn 0.466166 -0.827944 -0.311766
vn 0.511394 -0.825273 -0.239582
vn 0.633045 -0.714918 -0.296895
vn 0.236442 -0.969123 -0.069971
vn 0.339320 -0.939418 -0.048546
vn 0.327170 -0.939958 -0.097156
vn 0.239218 -0.970438 -0.032001
vn 0.343295 -0.939227 0.001234
vn 0.339320 -0.939418 -0.048546
vn 0.327170 -0.939958 -0.097156
vn 0.339320 -0.939418 -0.048546
vn 0.444657 -0.893422 -0.063856
vn 0.230046 -0.973180 0.000643
vn 0.338931 -0.939429 0.050975
vn 0.343295 -0.939227 0.001234
vn 0.255147 -0.965915 0.043673
vn 0.314530 -0.944417 0.095638
vn 0.338931 -0.939429 0.050975
vn 0.343295 -0.939227 0.001234
vn 0.338931 -0.939429 0.050975
vn 0.444242 -0.893433 0.066530
vn 0.339320 -0.939418 -0.048546
vn 0.343295 -0.939227 0.001234
vn 0.449829 -0.893114 0.001374
vn 0.339320 -0.939418 -0.048546
vn 0.449829 -0.893114 0.001374
vn 0.444657 -0.893422 -0.063856
vn 0.428850 -0.894315 -0.127623
vn 0.444657 -0.893422 -0.063856
vn 0.563927 -0.821829 -0.081140
vn 0.444657 -0.893422 -0.063856
vn 0.449829 -0.893114 0.001374
vn 0.570354 -0.821398 0.001552
vn 0.343295 -0.939227 0.001234
vn 0.444242 -0.893433 0.066530
vn 0.449829 -0.893114 0.001374
vn 0.449829 -0.893114 0.001374
vn 0.444242 -0.893433 0.066530
vn 0.563440 -0.821850 0.084246
vn 0.511394 -0.825273 -0.239582
vn 0.672746 -0.712134 -0.200692
vn 0.633045 -0.714918 -0.296895
vn 0.633045 -0.714918 -0.296895
vn 0.672746 -0.712134 -0.200692
vn 0.805140 -0.542058 -0.240670
vn 0.633045 -0.714918 -0.296895
vn 0.805140 -0.542058 -0.240670
vn 0.758847 -0.545067 -0.356444
vn 0.511394 -0.825273 -0.239582
vn 0.544147 -0.823176 -0.162129
vn 0.672746 -0.712134 -0.200692
vn 0.544147 -0.823176 -0.162129
vn 0.696615 -0.710371 -0.100499
vn 0.672746 -0.712134 -0.200692
vn 0.544147 -0.823176 -0.162129
vn 0.563927 -0.821829 -0.081140
vn 0.696615 -0.710371 -0.100499
vn 0.758847 -0.545067 -0.356444
vn 0.913961 -0.299298 -0.274038
vn 0.862668 -0.301469 -0.406104
vn 0.758847 -0.545067 -0.356444
vn 0.805140 -0.542058 -0.240670
vn 0.913961 -0.299298 -0.274038
vn 0.672746 -0.712134 -0.200692
vn 0.696615 -0.710371 -0.100499
vn 0.832883 -0.540152 -0.120588
vn 0.672746 -0.712134 -0.200692
vn 0.832883 -0.540152 -0.120588
vn 0.805140 -0.542058 -0.240670
vn 0.805140 -0.542058 -0.240670
vn 0.944630 -0.297903 -0.137580
vn 0.913961 -0.299298 -0.274038
vn 0.805140 -0.542058 -0.240670
vn 0.832883 -0.540152 -0.120588
vn 0.944630 -0.297903 -0.137580
vn 0.444657 -0.893422 -0.063856
vn 0.570354 -0.821398 0.001552
vn 0.563927 -0.821829 -0.081140
vn 0.449829 -0.893114 0.001374
vn 0.563440 -0.821850 0.084246
vn 0.570354 -0.821398 0.001552
vn 0.563927 -0.821829 -0.081140
vn 0.570354 -0.821398 0.001552
vn 0.704422 -0.709780 0.001664
vn 0.563927 -0.821829 -0.081140
vn 0.704422 -0.709780 0.001664
vn 0.696615 -0.710371 -0.100499
vn 0.570354 -0.821398 0.001552
vn 0.696105 -0.710393 0.103822
vn 0.704422 -0.709780 0.001664
vn 0.570354 -0.821398 0.001552
vn 0.563440 -0.821850 0.084246
vn 0.696105 -0.710393 0.103822
vn 0.696615 -0.710371 -0.100499
vn 0.704422 -0.709780 0.001664
vn 0.842012 -0.539456 0.001625
vn 0.696615 -0.710371 -0.100499
vn 0.842012 -0.539456 0.001625
vn 0.832883 -0.540152 -0.120588
vn 0.832883 -0.540152 -0.120588
vn 0.954761 -0.297372 0.001052
vn 0.944630 -0.297903 -0.137580
vn 0.832883 -0.540152 -0.120588
vn 0.842012 -0.539456 0.001625
vn 0.954761 -0.297372 0.001052
vn 0.704422 -0.709780 0.001664
vn 0.696105 -0.710393 0.103822
vn 0.832448 -0.540102 0.123775
vn 0.704422 -0.709780 0.001664
vn 0.832448 -0.540102 0.123775
vn 0.842012 -0.539456 0.001625
vn 0.842012 -0.539456 0.001625
vn 0.832448 -0.540102 0.123775
vn 0.944366 -0.297780 0.139645
vn 0.842012 -0.539456 0.001625
vn 0.944366 -0.297780 0.139645
vn 0.954761 -0.297372 0.001052
vn 0.458666 -0.313510 -0.831467
vn 0.587478 -0.310560 -0.747277
vn 0.616961 -0.000343 -0.786994
vn 0.456453 0.313121 -0.832830
vn 0.585629 0.310080 -0.748925
vn 0.510764 0.557661 -0.654320
vn 0.481737 -0.000290 -0.876316
vn 0.616961 -0.000343 -0.786994
vn 0.585629 0.310080 -0.748925
vn 0.616961 -0.000343 -0.786994
vn 0.697276 0.306870 -0.647794
vn 0.585629 0.310080 -0.748925
vn 0.396987 0.561756 -0.725831
vn 0.510764 0.557661 -0.654320
vn 0.422587 0.726535 -0.541818
vn 0.585629 0.310080 -0.748925
vn 0.609934 0.553160 -0.567446
vn 0.510764 0.557661 -0.654320
vn 0.587478 -0.310560 -0.747277
vn 0.733440 -0.000345 -0.679754
vn 0.616961 -0.000343 -0.786994
vn 0.587478 -0.310560 -0.747277
vn 0.698793 -0.307348 -0.645930
vn 0.733440 -0.000345 -0.679754
vn 0.585629 0.310080 -0.748925
vn 0.697276 0.306870 -0.647794
vn 0.609934 0.553160 -0.567446
vn 0.616961 -0.000343 -0.786994
vn 0.733440 -0.000345 -0.679754
vn 0.697276 0.306870 -0.647794
vn 0.339219 0.834035 -0.435105
vn 0.422587 0.726535 -0.541818
vn 0.407016 0.831010 -0.379156
vn 0.422587 0.726535 -0.541818
vn 0.510764 0.557661 -0.654320
vn 0.505993 0.722447 -0.471214
vn 0.510764 0.557661 -0.654320
vn 0.609934 0.553160 -0.567446
vn 0.505993 0.722447 -0.471214
vn 0.422587 0.726535 -0.541818
vn 0.505993 0.722447 -0.471214
vn 0.407016 0.831010 -0.379156
vn 0.339219 0.834035 -0.435105
vn 0.407016 0.831010 -0.379156
vn 0.319449 0.899605 -0.297762
vn 0.407016 0.831010 -0.379156
vn 0.364965 0.897599 -0.247219
vn 0.319449 0.899605 -0.297762
vn 0.407016 0.831010 -0.379156
vn 0.505993 0.722447 -0.471214
vn 0.464335 0.828007 -0.314321
vn 0.407016 0.831010 -0.379156
vn 0.464335 0.828007 -0.314321
vn 0.364965 0.897599 -0.247219
vn 0.698793 -0.307348 -0.645930
vn 0.829490 -0.000297 -0.558522
vn 0.733440 -0.000345 -0.679754
vn 0.733440 -0.000345 -0.679754
vn 0.789681 0.303781 -0.533031
vn 0.697276 0.306870 -0.647794
vn 0.609934 0.553160 -0.567446
vn 0.576073 0.718460 -0.389814
vn 0.505993 0.722447 -0.471214
vn 0.697276 0.306870 -0.647794
vn 0.692529 0.548796 -0.468216
vn 0.609934 0.553160 -0.567446
vn 0.609934 0.553160 -0.567446
vn 0.692529 0.548796 -0.468216
vn 0.576073 0.718460 -0.389814
vn 0.505993 0.722447 -0.471214
vn 0.576073 0.718460 -0.389814
vn 0.464335 0.828007 -0.314321
vn 0.464335 0.828007 -0.314321
vn 0.576073 0.718460 -0.389814
vn 0.509991 0.825317 -0.242405
vn 0.698793 -0.307348 -0.645930
vn 0.790837 -0.304206 -0.531071
vn 0.829490 -0.000297 -0.558522
vn 0.733440 -0.000345 -0.679754
vn 0.829490 -0.000297 -0.558522
vn 0.789681 0.303781 -0.533031
vn 0.697276 0.306870 -0.647794
vn 0.789681 0.303781 -0.533031
vn 0.692529 0.548796 -0.468216
vn 0.829490 -0.000297 -0.558522
vn 0.790837 -0.304206 -0.531071
vn 0.904246 -0.000244 -0.427011
vn 0.790837 -0.304206 -0.531071
vn 0.862668 -0.301469 -0.406104
vn 0.904246 -0.000244 -0.427011
vn 0.829490 -0.000297 -0.558522
vn 0.861863 0.301096 -0.408085
vn 0.789681 0.303781 -0.533031
vn 0.789681 0.303781 -0.533031
vn 0.861863 0.301096 -0.408085
vn 0.757521 0.544963 -0.359412
vn 0.829490 -0.000297 -0.558522
vn 0.904246 -0.000244 -0.427011
vn 0.861863 0.301096 -0.408085
vn 0.789681 0.303781 -0.533031
vn 0.757521 0.544963 -0.359412
vn 0.692529 0.548796 -0.468216
vn 0.576073 0.718460 -0.389814
vn 0.692529 0.548796 -0.468216
vn 0.631606 0.714916 -0.299950
vn 0.692529 0.548796 -0.468216
vn 0.757521 0.544963 -0.359412
vn 0.631606 0.714916 -0.299950
vn 0.464335 0.828007 -0.314321
vn 0.401411 0.895783 -0.190896
vn 0.364965 0.897599 -0.247219
vn 0.464335 0.828007 -0.314321
vn 0.509991 0.825317 -0.242405
vn 0.401411 0.895783 -0.190896
vn 0.509991 0.825317 -0.242405
vn 0.428040 0.894336 -0.130172
vn 0.401411 0.895783 -0.190896
vn 0.576073 0.718460 -0.389814
vn 0.631606 0.714916 -0.299950
vn 0.509991 0.825317 -0.242405
vn 0.509991 0.825317 -0.242405
vn 0.543236 0.823196 -0.165055
vn 0.428040 0.894336 -0.130172
vn 0.428040 0.894336 -0.130172
vn 0.543236 0.823196 -0.165055
vn 0.444268 0.893420 -0.066531
vn 0.444268 0.893420 -0.066531
vn 0.563480 0.821833 -0.084152
vn 0.449870 0.893093 -0.001292
vn 0.449870 0.893093 -0.001292
vn 0.570407 0.821361 -0.001510
vn 0.444699 0.893398 0.063901
vn 0.262990 0.947707 -0.180798
vn 0.319449 0.899605 -0.297762
vn 0.364965 0.897599 -0.247219
vn 0.262990 0.947707 -0.180798
vn 0.364965 0.897599 -0.247219
vn 0.305861 0.940870 -0.145643
vn 0.364965 0.897599 -0.247219
vn 0.401411 0.895783 -0.190896
vn 0.305861 0.940870 -0.145643
vn 0.235766 0.969136 -0.072035
vn 0.305861 0.940870 -0.145643
vn 0.326416 0.939982 -0.099434
vn 0.305861 0.940870 -0.145643
vn 0.401411 0.895783 -0.190896
vn 0.326416 0.939982 -0.099434
vn 0.326416 0.939982 -0.099434
vn 0.401411 0.895783 -0.190896
vn 0.428040 0.894336 -0.130172
vn 0.326416 0.939982 -0.099434
vn 0.428040 0.894336 -0.130172
vn 0.338980 0.939416 -0.050892
vn 0.244946 0.968830 -0.037007
vn 0.326416 0.939982 -0.099434
vn 0.338980 0.939416 -0.050892
vn 0.248137 0.968724 -0.001059
vn 0.338980 0.939416 -0.050892
vn 0.343340 0.939210 -0.001156
vn 0.338980 0.939416 -0.050892
vn 0.444268 0.893420 -0.066531
vn 0.343340 0.939210 -0.001156
vn 0.245306 0.968817 0.034897
vn 0.343340 0.939210 -0.001156
vn 0.339356 0.939402 0.048589
vn 0.428040 0.894336 -0.130172
vn 0.444268 0.893420 -0.066531
vn 0.338980 0.939416 -0.050892
vn 0.343340 0.939210 -0.001156
vn 0.444268 0.893420 -0.066531
vn 0.449870 0.893093 -0.001292
vn 0.343340 0.939210 -0.001156
vn 0.449870 0.893093 -0.001292
vn 0.339356 0.939402 0.048589
vn 0.339356 0.939402 0.048589
vn 0.449870 0.893093 -0.001292
vn 0.444699 0.893398 0.063901
vn 0.509991 0.825317 -0.242405
vn 0.631606 0.714916 -0.299950
vn 0.543236 0.823196 -0.165055
vn 0.631606 0.714916 -0.299950
vn 0.671770 0.712135 -0.203935
vn 0.543236 0.823196 -0.165055
vn 0.631606 0.714916 -0.299950
vn 0.757521 0.544963 -0.359412
vn 0.671770 0.712135 -0.203935
vn 0.757521 0.544963 -0.359412
vn 0.804277 0.541959 -0.243758
vn 0.671770 0.712135 -0.203935
vn 0.444268 0.893420 -0.066531
vn 0.543236 0.823196 -0.165055
vn 0.563480 0.821833 -0.084152
vn 0.543236 0.823196 -0.165055
vn 0.671770 0.712135 -0.203935
vn 0.563480 0.821833 -0.084152
vn 0.671770 0.712135 -0.203935
vn 0.696155 0.710351 -0.103773
vn 0.563480 0.821833 -0.084152
vn 0.862668 -0.301469 -0.406104
vn 0.957528 -0.000190 -0.288342
vn 0.904246 -0.000244 -0.427011
vn 0.862668 -0.301469 -0.406104
vn 0.913961 -0.299298 -0.274038
vn 0.957528 -0.000190 -0.288342
vn 0.904246 -0.000244 -0.427011
vn 0.913423 0.299053 -0.276089
vn 0.861863 0.301096 -0.408085
vn 0.904246 -0.000244 -0.427011
vn 0.957528 -0.000190 -0.288342
vn 0.913423 0.299053 -0.276089
vn 0.861863 0.301096 -0.408085
vn 0.913423 0.299053 -0.276089
vn 0.804277 0.541959 -0.243758
vn 0.913961 -0.299298 -0.274038
vn 0.989400 -0.000104 -0.145219
vn 0.957528 -0.000190 -0.288342
vn 0.913961 -0.299298 -0.274038
vn 0.944630 -0.297903 -0.137580
vn 0.989400 -0.000104 -0.145219
vn 0.957528 -0.000190 -0.288342
vn 0.944374 0.297755 -0.139643
vn 0.913423 0.299053 -0.276089
vn 0.913423 0.299053 -0.276089
vn 0.944374 0.297755 -0.139643
vn 0.832466 0.540075 -0.123774
vn 0.957528 -0.000190 -0.288342
vn 0.989400 -0.000104 -0.145219
vn 0.944374 0.297755 -0.139643
vn 0.861863 0.301096 -0.408085
vn 0.804277 0.541959 -0.243758
vn 0.757521 0.544963 -0.359412
vn 0.671770 0.712135 -0.203935
vn 0.804277 0.541959 -0.243758
vn 0.696155 0.710351 -0.103773
vn 0.913423 0.299053 -0.276089
vn 0.832466 0.540075 -0.123774
vn 0.804277 0.541959 -0.243758
vn 0.804277 0.541959 -0.243758
vn 0.832466 0.540075 -0.123774
vn 0.696155 0.710351 -0.103773
vn 0.449870 0.893093 -0.001292
vn 0.563480 0.821833 -0.084152
vn 0.570407 0.821361 -0.001510
vn 0.563480 0.821833 -0.084152
vn 0.696155 0.710351 -0.103773
vn 0.570407 0.821361 -0.001510
vn 0.570407 0.821361 -0.001510
vn 0.696155 0.710351 -0.103773
vn 0.704443 0.709758 -0.001664
vn 0.444699 0.893398 0.063901
vn 0.570407 0.821361 -0.001510
vn 0.563920 0.821829 0.081187
vn 0.570407 0.821361 -0.001510
vn 0.704443 0.709758 -0.001664
vn 0.563920 0.821829 0.081187
vn 0.704443 0.709758 -0.001664
vn 0.696612 0.710368 0.100548
vn 0.563920 0.821829 0.081187
vn 0.944630 -0.297903 -0.137580
vn 1.000000 0.000000 -0.000015
vn 0.989400 -0.000104 -0.145219
vn 0.944630 -0.297903 -0.137580
vn 0.954761 -0.297372 0.001052
vn 1.000000 0.000000 -0.000015
vn 0.989400 -0.000104 -0.145219
vn 0.954757 0.297384 -0.001013
vn 0.944374 0.297755 -0.139643
vn 0.989400 -0.000104 -0.145219
vn 1.000000 0.000000 -0.000015
vn 0.954757 0.297384 -0.001013
vn 0.944374 0.297755 -0.139643
vn 0.954757 0.297384 -0.001013
vn 0.842021 0.539442 -0.001541
vn 0.954761 -0.297372 0.001052
vn 0.944366 -0.297780 0.139645
vn 0.989394 0.000087 0.145255
vn 0.954761 -0.297372 0.001052
vn 0.989394 0.000087 0.145255
vn 1.000000 0.000000 -0.000015
vn 0.954757 0.297384 -0.001013
vn 0.944645 0.297838 0.137621
vn 0.832916 0.540091 0.120636
vn 1.000000 0.000000 -0.000015
vn 0.944645 0.297838 0.137621
vn 0.954757 0.297384 -0.001013
vn 1.000000 0.000000 -0.000015
vn 0.989394 0.000087 0.145255
vn 0.944645 0.297838 0.137621
vn 0.696155 0.710351 -0.103773
vn 0.832466 0.540075 -0.123774
vn 0.704443 0.709758 -0.001664
vn 0.832466 0.540075 -0.123774
vn 0.842021 0.539442 -0.001541
vn 0.704443 0.709758 -0.001664
vn 0.944374 0.297755 -0.139643
vn 0.842021 0.539442 -0.001541
vn 0.832466 0.540075 -0.123774
vn 0.704443 0.709758 -0.001664
vn 0.842021 0.539442 -0.001541
vn 0.696612 0.710368 0.100548
vn 0.842021 0.539442 -0.001541
vn 0.832916 0.540091 0.120636
vn 0.696612 0.710368 0.100548
vn 0.954757 0.297384 -0.001013
vn 0.832916 0.540091 0.120636
vn 0.842021 0.539442 -0.001541
vn 0.255147 -0.965915 0.043673
vn 0.654474 -0.744426 -0.132264
vn 0.314530 -0.944417 0.095638
vn 0.303990 -0.906418 0.293252
vn 0.694953 -0.646636 0.314486
vn 0.775660 -0.532929 0.338140
vn 0.303990 -0.906418 0.293252
vn 0.775660 -0.532929 0.338140
vn 0.844799 -0.405499 0.349122
vn 0.303990 -0.906418 0.293252
vn 0.746269 -0.524227 0.410206
vn 0.656423 -0.592537 0.466914
vn 0.303990 -0.906418 0.293252
vn 0.844799 -0.405499 0.349122
vn 0.746269 -0.524227 0.410206
vn 0.250625 -0.852991 0.457814
vn 0.574412 -0.560515 0.596552
vn 0.697781 -0.306834 0.647268
vn 0.330336 -0.850146 0.410038
vn 0.659875 -0.435722 0.612137
vn 0.574412 -0.560515 0.596552
vn 0.330336 -0.850146 0.410038
vn 0.574412 -0.560515 0.596552
vn 0.250625 -0.852991 0.457814
vn 0.330336 -0.850146 0.410038
vn 0.656423 -0.592537 0.466914
vn 0.797982 -0.331975 0.503009
vn 0.330336 -0.850146 0.410038
vn 0.303990 -0.906418 0.293252
vn 0.656423 -0.592537 0.466914
vn 0.330336 -0.850146 0.410038
vn 0.709033 -0.445355 0.546746
vn 0.659875 -0.435722 0.612137
vn 0.330336 -0.850146 0.410038
vn 0.797982 -0.331975 0.503009
vn 0.709033 -0.445355 0.546746
vn -0.010245 -0.854192 0.519857
vn 0.079777 -0.532950 0.842378
vn 0.044082 -0.395415 0.917444
vn -0.010245 -0.854192 0.519857
vn 0.074531 -0.858518 0.507339
vn 0.079777 -0.532950 0.842378
vn 0.074531 -0.858518 0.507339
vn 0.094238 -0.247402 0.964319
vn 0.079777 -0.532950 0.842378
vn 0.074531 -0.858518 0.507339
vn 0.149570 -0.398994 0.904673
vn 0.094238 -0.247402 0.964319
vn 0.074531 -0.858518 0.507339
vn 0.239322 -0.254958 0.936868
vn 0.149570 -0.398994 0.904673
vn 0.074531 -0.858518 0.507339
vn 0.235371 -0.400379 0.885606
vn 0.239322 -0.254958 0.936868
vn -0.010245 -0.854192 0.519857
vn -0.002051 -0.735840 0.677152
vn 0.074531 -0.858518 0.507339
vn -0.002051 -0.735840 0.677152
vn -0.002062 -0.568112 0.822949
vn 0.112259 -0.735157 0.668537
vn -0.002051 -0.735840 0.677152
vn 0.112259 -0.735157 0.668537
vn 0.074531 -0.858518 0.507339
vn -0.002062 -0.568112 0.822949
vn 0.136750 -0.567334 0.812054
vn 0.112259 -0.735157 0.668537
vn 0.167702 -0.852521 0.495059
vn 0.413403 -0.267452 0.870384
vn 0.281056 -0.540065 0.793308
vn 0.167702 -0.852521 0.495059
vn 0.396983 -0.408804 0.821756
vn 0.413403 -0.267452 0.870384
vn 0.074531 -0.858518 0.507339
vn 0.260012 -0.398973 0.879326
vn 0.235371 -0.400379 0.885606
vn 0.074531 -0.858518 0.507339
vn 0.281056 -0.540065 0.793308
vn 0.260012 -0.398973 0.879326
vn 0.074531 -0.858518 0.507339
vn 0.167702 -0.852521 0.495059
vn 0.281056 -0.540065 0.793308
vn 0.074531 -0.858518 0.507339
vn 0.112259 -0.735157 0.668537
vn 0.167702 -0.852521 0.495059
vn 0.112259 -0.735157 0.668537
vn 0.223190 -0.733241 0.642296
vn 0.167702 -0.852521 0.495059
vn 0.112259 -0.735157 0.668537
vn 0.136750 -0.567334 0.812054
vn 0.223190 -0.733241 0.642296
vn 0.136750 -0.567334 0.812054
vn 0.158355 -0.317205 0.935042
vn 0.271126 -0.565151 0.779163
vn 0.136750 -0.567334 0.812054
vn 0.271126 -0.565151 0.779163
vn 0.223190 -0.733241 0.642296
vn -0.002062 -0.568112 0.822949
vn -0.001412 -0.317840 0.948143
vn 0.136750 -0.567334 0.812054
vn 0.136750 -0.567334 0.812054
vn -0.001412 -0.317840 0.948143
vn 0.158355 -0.317205 0.935042
vn 0.167702 -0.852521 0.495059
vn 0.420945 -0.545956 0.724388
vn 0.419654 -0.406858 0.811392
vn 0.167702 -0.852521 0.495059
vn 0.419654 -0.406858 0.811392
vn 0.396983 -0.408804 0.821756
vn 0.250625 -0.852991 0.457814
vn 0.540251 -0.420717 0.728784
vn 0.568208 -0.285009 0.771952
vn 0.250625 -0.852991 0.457814
vn 0.568208 -0.285009 0.771952
vn 0.420945 -0.545956 0.724388
vn 0.250625 -0.852991 0.457814
vn 0.602679 -0.429088 0.672802
vn 0.540251 -0.420717 0.728784
vn 0.250625 -0.852991 0.457814
vn 0.697781 -0.306834 0.647268
vn 0.602679 -0.429088 0.672802
vn 0.167702 -0.852521 0.495059
vn 0.250625 -0.852991 0.457814
vn 0.420945 -0.545956 0.724388
vn 0.167702 -0.852521 0.495059
vn 0.223190 -0.733241 0.642296
vn 0.250625 -0.852991 0.457814
vn 0.250625 -0.852991 0.457814
vn 0.223190 -0.733241 0.642296
vn 0.327521 -0.730227 0.599582
vn 0.271126 -0.565151 0.779163
vn 0.158355 -0.317205 0.935042
vn 0.312640 -0.315571 0.895919
vn 0.223190 -0.733241 0.642296
vn 0.271126 -0.565151 0.779163
vn 0.327521 -0.730227 0.599582
vn 0.271126 -0.565151 0.779163
vn 0.312640 -0.315571 0.895919
vn 0.396902 -0.561770 0.725867
vn 0.330336 -0.850146 0.410038
vn 0.250625 -0.852991 0.457814
vn 0.327521 -0.730227 0.599582
vn 0.330336 -0.850146 0.410038
vn 0.327521 -0.730227 0.599582
vn 0.422562 -0.726511 0.541871
vn 0.327521 -0.730227 0.599582
vn 0.396902 -0.561770 0.725867
vn 0.422562 -0.726511 0.541871
vn 0.271126 -0.565151 0.779163
vn 0.396902 -0.561770 0.725867
vn 0.327521 -0.730227 0.599582
vn 0.396902 -0.561770 0.725867
vn 0.312640 -0.315571 0.895919
vn 0.456362 -0.313084 0.832894
vn 0.396902 -0.561770 0.725867
vn 0.456362 -0.313084 0.832894
vn 0.510735 -0.557631 0.654368
vn 0.041316 0.996598 0.071308
vn 0.442796 0.721562 -0.532240
vn 0.334555 0.843267 -0.420682
vn 0.041316 0.996598 0.071308
vn 0.055608 0.995778 0.073040
vn 0.514154 0.719411 -0.467005
vn 0.041316 0.996598 0.071308
vn 0.514154 0.719411 -0.467005
vn 0.442796 0.721562 -0.532240
vn 0.055608 0.995778 0.073040
vn 0.668321 0.703623 -0.241376
vn 0.514154 0.719411 -0.467005
vn 0.073766 0.974023 0.214098
vn 0.386634 0.640641 0.663395
vn 0.490515 0.649809 0.580640
vn 0.073766 0.974023 0.214098
vn 0.490515 0.649809 0.580640
vn 0.591706 0.645876 0.482419
vn 0.063064 0.996438 0.055983
vn 0.114816 0.987829 0.104939
vn 0.055608 0.995778 0.073040
vn 0.063064 0.996438 0.055983
vn 0.071733 0.996355 0.046161
vn 0.131076 0.987548 0.086997
vn 0.055608 0.995778 0.073040
vn 0.087427 0.989644 0.113849
vn 0.668321 0.703623 -0.241376
vn 0.087427 0.989644 0.113849
vn 0.839265 0.543720 -0.001669
vn 0.668321 0.703623 -0.241376
vn 0.055608 0.995778 0.073040
vn 0.114816 0.987829 0.104939
vn 0.087427 0.989644 0.113849
vn 0.071733 0.996355 0.046161
vn 0.144104 0.987298 0.066905
vn 0.131076 0.987548 0.086997
vn 0.063064 0.996438 0.055983
vn 0.131076 0.987548 0.086997
vn 0.114816 0.987829 0.104939
vn 0.079600 0.986258 0.144773
vn 0.707189 0.669856 0.226221
vn 0.571999 0.799613 0.182855
vn 0.079600 0.986258 0.144773
vn 0.677004 0.658569 0.328561
vn 0.707189 0.669856 0.226221
vn 0.087427 0.989644 0.113849
vn 0.571999 0.799613 0.182855
vn 0.839265 0.543720 -0.001669
vn 0.087427 0.989644 0.113849
vn 0.079600 0.986258 0.144773
vn 0.571999 0.799613 0.182855
vn 0.108967 0.973577 0.200684
vn 0.591706 0.645876 0.482419
vn 0.677004 0.658569 0.328561
vn 0.073766 0.974023 0.214098
vn 0.591706 0.645876 0.482419
vn 0.108967 0.973577 0.200684
vn 0.079600 0.986258 0.144773
vn 0.108967 0.973577 0.200684
vn 0.677004 0.658569 0.328561
vn 0.087427 0.989644 0.113849
vn 0.147247 0.971487 0.185825
vn 0.079600 0.986258 0.144773
vn 0.087427 0.989644 0.113849
vn 0.114816 0.987829 0.104939
vn 0.176675 0.970825 0.162127
vn 0.079600 0.986258 0.144773
vn 0.147247 0.971487 0.185825
vn 0.108967 0.973577 0.200684
vn 0.001007 0.974393 0.224849
vn 0.036714 0.974305 0.222222
vn 0.055488 0.946960 0.316525
vn 0.001007 0.974393 0.224849
vn 0.091444 0.638379 0.764271
vn 0.036714 0.974305 0.222222
vn 0.036714 0.974305 0.222222
vn 0.091444 0.638379 0.764271
vn 0.257147 0.645329 0.719323
vn 0.036714 0.974305 0.222222
vn 0.257147 0.645329 0.719323
vn 0.386634 0.640641 0.663395
vn 0.036714 0.974305 0.222222
vn 0.108181 0.946385 0.304389
vn 0.055488 0.946960 0.316525
vn 0.036714 0.974305 0.222222
vn 0.386634 0.640641 0.663395
vn 0.073766 0.974023 0.214098
vn 0.001007 0.974393 0.224849
vn 0.055488 0.946960 0.316525
vn 0.001336 0.947165 0.320744
vn 0.001336 0.947165 0.320744
vn 0.072918 0.905842 0.417293
vn 0.001523 0.906173 0.422905
vn 0.001336 0.947165 0.320744
vn 0.055488 0.946960 0.316525
vn 0.072918 0.905842 0.417293
vn 0.036714 0.974305 0.222222
vn 0.073766 0.974023 0.214098
vn 0.108181 0.946385 0.304389
vn 0.073766 0.974023 0.214098
vn 0.108967 0.973577 0.200684
vn 0.158099 0.945478 0.284739
vn 0.073766 0.974023 0.214098
vn 0.158099 0.945478 0.284739
vn 0.108181 0.946385 0.304389
vn 0.055488 0.946960 0.316525
vn 0.108181 0.946385 0.304389
vn 0.142353 0.904881 0.401155
vn 0.055488 0.946960 0.316525
vn 0.142353 0.904881 0.401155
vn 0.072918 0.905842 0.417293
vn 0.108181 0.946385 0.304389
vn 0.208005 0.903396 0.374980
vn 0.142353 0.904881 0.401155
vn 0.142353 0.904881 0.401155
vn 0.208005 0.903396 0.374980
vn 0.265421 0.836702 0.479042
vn 0.341885 0.833954 0.433169
vn 0.208005 0.903396 0.374980
vn 0.268184 0.901552 0.339530
vn 0.341885 0.833954 0.433169
vn 0.265421 0.836702 0.479042
vn 0.208005 0.903396 0.374980
vn 0.268184 0.901552 0.339530
vn 0.321461 0.899531 0.295816
vn 0.409297 0.830907 0.376922
vn 0.341885 0.833954 0.433169
vn 0.268184 0.901552 0.339530
vn 0.409297 0.830907 0.376922
vn 0.144104 0.987298 0.066905
vn 0.221831 0.969579 0.103476
vn 0.131076 0.987548 0.086997
vn 0.114816 0.987829 0.104939
vn 0.131076 0.987548 0.086997
vn 0.201745 0.970172 0.134410
vn 0.153614 0.987097 0.045185
vn 0.236435 0.969119 0.070053
vn 0.144104 0.987298 0.066905
vn 0.144104 0.987298 0.066905
vn 0.236435 0.969119 0.070053
vn 0.221831 0.969579 0.103476
vn 0.131076 0.987548 0.086997
vn 0.221831 0.969579 0.103476
vn 0.201745 0.970172 0.134410
vn 0.087427 0.989644 0.113849
vn 0.176675 0.970825 0.162127
vn 0.147247 0.971487 0.185825
vn 0.114816 0.987829 0.104939
vn 0.201745 0.970172 0.134410
vn 0.176675 0.970825 0.162127
vn 0.147247 0.971487 0.185825
vn 0.176675 0.970825 0.162127
vn 0.244705 0.943140 0.224958
vn 0.201745 0.970172 0.134410
vn 0.221831 0.969579 0.103476
vn 0.307023 0.940815 0.143544
vn 0.236435 0.969119 0.070053
vn 0.327156 0.939958 0.097200
vn 0.221831 0.969579 0.103476
vn 0.221831 0.969579 0.103476
vn 0.327156 0.939958 0.097200
vn 0.307023 0.940815 0.143544
vn 0.176675 0.970825 0.162127
vn 0.201745 0.970172 0.134410
vn 0.279314 0.941910 0.186518
vn 0.176675 0.970825 0.162127
vn 0.279314 0.941910 0.186518
vn 0.244705 0.943140 0.224958
vn 0.201745 0.970172 0.134410
vn 0.307023 0.940815 0.143544
vn 0.279314 0.941910 0.186518
vn 0.279314 0.941910 0.186518
vn 0.366644 0.897509 0.245051
vn 0.244705 0.943140 0.224958
vn 0.108967 0.973577 0.200684
vn 0.147247 0.971487 0.185825
vn 0.204016 0.944369 0.257965
vn 0.108967 0.973577 0.200684
vn 0.204016 0.944369 0.257965
vn 0.158099 0.945478 0.284739
vn 0.147247 0.971487 0.185825
vn 0.244705 0.943140 0.224958
vn 0.204016 0.944369 0.257965
vn 0.158099 0.945478 0.284739
vn 0.204016 0.944369 0.257965
vn 0.268184 0.901552 0.339530
vn 0.108181 0.946385 0.304389
vn 0.158099 0.945478 0.284739
vn 0.208005 0.903396 0.374980
vn 0.158099 0.945478 0.284739
vn 0.268184 0.901552 0.339530
vn 0.208005 0.903396 0.374980
vn 0.204016 0.944369 0.257965
vn 0.244705 0.943140 0.224958
vn 0.321461 0.899531 0.295816
vn 0.204016 0.944369 0.257965
vn 0.321461 0.899531 0.295816
vn 0.268184 0.901552 0.339530
vn 0.244705 0.943140 0.224958
vn 0.366644 0.897509 0.245051
vn 0.321461 0.899531 0.295816
vn 0.001753 0.840872 0.541232
vn 0.001523 0.906173 0.422905
vn 0.093081 0.840367 0.533965
vn 0.093081 0.840367 0.533965
vn 0.001523 0.906173 0.422905
vn 0.072918 0.905842 0.417293
vn 0.002019 0.568043 0.822996
vn 0.002008 0.735777 0.677221
vn 0.140708 0.567307 0.811396
vn 0.001753 0.840872 0.541232
vn 0.116211 0.735125 0.667897
vn 0.002008 0.735777 0.677221
vn 0.002008 0.735777 0.677221
vn 0.116211 0.735125 0.667897
vn 0.140708 0.567307 0.811396
vn 0.001753 0.840872 0.541232
vn 0.093081 0.840367 0.533965
vn 0.116211 0.735125 0.667897
vn 0.140708 0.567307 0.811396
vn 0.315146 0.315798 0.894960
vn 0.161077 0.317346 0.934530
vn 0.093081 0.840367 0.533965
vn 0.072918 0.905842 0.417293
vn 0.181769 0.838916 0.513010
vn 0.142353 0.904881 0.401155
vn 0.181769 0.838916 0.513010
vn 0.072918 0.905842 0.417293
vn 0.093081 0.840367 0.533965
vn 0.181769 0.838916 0.513010
vn 0.226899 0.733177 0.641068
vn 0.093081 0.840367 0.533965
vn 0.226899 0.733177 0.641068
vn 0.116211 0.735125 0.667897
vn 0.116211 0.735125 0.667897
vn 0.226899 0.733177 0.641068
vn 0.274839 0.565156 0.777858
vn 0.116211 0.735125 0.667897
vn 0.274839 0.565156 0.777858
vn 0.140708 0.567307 0.811396
vn 0.140708 0.567307 0.811396
vn 0.274839 0.565156 0.777858
vn 0.315146 0.315798 0.894960
vn -0.001412 -0.317840 0.948143
vn -0.000015 -0.000015 1.000000
vn 0.158355 -0.317205 0.935042
vn -0.000015 -0.000015 1.000000
vn 0.001373 0.317782 0.948163
vn 0.168428 0.000088 0.985714
vn 0.002019 0.568043 0.822996
vn 0.161077 0.317346 0.934530
vn 0.001373 0.317782 0.948163
vn -0.000015 -0.000015 1.000000
vn 0.168428 0.000088 0.985714
vn 0.158355 -0.317205 0.935042
vn 0.001373 0.317782 0.948163
vn 0.161077 0.317346 0.934530
vn 0.168428 0.000088 0.985714
vn 0.002019 0.568043 0.822996
vn 0.140708 0.567307 0.811396
vn 0.161077 0.317346 0.934530
vn 0.158355 -0.317205 0.935042
vn 0.168428 0.000088 0.985714
vn 0.312640 -0.315571 0.895919
vn 0.168428 0.000088 0.985714
vn 0.161077 0.317346 0.934530
vn 0.330790 0.000175 0.943705
vn 0.312640 -0.315571 0.895919
vn 0.330790 0.000175 0.943705
vn 0.456362 -0.313084 0.832894
vn 0.330790 0.000175 0.943705
vn 0.315146 0.315798 0.894960
vn 0.481752 0.000269 0.876307
vn 0.315146 0.315798 0.894960
vn 0.274839 0.565156 0.777858
vn 0.458620 0.313422 0.831525
vn 0.142353 0.904881 0.401155
vn 0.265421 0.836702 0.479042
vn 0.181769 0.838916 0.513010
vn 0.181769 0.838916 0.513010
vn 0.330970 0.730158 0.597770
vn 0.226899 0.733177 0.641068
vn 0.181769 0.838916 0.513010
vn 0.265421 0.836702 0.479042
vn 0.330970 0.730158 0.597770
vn 0.226899 0.733177 0.641068
vn 0.400246 0.561868 0.723953
vn 0.274839 0.565156 0.777858
vn 0.226899 0.733177 0.641068
vn 0.330970 0.730158 0.597770
vn 0.400246 0.561868 0.723953
vn 0.330790 0.000175 0.943705
vn 0.481752 0.000269 0.876307
vn 0.456362 -0.313084 0.832894
vn 0.315146 0.315798 0.894960
vn 0.458620 0.313422 0.831525
vn 0.481752 0.000269 0.876307
vn 0.456362 -0.313084 0.832894
vn 0.481752 0.000269 0.876307
vn 0.585553 -0.310105 0.748975
vn 0.481752 0.000269 0.876307
vn 0.458620 0.313422 0.831525
vn 0.616906 0.000279 0.787037
vn 0.458620 0.313422 0.831525
vn 0.400246 0.561868 0.723953
vn 0.587431 0.310473 0.747350
vn 0.265421 0.836702 0.479042
vn 0.425569 0.726439 0.539609
vn 0.330970 0.730158 0.597770
vn 0.330970 0.730158 0.597770
vn 0.513605 0.557731 0.652032
vn 0.400246 0.561868 0.723953
vn 0.330970 0.730158 0.597770
vn 0.425569 0.726439 0.539609
vn 0.513605 0.557731 0.652032
vn 0.341885 0.833954 0.433169
vn 0.425569 0.726439 0.539609
vn 0.265421 0.836702 0.479042
vn 0.274839 0.565156 0.777858
vn 0.400246 0.561868 0.723953
vn 0.458620 0.313422 0.831525
vn 0.168428 0.000088 0.985714
vn 0.330790 0.000175 0.943705
vn 0.312640 -0.315571 0.895919
vn 0.161077 0.317346 0.934530
vn 0.315146 0.315798 0.894960
vn 0.330790 0.000175 0.943705
vn 0.314530 -0.944417 0.095638
vn 0.654474 -0.744426 -0.132264
vn 0.876333 -0.442381 -0.190628
vn 0.314530 -0.944417 0.095638
vn 0.876333 -0.442381 -0.190628
vn 0.861589 -0.488450 -0.138133
vn 0.309063 -0.938933 0.151276
vn 0.861589 -0.488450 -0.138133
vn 0.790289 -0.612706 0.005955
vn 0.314530 -0.944417 0.095638
vn 0.861589 -0.488450 -0.138133
vn 0.309063 -0.938933 0.151276
vn 0.338931 -0.939429 0.050975
vn 0.314530 -0.944417 0.095638
vn 0.427975 -0.894361 0.130217
vn 0.314530 -0.944417 0.095638
vn 0.309063 -0.938933 0.151276
vn 0.401397 -0.895779 0.190945
vn 0.314530 -0.944417 0.095638
vn 0.401397 -0.895779 0.190945
vn 0.427975 -0.894361 0.130217
vn 0.309063 -0.938933 0.151276
vn 0.790289 -0.612706 0.005955
vn 0.787630 -0.615888 0.017938
vn 0.309063 -0.938933 0.151276
vn 0.787630 -0.615888 0.017938
vn 0.799679 -0.598763 0.044680
vn 0.309063 -0.938933 0.151276
vn 0.799679 -0.598763 0.044680
vn 0.885230 -0.464548 0.023746
vn 0.309063 -0.938933 0.151276
vn 0.885230 -0.464548 0.023746
vn 0.728107 -0.671205 0.139086
vn 0.309063 -0.938933 0.151276
vn 0.728107 -0.671205 0.139086
vn 0.343071 -0.908406 0.238956
vn 0.343071 -0.908406 0.238956
vn 0.728107 -0.671205 0.139086
vn 0.810615 -0.553642 0.190748
vn 0.309063 -0.938933 0.151276
vn 0.343071 -0.908406 0.238956
vn 0.401397 -0.895779 0.190945
vn 0.338931 -0.939429 0.050975
vn 0.427975 -0.894361 0.130217
vn 0.444242 -0.893433 0.066530
vn 0.444242 -0.893433 0.066530
vn 0.427975 -0.894361 0.130217
vn 0.543188 -0.823207 0.165156
vn 0.427975 -0.894361 0.130217
vn 0.401397 -0.895779 0.190945
vn 0.509978 -0.825310 0.242458
vn 0.401397 -0.895779 0.190945
vn 0.464272 -0.828002 0.314426
vn 0.509978 -0.825310 0.242458
vn 0.427975 -0.894361 0.130217
vn 0.509978 -0.825310 0.242458
vn 0.543188 -0.823207 0.165156
vn 0.343071 -0.908406 0.238956
vn 0.795857 -0.544330 0.265171
vn 0.694953 -0.646636 0.314486
vn 0.303990 -0.906418 0.293252
vn 0.343071 -0.908406 0.238956
vn 0.694953 -0.646636 0.314486
vn 0.343071 -0.908406 0.238956
vn 0.810615 -0.553642 0.190748
vn 0.880922 -0.434924 0.186593
vn 0.343071 -0.908406 0.238956
vn 0.880922 -0.434924 0.186593
vn 0.795857 -0.544330 0.265171
vn 0.303990 -0.906418 0.293252
vn 0.406948 -0.830997 0.379260
vn 0.343071 -0.908406 0.238956
vn 0.401397 -0.895779 0.190945
vn 0.343071 -0.908406 0.238956
vn 0.464272 -0.828002 0.314426
vn 0.343071 -0.908406 0.238956
vn 0.406948 -0.830997 0.379260
vn 0.464272 -0.828002 0.314426
vn 0.330336 -0.850146 0.410038
vn 0.406948 -0.830997 0.379260
vn 0.303990 -0.906418 0.293252
vn 0.330336 -0.850146 0.410038
vn 0.422562 -0.726511 0.541871
vn 0.406948 -0.830997 0.379260
vn 0.406948 -0.830997 0.379260
vn 0.505964 -0.722468 0.471211
vn 0.464272 -0.828002 0.314426
vn 0.406948 -0.830997 0.379260
vn 0.422562 -0.726511 0.541871
vn 0.505964 -0.722468 0.471211
vn 0.509978 -0.825310 0.242458
vn 0.464272 -0.828002 0.314426
vn 0.576046 -0.718483 0.389813
vn 0.509978 -0.825310 0.242458
vn 0.576046 -0.718483 0.389813
vn 0.631553 -0.714916 0.300061
vn 0.464272 -0.828002 0.314426
vn 0.505964 -0.722468 0.471211
vn 0.576046 -0.718483 0.389813
vn 0.576046 -0.718483 0.389813
vn 0.505964 -0.722468 0.471211
vn 0.609856 -0.553135 0.567553
vn 0.576046 -0.718483 0.389813
vn 0.609856 -0.553135 0.567553
vn 0.692509 -0.548774 0.468272
vn 0.609856 -0.553135 0.567553
vn 0.697257 -0.306898 0.647801
vn 0.692509 -0.548774 0.468272
vn 0.444242 -0.893433 0.066530
vn 0.543188 -0.823207 0.165156
vn 0.563440 -0.821850 0.084246
vn 0.563440 -0.821850 0.084246
vn 0.543188 -0.823207 0.165156
vn 0.671745 -0.712159 0.203934
vn 0.563440 -0.821850 0.084246
vn 0.671745 -0.712159 0.203934
vn 0.696105 -0.710393 0.103822
vn 0.543188 -0.823207 0.165156
vn 0.631553 -0.714916 0.300061
vn 0.671745 -0.712159 0.203934
vn 0.509978 -0.825310 0.242458
vn 0.631553 -0.714916 0.300061
vn 0.543188 -0.823207 0.165156
vn 0.671745 -0.712159 0.203934
vn 0.631553 -0.714916 0.300061
vn 0.757507 -0.544946 0.359468
vn 0.671745 -0.712159 0.203934
vn 0.757507 -0.544946 0.359468
vn 0.804243 -0.541961 0.243867
vn 0.671745 -0.712159 0.203934
vn 0.804243 -0.541961 0.243867
vn 0.696105 -0.710393 0.103822
vn 0.696105 -0.710393 0.103822
vn 0.804243 -0.541961 0.243867
vn 0.832448 -0.540102 0.123775
vn 0.832448 -0.540102 0.123775
vn 0.804243 -0.541961 0.243867
vn 0.913414 -0.299035 0.276139
vn 0.832448 -0.540102 0.123775
vn 0.913414 -0.299035 0.276139
vn 0.944366 -0.297780 0.139645
vn 0.804243 -0.541961 0.243867
vn 0.757507 -0.544946 0.359468
vn 0.861817 -0.301081 0.408194
vn 0.804243 -0.541961 0.243867
vn 0.861817 -0.301081 0.408194
vn 0.913414 -0.299035 0.276139
vn 0.576046 -0.718483 0.389813
vn 0.692509 -0.548774 0.468272
vn 0.631553 -0.714916 0.300061
vn 0.631553 -0.714916 0.300061
vn 0.692509 -0.548774 0.468272
vn 0.757507 -0.544946 0.359468
vn 0.757507 -0.544946 0.359468
vn 0.692509 -0.548774 0.468272
vn 0.789665 -0.303809 0.533037
vn 0.757507 -0.544946 0.359468
vn 0.789665 -0.303809 0.533037
vn 0.861817 -0.301081 0.408194
vn 0.692509 -0.548774 0.468272
vn 0.697257 -0.306898 0.647801
vn 0.789665 -0.303809 0.533037
vn 0.396902 -0.561770 0.725867
vn 0.510735 -0.557631 0.654368
vn 0.422562 -0.726511 0.541871
vn 0.505964 -0.722468 0.471211
vn 0.422562 -0.726511 0.541871
vn 0.510735 -0.557631 0.654368
vn 0.505964 -0.722468 0.471211
vn 0.510735 -0.557631 0.654368
vn 0.609856 -0.553135 0.567553
vn 0.609856 -0.553135 0.567553
vn 0.510735 -0.557631 0.654368
vn 0.585553 -0.310105 0.748975
vn 0.456362 -0.313084 0.832894
vn 0.585553 -0.310105 0.748975
vn 0.510735 -0.557631 0.654368
vn 0.609856 -0.553135 0.567553
vn 0.585553 -0.310105 0.748975
vn 0.697257 -0.306898 0.647801
vn 0.444699 0.893398 0.063901
vn 0.563920 0.821829 0.081187
vn 0.428876 0.894302 0.127625
vn 0.428876 0.894302 0.127625
vn 0.563920 0.821829 0.081187
vn 0.544191 0.823136 0.162181
vn 0.511395 0.825241 0.239690
vn 0.366644 0.897509 0.245051
vn 0.402657 0.895727 0.188520
vn 0.428876 0.894302 0.127625
vn 0.544191 0.823136 0.162181
vn 0.402657 0.895727 0.188520
vn 0.511395 0.825241 0.239690
vn 0.402657 0.895727 0.188520
vn 0.544191 0.823136 0.162181
vn 0.466194 0.827927 0.311768
vn 0.321461 0.899531 0.295816
vn 0.366644 0.897509 0.245051
vn 0.409297 0.830907 0.376922
vn 0.321461 0.899531 0.295816
vn 0.466194 0.827927 0.311768
vn 0.341885 0.833954 0.433169
vn 0.409297 0.830907 0.376922
vn 0.508457 0.722400 0.468625
vn 0.341885 0.833954 0.433169
vn 0.508457 0.722400 0.468625
vn 0.425569 0.726439 0.539609
vn 0.508457 0.722400 0.468625
vn 0.612221 0.553288 0.564853
vn 0.425569 0.726439 0.539609
vn 0.789665 -0.303809 0.533037
vn 0.697257 -0.306898 0.647801
vn 0.733428 0.000280 0.679767
vn 0.829463 0.000275 0.558561
vn 0.733428 0.000280 0.679767
vn 0.698751 0.307265 0.646015
vn 0.612221 0.553288 0.564853
vn 0.790813 0.304182 0.531121
vn 0.698751 0.307265 0.646015
vn 0.511395 0.825241 0.239690
vn 0.466194 0.827927 0.311768
vn 0.366644 0.897509 0.245051
vn 0.409297 0.830907 0.376922
vn 0.466194 0.827927 0.311768
vn 0.578048 0.718405 0.386983
vn 0.511395 0.825241 0.239690
vn 0.633071 0.714894 0.296896
vn 0.466194 0.827927 0.311768
vn 0.466194 0.827927 0.311768
vn 0.633071 0.714894 0.296896
vn 0.578048 0.718405 0.386983
vn 0.409297 0.830907 0.376922
vn 0.578048 0.718405 0.386983
vn 0.508457 0.722400 0.468625
vn 0.578048 0.718405 0.386983
vn 0.694331 0.548900 0.465417
vn 0.508457 0.722400 0.468625
vn 0.612221 0.553288 0.564853
vn 0.694331 0.548900 0.465417
vn 0.790813 0.304182 0.531121
vn 0.508457 0.722400 0.468625
vn 0.694331 0.548900 0.465417
vn 0.612221 0.553288 0.564853
vn 0.339356 0.939402 0.048589
vn 0.327156 0.939958 0.097200
vn 0.236435 0.969119 0.070053
vn 0.339356 0.939402 0.048589
vn 0.444699 0.893398 0.063901
vn 0.327156 0.939958 0.097200
vn 0.327156 0.939958 0.097200
vn 0.428876 0.894302 0.127625
vn 0.307023 0.940815 0.143544
vn 0.279314 0.941910 0.186518
vn 0.307023 0.940815 0.143544
vn 0.402657 0.895727 0.188520
vn 0.279314 0.941910 0.186518
vn 0.402657 0.895727 0.188520
vn 0.366644 0.897509 0.245051
vn 0.307023 0.940815 0.143544
vn 0.428876 0.894302 0.127625
vn 0.402657 0.895727 0.188520
vn 0.444699 0.893398 0.063901
vn 0.428876 0.894302 0.127625
vn 0.327156 0.939958 0.097200
vn 0.563920 0.821829 0.081187
vn 0.696612 0.710368 0.100548
vn 0.544191 0.823136 0.162181
vn 0.544191 0.823136 0.162181
vn 0.696612 0.710368 0.100548
vn 0.672738 0.712127 0.200745
vn 0.511395 0.825241 0.239690
vn 0.544191 0.823136 0.162181
vn 0.672738 0.712127 0.200745
vn 0.511395 0.825241 0.239690
vn 0.672738 0.712127 0.200745
vn 0.633071 0.714894 0.296896
vn 0.672738 0.712127 0.200745
vn 0.805133 0.542045 0.240723
vn 0.633071 0.714894 0.296896
vn 0.805133 0.542045 0.240723
vn 0.758869 0.545039 0.356442
vn 0.633071 0.714894 0.296896
vn 0.944366 -0.297780 0.139645
vn 0.913414 -0.299035 0.276139
vn 0.957529 0.000171 0.288337
vn 0.944366 -0.297780 0.139645
vn 0.957529 0.000171 0.288337
vn 0.989394 0.000087 0.145255
vn 0.989394 0.000087 0.145255
vn 0.913953 0.299234 0.274134
vn 0.944645 0.297838 0.137621
vn 0.989394 0.000087 0.145255
vn 0.957529 0.000171 0.288337
vn 0.913953 0.299234 0.274134
vn 0.944645 0.297838 0.137621
vn 0.913953 0.299234 0.274134
vn 0.805133 0.542045 0.240723
vn 0.913414 -0.299035 0.276139
vn 0.904227 0.000223 0.427052
vn 0.957529 0.000171 0.288337
vn 0.913953 0.299234 0.274134
vn 0.862676 0.301392 0.406144
vn 0.758869 0.545039 0.356442
vn 0.957529 0.000171 0.288337
vn 0.862676 0.301392 0.406144
vn 0.913953 0.299234 0.274134
vn 0.672738 0.712127 0.200745
vn 0.832916 0.540091 0.120636
vn 0.805133 0.542045 0.240723
vn 0.672738 0.712127 0.200745
vn 0.696612 0.710368 0.100548
vn 0.832916 0.540091 0.120636
vn 0.944645 0.297838 0.137621
vn 0.805133 0.542045 0.240723
vn 0.832916 0.540091 0.120636
vn 0.913953 0.299234 0.274134
vn 0.758869 0.545039 0.356442
vn 0.805133 0.542045 0.240723
vn 0.829463 0.000275 0.558561
vn 0.904227 0.000223 0.427052
vn 0.861817 -0.301081 0.408194
vn 0.790813 0.304182 0.531121
vn 0.694331 0.548900 0.465417
vn 0.862676 0.301392 0.406144
vn 0.790813 0.304182 0.531121
vn 0.862676 0.301392 0.406144
vn 0.904227 0.000223 0.427052
vn 0.789665 -0.303809 0.533037
vn 0.733428 0.000280 0.679767
vn 0.829463 0.000275 0.558561
vn 0.829463 0.000275 0.558561
vn 0.698751 0.307265 0.646015
vn 0.790813 0.304182 0.531121
vn 0.789665 -0.303809 0.533037
vn 0.829463 0.000275 0.558561
vn 0.861817 -0.301081 0.408194
vn 0.829463 0.000275 0.558561
vn 0.790813 0.304182 0.531121
vn 0.904227 0.000223 0.427052
vn 0.578048 0.718405 0.386983
vn 0.633071 0.714894 0.296896
vn 0.758869 0.545039 0.356442
vn 0.578048 0.718405 0.386983
vn 0.758869 0.545039 0.356442
vn 0.694331 0.548900 0.465417
vn 0.758869 0.545039 0.356442
vn 0.862676 0.301392 0.406144
vn 0.694331 0.548900 0.465417
vn 0.913414 -0.299035 0.276139
vn 0.861817 -0.301081 0.408194
vn 0.904227 0.000223 0.427052
vn 0.957529 0.000171 0.288337
vn 0.904227 0.000223 0.427052
vn 0.862676 0.301392 0.406144
vn 0.585553 -0.310105 0.748975
vn 0.616906 0.000279 0.787037
vn 0.697257 -0.306898 0.647801
vn 0.587431 0.310473 0.747350
vn 0.513605 0.557731 0.652032
vn 0.698751 0.307265 0.646015
vn 0.481752 0.000269 0.876307
vn 0.616906 0.000279 0.787037
vn 0.585553 -0.310105 0.748975
vn 0.458620 0.313422 0.831525
vn 0.587431 0.310473 0.747350
vn 0.616906 0.000279 0.787037
vn 0.400246 0.561868 0.723953
vn 0.513605 0.557731 0.652032
vn 0.587431 0.310473 0.747350
vn 0.612221 0.553288 0.564853
vn 0.513605 0.557731 0.652032
vn 0.425569 0.726439 0.539609
vn 0.616906 0.000279 0.787037
vn 0.733428 0.000280 0.679767
vn 0.697257 -0.306898 0.647801
vn 0.587431 0.310473 0.747350
vn 0.698751 0.307265 0.646015
vn 0.733428 0.000280 0.679767
vn 0.616906 0.000279 0.787037
vn 0.587431 0.310473 0.747350
vn 0.733428 0.000280 0.679767
vn 0.612221 0.553288 0.564853
vn 0.698751 0.307265 0.646015
vn 0.513605 0.557731 0.652032
vn -0.671454 -0.191741 -0.715811
vn -0.508956 -0.719018 -0.473262
vn -0.512216 -0.721459 -0.465974
vn -0.671454 -0.191741 -0.715811
vn -0.486713 -0.729422 -0.480680
vn -0.406615 -0.852103 -0.329523
vn -0.671454 -0.191741 -0.715811
vn -0.406615 -0.852103 -0.329523
vn -0.508956 -0.719018 -0.473262
vn -0.671454 -0.191741 -0.715811
vn -0.486035 -0.644108 -0.590673
vn -0.486713 -0.729422 -0.480680
vn -0.492779 -0.225153 -0.840521
vn -0.363931 -0.756298 -0.543662
vn -0.486035 -0.644108 -0.590673
vn -0.492779 -0.225153 -0.840521
vn -0.312909 -0.839830 -0.443592
vn -0.363931 -0.756298 -0.543662
vn -0.492779 -0.225153 -0.840521
vn -0.358790 -0.753064 -0.551511
vn -0.312909 -0.839830 -0.443592
vn -0.492779 -0.225153 -0.840521
vn -0.306221 -0.836942 -0.453605
vn -0.358790 -0.753064 -0.551511
vn -0.492779 -0.225153 -0.840521
vn -0.422418 -0.458139 -0.782094
vn -0.352292 -0.750534 -0.559097
vn -0.492779 -0.225153 -0.840521
vn -0.352292 -0.750534 -0.559097
vn -0.306221 -0.836942 -0.453605
vn -0.308892 -0.246151 -0.918692
vn -0.240553 -0.761017 -0.602484
vn -0.422418 -0.458139 -0.782094
vn -0.308892 -0.246151 -0.918692
vn -0.209446 -0.842131 -0.496938
vn -0.240553 -0.761017 -0.602484
vn -0.308892 -0.246151 -0.918692
vn -0.228571 -0.757289 -0.611775
vn -0.232928 -0.758310 -0.608860
vn -0.308892 -0.246151 -0.918692
vn -0.232928 -0.758310 -0.608860
vn -0.209446 -0.842131 -0.496938
vn -0.308892 -0.246151 -0.918692
vn -0.224222 -0.756250 -0.614663
vn -0.196384 -0.839068 -0.507344
vn -0.308892 -0.246151 -0.918692
vn -0.196384 -0.839068 -0.507344
vn -0.228571 -0.757289 -0.611775
vn -0.308892 -0.246151 -0.918692
vn -0.188866 -0.838160 -0.511682
vn -0.224222 -0.756250 -0.614663
vn -0.308892 -0.246151 -0.918692
vn -0.248266 -0.471442 -0.846231
vn -0.188866 -0.838160 -0.511682
vn -0.117422 -0.256984 -0.959256
vn -0.097551 -0.760588 -0.641865
vn -0.248266 -0.471442 -0.846231
vn -0.117422 -0.256984 -0.959256
vn -0.092390 -0.759800 -0.643559
vn -0.097551 -0.760588 -0.641865
vn -0.117422 -0.256984 -0.959256
vn -0.080098 -0.840411 -0.535997
vn -0.092390 -0.759800 -0.643559
vn -0.117422 -0.256984 -0.959256
vn -0.081716 -0.758535 -0.646488
vn -0.080098 -0.840411 -0.535997
vn -0.117422 -0.256984 -0.959256
vn -0.067158 -0.839477 -0.539229
vn -0.081716 -0.758535 -0.646488
vn -0.117422 -0.256984 -0.959256
vn -0.070682 -0.757989 -0.648427
vn -0.067158 -0.839477 -0.539229
vn -0.117422 -0.256984 -0.959256
vn -0.053789 -0.839262 -0.541060
vn -0.070682 -0.757989 -0.648427
vn -0.117422 -0.256984 -0.959256
vn -0.080859 -0.594019 -0.800377
vn -0.053789 -0.839262 -0.541060
vn -0.032518 -0.758568 -0.650782
vn -0.080859 -0.594019 -0.800377
vn -0.054429 -0.216194 -0.974832
vn -0.971683 -0.061153 -0.228239
vn -0.973239 -0.102619 -0.205610
vn -0.974085 -0.045373 -0.221583
vn -0.971683 -0.061153 -0.228239
vn -0.979944 -0.118815 -0.159976
vn -0.973239 -0.102619 -0.205610
vn -0.000019 -0.965937 0.258776
vn -0.000019 -0.965937 0.258776
vn -0.000019 -0.965937 0.258776
vn -0.000019 -0.965937 0.258776
vn -0.000019 -0.965937 0.258776
vn -0.000019 -0.965937 0.258776
vn -0.000019 -0.965937 0.258776
vn -0.000019 -0.965937 0.258776
vn -0.000019 -0.965937 0.258776
vn -0.000131 -0.965942 0.258759
vn -0.000131 -0.965942 0.258759
vn -0.000131 -0.965942 0.258759
vn -0.000019 -0.965926 0.258820
vn -0.000019 -0.965926 0.258820
vn -0.000019 -0.965926 0.258820
vn -0.000019 -0.965937 0.258776
vn -0.000019 -0.965937 0.258776
vn -0.000019 -0.965937 0.258776
vn -0.000019 -0.965937 0.258776
vn -0.000019 -0.965937 0.258776
vn -0.000019 -0.965937 0.258776
vn -0.000019 -0.965937 0.258776
vn -0.000019 -0.965937 0.258776
vn -0.000019 -0.965937 0.258776
vn -0.000019 -0.965937 0.258776
vn -0.000019 -0.965937 0.258776
vn -0.000019 -0.965937 0.258776
vn -0.942830 0.027304 -0.332154
vn -0.887065 -0.392180 -0.243538
vn -0.962189 0.006743 -0.272300
vn -0.971683 -0.061153 -0.228239
vn -0.974085 -0.045373 -0.221583
vn -0.817372 -0.554629 -0.155851
vn -0.974085 -0.045373 -0.221583
vn -0.962189 0.006743 -0.272300
vn -0.817372 -0.554629 -0.155851
vn -0.971683 -0.061153 -0.228239
vn -0.790305 -0.612685 0.005912
vn -0.999109 -0.010903 -0.040774
vn -0.999109 -0.010903 -0.040774
vn -0.888564 -0.429302 0.161719
vn -0.986661 0.042113 0.157250
vn -0.971683 -0.061153 -0.228239
vn -0.817372 -0.554629 -0.155851
vn -0.761162 -0.639300 -0.109215
vn -0.971683 -0.061153 -0.228239
vn -0.761162 -0.639300 -0.109215
vn -0.777135 -0.627184 -0.051976
vn -0.971683 -0.061153 -0.228239
vn -0.777135 -0.627184 -0.051976
vn -0.790305 -0.612685 0.005912
vn -0.999109 -0.010903 -0.040774
vn -0.787647 -0.615867 0.017894
vn -0.784808 -0.619012 0.029996
vn -0.999109 -0.010903 -0.040774
vn -0.784808 -0.619012 0.029996
vn -0.712338 -0.697047 0.081849
vn -0.999109 -0.010903 -0.040774
vn -0.790305 -0.612685 0.005912
vn -0.787647 -0.615867 0.017894
vn -0.999109 -0.010903 -0.040774
vn -0.712338 -0.697047 0.081849
vn -0.816566 -0.565244 0.117129
vn -0.999109 -0.010903 -0.040774
vn -0.816566 -0.565244 0.117129
vn -0.888564 -0.429302 0.161719
vn -0.986661 0.042113 0.157250
vn -0.888564 -0.429302 0.161719
vn -0.728663 -0.659385 0.185100
vn -0.986661 0.042113 0.157250
vn -0.728663 -0.659385 0.185100
vn -0.810638 -0.553626 0.190695
vn -0.986661 0.042113 0.157250
vn -0.810638 -0.553626 0.190695
vn -0.795886 -0.544316 0.265116
vn -0.986661 0.042113 0.157250
vn -0.795886 -0.544316 0.265116
vn -0.784531 -0.529207 0.323189
vn -0.986661 0.042113 0.157250
vn -0.784531 -0.529207 0.323189
vn -0.929171 0.095669 0.357056
vn -0.000019 -0.965937 0.258776
vn -0.000019 -0.965937 0.258776
vn -0.000019 -0.965937 0.258776
vn -0.000019 -0.965937 0.258776
vn -0.000019 -0.965937 0.258776
vn -0.000019 -0.965937 0.258776
vn -0.000019 -0.965937 0.258776
vn -0.000019 -0.965937 0.258776
vn -0.000019 -0.965937 0.258776
vn -0.000019 -0.965926 0.258820
vn -0.000019 -0.965926 0.258820
vn -0.000019 -0.965926 0.258820
vn -0.000093 -0.965944 0.258750
vn -0.000093 -0.965944 0.258750
vn -0.000093 -0.965944 0.258750
vn -0.000019 -0.965926 0.258820
vn -0.000019 -0.965926 0.258820
vn -0.000019 -0.965926 0.258820
vn 0.000019 -0.965926 0.258820
vn 0.000019 -0.965926 0.258820
vn 0.000019 -0.965926 0.258820
vn -0.000019 -0.965937 0.258776
vn -0.000019 -0.965937 0.258776
vn -0.000019 -0.965937 0.258776
vn -0.000019 -0.965937 0.258776
vn -0.000019 -0.965937 0.258776
vn -0.000019 -0.965937 0.258776
vn -0.906918 -0.109039 -0.406952
vn -0.945729 -0.045313 -0.321780
vn -0.927478 -0.115993 -0.355430
vn -0.000019 -0.965926 0.258820
vn -0.000019 -0.965926 0.258820
vn -0.000019 -0.965926 0.258820
vn -0.000131 -0.965977 0.258627
vn -0.000131 -0.965977 0.258627
vn -0.000131 -0.965977 0.258627
vn -0.000019 -0.965937 0.258776
vn -0.000019 -0.965937 0.258776
vn -0.000019 -0.965937 0.258776
vn -0.000019 -0.965937 0.258776
vn -0.000019 -0.965937 0.258776
vn -0.000019 -0.965937 0.258776
vn 0.000019 -0.965914 0.258864
vn 0.000019 -0.965914 0.258864
vn 0.000019 -0.965914 0.258864
vn -0.000019 -0.965914 0.258864
vn -0.000019 -0.965914 0.258864
vn -0.000019 -0.965914 0.258864
vn -0.000019 -0.965937 0.258776
vn -0.000019 -0.965937 0.258776
vn -0.000019 -0.965937 0.258776
vn -0.000019 -0.965937 0.258776
vn -0.000019 -0.965937 0.258776
vn -0.000019 -0.965937 0.258776
vn -0.000019 -0.965937 0.258776
vn -0.000019 -0.965937 0.258776
vn -0.000019 -0.965937 0.258776
vn -0.000019 -0.965937 0.258776
vn -0.000019 -0.965937 0.258776
vn -0.000019 -0.965937 0.258776
vn -0.000019 -0.965937 0.258776
vn -0.000019 -0.965937 0.258776
vn -0.000019 -0.965937 0.258776
vn -0.000019 -0.965937 0.258776
vn -0.000019 -0.965937 0.258776
vn -0.000019 -0.965937 0.258776
vn -0.000019 -0.965937 0.258776
vn -0.000019 -0.965937 0.258776
vn -0.000019 -0.965937 0.258776
vn -0.000019 -0.965937 0.258776
vn -0.000019 -0.965937 0.258776
vn -0.000019 -0.965937 0.258776
vn -0.000019 -0.965937 0.258776
vn -0.000019 -0.965937 0.258776
vn -0.000019 -0.965937 0.258776
vn -0.000019 -0.965937 0.258776
vn -0.000019 -0.965937 0.258776
vn -0.000019 -0.965937 0.258776
vn -0.000019 -0.965937 0.258776
vn -0.000019 -0.965937 0.258776
vn -0.000019 -0.965937 0.258776
vn -0.000056 -0.965923 0.258829
vn -0.000056 -0.965923 0.258829
vn -0.000056 -0.965923 0.258829
vn -0.000019 -0.965926 0.258820
vn -0.000019 -0.965926 0.258820
vn -0.000019 -0.965926 0.258820
vn -0.000019 -0.965937 0.258776
vn -0.000019 -0.965937 0.258776
vn -0.000019 -0.965937 0.258776
vn -0.000019 -0.965937 0.258776
vn -0.000019 -0.965937 0.258776
vn -0.000019 -0.965937 0.258776
vn -0.002806 -0.963398 0.268059
vn -0.002806 -0.963398 0.268059
vn -0.002806 -0.963398 0.268059
vn 0.000056 -0.965994 0.258564
vn 0.000056 -0.965994 0.258564
vn 0.000056 -0.965994 0.258564
vn 0.000019 -0.965961 0.258687
vn 0.000019 -0.965961 0.258687
vn 0.000019 -0.965961 0.258687
vn -0.000019 -0.965937 0.258776
vn -0.000019 -0.965937 0.258776
vn -0.000019 -0.965937 0.258776
vn -0.000019 -0.965937 0.258776
vn -0.000019 -0.965937 0.258776
vn -0.000019 -0.965937 0.258776
vn -0.000019 -0.965937 0.258776
vn -0.000019 -0.965937 0.258776
vn -0.000019 -0.965937 0.258776
vn 0.000019 -0.965937 0.258776
vn 0.000019 -0.965937 0.258776
vn 0.000019 -0.965937 0.258776
vn -0.906918 -0.109039 -0.406952
vn -0.812762 -0.150777 -0.562747
vn -0.751208 -0.572181 -0.329082
vn -0.812762 -0.150777 -0.562747
vn -0.671454 -0.191741 -0.715811
vn -0.662369 -0.595793 -0.454200
vn -0.671454 -0.191741 -0.715811
vn -0.492779 -0.225153 -0.840521
vn -0.486035 -0.644108 -0.590673
vn -0.492779 -0.225153 -0.840521
vn -0.552816 -0.169563 -0.815869
vn -0.422418 -0.458139 -0.782094
vn -0.906918 -0.109039 -0.406952
vn -0.887065 -0.392180 -0.243538
vn -0.945729 -0.045313 -0.321780
vn -0.945729 -0.045313 -0.321780
vn -0.887065 -0.392180 -0.243538
vn -0.942830 0.027304 -0.332154
vn -0.906918 -0.109039 -0.406952
vn -0.695350 -0.674311 -0.248583
vn -0.634284 -0.753201 -0.174276
vn -0.812762 -0.150777 -0.562747
vn -0.640099 -0.697244 -0.322684
vn -0.751208 -0.572181 -0.329082
vn -0.906918 -0.109039 -0.406952
vn -0.584043 -0.784991 -0.206598
vn -0.695350 -0.674311 -0.248583
vn -0.906918 -0.109039 -0.406952
vn -0.751208 -0.572181 -0.329082
vn -0.584043 -0.784991 -0.206598
vn -0.812762 -0.150777 -0.562747
vn -0.603176 -0.706721 -0.369763
vn -0.640099 -0.697244 -0.322684
vn -0.812762 -0.150777 -0.562747
vn -0.524881 -0.795691 -0.302284
vn -0.603176 -0.706721 -0.369763
vn -0.812762 -0.150777 -0.562747
vn -0.662369 -0.595793 -0.454200
vn -0.524881 -0.795691 -0.302284
vn -0.906918 -0.109039 -0.406952
vn -0.634284 -0.753201 -0.174276
vn -0.887065 -0.392180 -0.243538
vn -0.962189 0.006743 -0.272300
vn -0.887065 -0.392180 -0.243538
vn -0.817372 -0.554629 -0.155851
vn -0.671454 -0.191741 -0.715811
vn -0.512216 -0.721459 -0.465974
vn -0.556570 -0.712987 -0.426472
vn -0.671454 -0.191741 -0.715811
vn -0.556570 -0.712987 -0.426472
vn -0.662369 -0.595793 -0.454200
vn -0.484073 -0.179776 -0.856361
vn -0.422418 -0.458139 -0.782094
vn -0.552816 -0.169563 -0.815869
vn -0.484073 -0.179776 -0.856361
vn -0.426570 -0.179309 -0.886502
vn -0.422418 -0.458139 -0.782094
vn -0.426570 -0.179309 -0.886502
vn -0.426570 -0.179309 -0.886502
vn -0.422418 -0.458139 -0.782094
vn -0.308892 -0.246151 -0.918692
vn -0.422418 -0.458139 -0.782094
vn -0.426570 -0.179309 -0.886502
vn -0.308892 -0.246151 -0.918692
vn -0.344669 -0.177159 -0.921856
vn -0.248266 -0.471442 -0.846231
vn -0.274034 -0.189686 -0.942828
vn -0.248266 -0.471442 -0.846231
vn -0.344669 -0.177159 -0.921856
vn -0.274034 -0.189686 -0.942828
vn -0.210967 -0.189560 -0.958937
vn -0.248266 -0.471442 -0.846231
vn -0.117422 -0.256984 -0.959256
vn -0.248266 -0.471442 -0.846231
vn -0.194751 -0.177614 -0.964637
vn -0.210967 -0.189560 -0.958937
vn -0.194751 -0.177614 -0.964637
vn -0.248266 -0.471442 -0.846231
vn -0.117422 -0.256984 -0.959256
vn -0.113950 -0.193894 -0.974382
vn -0.080859 -0.594019 -0.800377
vn -0.054429 -0.216194 -0.974832
vn -0.080859 -0.594019 -0.800377
vn -0.113950 -0.193894 -0.974382
vn -0.929171 0.095669 0.357056
vn -0.798020 -0.331970 0.502952
vn -0.820387 0.147973 0.552331
vn -0.820387 0.147973 0.552331
vn -0.697829 -0.306833 0.647215
vn -0.720916 0.179325 0.669420
vn -0.720916 0.179325 0.669420
vn -0.599273 -0.281960 0.749247
vn -0.582584 0.210327 0.785085
vn -0.582584 0.210327 0.785085
vn -0.449054 -0.265127 0.853263
vn -0.412791 0.235697 0.879801
vn -0.412791 0.235697 0.879801
vn -0.278281 -0.253406 0.926469
vn -0.227169 0.252041 0.940675
vn -0.227169 0.252041 0.940675
vn -0.094281 -0.247410 0.964313
vn 0.016379 0.258754 0.965805
vn -0.929171 0.095669 0.357056
vn -0.784531 -0.529207 0.323189
vn -0.775693 -0.532917 0.338083
vn -0.929171 0.095669 0.357056
vn -0.775693 -0.532917 0.338083
vn -0.766463 -0.536557 0.353046
vn -0.929171 0.095669 0.357056
vn -0.766463 -0.536557 0.353046
vn -0.746307 -0.524218 0.410147
vn -0.929171 0.095669 0.357056
vn -0.746307 -0.524218 0.410147
vn -0.656469 -0.592532 0.466857
vn -0.929171 0.095669 0.357056
vn -0.656469 -0.592532 0.466857
vn -0.798020 -0.331970 0.502952
vn -0.820387 0.147973 0.552331
vn -0.798020 -0.331970 0.502952
vn -0.641863 -0.563509 0.520067
vn -0.820387 0.147973 0.552331
vn -0.641863 -0.563509 0.520067
vn -0.659926 -0.435720 0.612083
vn -0.820387 0.147973 0.552331
vn -0.659926 -0.435720 0.612083
vn -0.697829 -0.306833 0.647215
vn -0.720916 0.179325 0.669420
vn -0.697829 -0.306833 0.647215
vn -0.642755 -0.438215 0.628358
vn -0.642755 -0.438215 0.628358
vn -0.542559 -0.553844 0.631575
vn -0.720916 0.179325 0.669420
vn -0.720916 0.179325 0.669420
vn -0.542559 -0.553844 0.631575
vn -0.599273 -0.281960 0.749247
vn -0.582584 0.210327 0.785085
vn -0.599273 -0.281960 0.749247
vn -0.540308 -0.420721 0.728739
vn -0.582584 0.210327 0.785085
vn -0.540308 -0.420721 0.728739
vn -0.519957 -0.422820 0.742205
vn -0.582584 0.210327 0.785085
vn -0.519957 -0.422820 0.742205
vn -0.421003 -0.545964 0.724348
vn -0.582584 0.210327 0.785085
vn -0.421003 -0.545964 0.724348
vn -0.449054 -0.265127 0.853263
vn -0.412791 0.235697 0.879801
vn -0.449054 -0.265127 0.853263
vn -0.397041 -0.408813 0.821724
vn -0.412791 0.235697 0.879801
vn -0.397041 -0.408813 0.821724
vn -0.374028 -0.410477 0.831632
vn -0.412791 0.235697 0.879801
vn -0.374028 -0.410477 0.831632
vn -0.281116 -0.540134 0.793239
vn -0.412791 0.235697 0.879801
vn -0.281116 -0.540134 0.793239
vn -0.278281 -0.253406 0.926469
vn -0.227169 0.252041 0.940675
vn -0.278281 -0.253406 0.926469
vn -0.235478 -0.400403 0.885566
vn -0.227169 0.252041 0.940675
vn -0.235478 -0.400403 0.885566
vn -0.210567 -0.401474 0.891336
vn -0.227169 0.252041 0.940675
vn -0.210567 -0.401474 0.891336
vn -0.128327 -0.536246 0.834250
vn -0.227169 0.252041 0.940675
vn -0.128327 -0.536246 0.834250
vn -0.094281 -0.247410 0.964313
vn 0.016379 0.258754 0.965805
vn -0.094281 -0.247410 0.964313
vn -0.044125 -0.395429 0.917436
vn 0.016379 0.258754 0.965805
vn -0.044125 -0.395429 0.917436
vn 0.044082 -0.395415 0.917444
vn -0.032518 -0.758568 -0.650782
vn -0.054429 -0.216194 -0.974832
vn 0.025742 -0.663460 -0.747769
vn 0.053788 -0.839295 -0.541010
vn 0.025742 -0.663460 -0.747769
vn 0.074696 -0.221958 -0.972191
vn 0.053788 -0.839295 -0.541010
vn 0.074696 -0.221958 -0.972191
vn 0.070682 -0.758030 -0.648378
vn 0.076302 -0.758136 -0.647618
vn 0.070682 -0.758030 -0.648378
vn 0.074696 -0.221958 -0.972191
vn 0.076302 -0.758136 -0.647618
vn 0.105114 -0.229463 -0.967625
vn 0.081763 -0.758596 -0.646411
vn 0.081763 -0.758596 -0.646411
vn 0.105114 -0.229463 -0.967625
vn 0.080143 -0.840461 -0.535912
vn 0.080143 -0.840461 -0.535912
vn 0.105114 -0.229463 -0.967625
vn 0.092390 -0.759842 -0.643510
vn 0.092390 -0.759842 -0.643510
vn 0.105114 -0.229463 -0.967625
vn 0.092375 -0.842116 -0.531327
vn 0.092375 -0.842116 -0.531327
vn 0.105114 -0.229463 -0.967625
vn 0.102419 -0.545421 -0.831882
vn 0.248348 -0.250713 -0.935663
vn 0.156354 -0.759148 -0.631860
vn 0.102419 -0.545421 -0.831882
vn 0.248348 -0.250713 -0.935663
vn 0.219384 -0.755671 -0.617116
vn 0.156354 -0.759148 -0.631860
vn 0.248348 -0.250713 -0.935663
vn 0.196381 -0.839102 -0.507289
vn 0.219384 -0.755671 -0.617116
vn 0.248348 -0.250713 -0.935663
vn 0.228570 -0.757333 -0.611722
vn 0.196381 -0.839102 -0.507289
vn 0.248348 -0.250713 -0.935663
vn 0.206567 -0.841193 -0.499724
vn 0.228570 -0.757333 -0.611722
vn 0.248348 -0.250713 -0.935663
vn 0.236738 -0.759694 -0.605657
vn 0.206567 -0.841193 -0.499724
vn 0.248348 -0.250713 -0.935663
vn 0.283439 -0.471622 -0.835006
vn 0.236738 -0.759694 -0.605657
vn 0.427635 -0.234005 -0.873138
vn 0.296902 -0.757207 -0.581797
vn 0.283439 -0.471622 -0.835006
vn 0.427635 -0.234005 -0.873138
vn 0.303820 -0.836077 -0.456802
vn 0.296902 -0.757207 -0.581797
vn 0.427635 -0.234005 -0.873138
vn 0.355543 -0.751830 -0.555285
vn 0.303820 -0.836077 -0.456802
vn 0.427635 -0.234005 -0.873138
vn 0.311040 -0.838732 -0.446971
vn 0.355543 -0.751830 -0.555285
vn 0.427635 -0.234005 -0.873138
vn 0.361336 -0.754708 -0.547588
vn 0.311040 -0.838732 -0.446971
vn 0.427635 -0.234005 -0.873138
vn 0.445089 -0.488000 -0.750834
vn 0.361336 -0.754708 -0.547588
vn 0.590120 -0.208978 -0.779799
vn 0.416097 -0.750677 -0.513174
vn 0.445089 -0.488000 -0.750834
vn 0.590120 -0.208978 -0.779799
vn 0.486655 -0.729465 -0.480674
vn 0.416097 -0.750677 -0.513174
vn 0.590120 -0.208978 -0.779799
vn 0.450540 -0.805423 -0.385107
vn 0.486655 -0.729465 -0.480674
vn 0.590120 -0.208978 -0.779799
vn 0.454887 -0.808849 -0.372614
vn 0.450540 -0.805423 -0.385107
vn 0.590120 -0.208978 -0.779799
vn 0.559494 -0.620036 -0.550020
vn 0.454887 -0.808849 -0.372614
vn -0.000019 -0.965914 0.258864
vn -0.000019 -0.965914 0.258864
vn -0.000019 -0.965914 0.258864
vn -0.000056 -0.965923 0.258829
vn -0.000056 -0.965923 0.258829
vn -0.000056 -0.965923 0.258829
vn -0.000019 -0.965937 0.258776
vn -0.000019 -0.965937 0.258776
vn -0.000019 -0.965937 0.258776
vn -0.000019 -0.965937 0.258776
vn -0.000019 -0.965937 0.258776
vn -0.000019 -0.965937 0.258776
vn -0.000019 -0.965937 0.258776
vn -0.000019 -0.965937 0.258776
vn -0.000019 -0.965937 0.258776
vn -0.000019 -0.965937 0.258776
vn -0.000019 -0.965937 0.258776
vn -0.000019 -0.965937 0.258776
vn -0.000019 -0.965937 0.258776
vn -0.000019 -0.965937 0.258776
vn -0.000019 -0.965937 0.258776
vn -0.000056 -0.965911 0.258873
vn -0.000056 -0.965911 0.258873
vn -0.000056 -0.965911 0.258873
vn -0.000056 -0.965935 0.258785
vn -0.000056 -0.965935 0.258785
vn -0.000056 -0.965935 0.258785
vn -0.000056 -0.965935 0.258785
vn -0.000056 -0.965935 0.258785
vn -0.000056 -0.965935 0.258785
vn -0.000019 -0.965926 0.258820
vn -0.000019 -0.965926 0.258820
vn -0.000019 -0.965926 0.258820
vn -0.000019 -0.965926 0.258820
vn -0.000019 -0.965926 0.258820
vn -0.000019 -0.965926 0.258820
vn 0.000056 -0.965935 0.258785
vn 0.000056 -0.965935 0.258785
vn 0.000056 -0.965935 0.258785
vn -0.000019 -0.965937 0.258776
vn -0.000019 -0.965937 0.258776
vn -0.000019 -0.965937 0.258776
vn -0.000019 -0.965937 0.258776
vn -0.000019 -0.965937 0.258776
vn -0.000019 -0.965937 0.258776
vn 0.935931 -0.091173 -0.340177
vn 0.925341 -0.118742 -0.360062
vn 0.938215 -0.102484 -0.330530
vn 0.935931 -0.091173 -0.340177
vn 0.938215 -0.102484 -0.330530
vn 0.945740 -0.045354 -0.321744
vn -0.000019 -0.965937 0.258776
vn -0.000019 -0.965937 0.258776
vn -0.000019 -0.965937 0.258776
vn -0.000019 -0.965937 0.258776
vn -0.000019 -0.965937 0.258776
vn -0.000019 -0.965937 0.258776
vn -0.000019 -0.965937 0.258776
vn -0.000019 -0.965937 0.258776
vn -0.000019 -0.965937 0.258776
vn 0.000580 -0.965459 0.260554
vn 0.000580 -0.965459 0.260554
vn 0.000580 -0.965459 0.260554
vn -0.000056 -0.965971 0.258652
vn -0.000056 -0.965971 0.258652
vn -0.000056 -0.965971 0.258652
vn 0.000131 -0.965800 0.259290
vn 0.000131 -0.965800 0.259290
vn 0.000131 -0.965800 0.259290
vn -0.000019 -0.965937 0.258776
vn -0.000019 -0.965937 0.258776
vn -0.000019 -0.965937 0.258776
vn -0.000019 -0.965937 0.258776
vn -0.000019 -0.965937 0.258776
vn -0.000019 -0.965937 0.258776
vn -0.000019 -0.965937 0.258776
vn -0.000019 -0.965937 0.258776
vn -0.000019 -0.965937 0.258776
vn -0.000019 -0.965937 0.258776
vn -0.000019 -0.965937 0.258776
vn -0.000019 -0.965937 0.258776
vn -0.000019 -0.965937 0.258776
vn -0.000019 -0.965937 0.258776
vn -0.000019 -0.965937 0.258776
vn -0.000019 -0.965937 0.258776
vn -0.000019 -0.965937 0.258776
vn -0.000019 -0.965937 0.258776
vn 0.000019 -0.965914 0.258864
vn 0.000019 -0.965914 0.258864
vn 0.000019 -0.965914 0.258864
vn -0.000019 -0.965937 0.258776
vn -0.000019 -0.965937 0.258776
vn -0.000019 -0.965937 0.258776
vn -0.000019 -0.965937 0.258776
vn -0.000019 -0.965937 0.258776
vn -0.000019 -0.965937 0.258776
vn -0.000019 -0.965937 0.258776
vn -0.000019 -0.965937 0.258776
vn -0.000019 -0.965937 0.258776
vn -0.000019 -0.965937 0.258776
vn -0.000019 -0.965937 0.258776
vn -0.000019 -0.965937 0.258776
vn -0.000019 -0.965937 0.258776
vn -0.000019 -0.965937 0.258776
vn -0.000019 -0.965937 0.258776
vn -0.000019 -0.965937 0.258776
vn -0.000019 -0.965937 0.258776
vn -0.000019 -0.965937 0.258776
vn -0.000019 -0.965937 0.258776
vn -0.000019 -0.965937 0.258776
vn -0.000019 -0.965937 0.258776
vn -0.054429 -0.216194 -0.974832
vn 0.074696 -0.221958 -0.972191
vn 0.025742 -0.663460 -0.747769
vn 0.076302 -0.758136 -0.647618
vn 0.074696 -0.221958 -0.972191
vn 0.105114 -0.229463 -0.967625
vn 0.113953 -0.193939 -0.974373
vn 0.102419 -0.545421 -0.831882
vn 0.105114 -0.229463 -0.967625
vn 0.113953 -0.193939 -0.974373
vn 0.113953 -0.193939 -0.974373
vn 0.102419 -0.545421 -0.831882
vn 0.248348 -0.250713 -0.935663
vn 0.102419 -0.545421 -0.831882
vn 0.113953 -0.193939 -0.974373
vn 0.248348 -0.250713 -0.935663
vn 0.194758 -0.177661 -0.964628
vn 0.283439 -0.471622 -0.835006
vn 0.274043 -0.189735 -0.942816
vn 0.283439 -0.471622 -0.835006
vn 0.194758 -0.177661 -0.964628
vn 0.274043 -0.189735 -0.942816
vn 0.335756 -0.189084 -0.922776
vn 0.283439 -0.471622 -0.835006
vn 0.335756 -0.189084 -0.922776
vn 0.344680 -0.177209 -0.921842
vn 0.283439 -0.471622 -0.835006
vn 0.427635 -0.234005 -0.873138
vn 0.283439 -0.471622 -0.835006
vn 0.344680 -0.177209 -0.921842
vn 0.427635 -0.234005 -0.873138
vn 0.426584 -0.179360 -0.886485
vn 0.445089 -0.488000 -0.750834
vn 0.484089 -0.179828 -0.856341
vn 0.445089 -0.488000 -0.750834
vn 0.426584 -0.179360 -0.886485
vn 0.484089 -0.179828 -0.856341
vn 0.539629 -0.179594 -0.822524
vn 0.445089 -0.488000 -0.750834
vn 0.590120 -0.208978 -0.779799
vn 0.445089 -0.488000 -0.750834
vn 0.539629 -0.179594 -0.822524
vn 0.590120 -0.208978 -0.779799
vn 0.720872 -0.179404 -0.669446
vn 0.559494 -0.620036 -0.550020
vn 0.720872 -0.179404 -0.669446
vn 0.849238 -0.136685 -0.510013
vn 0.666646 -0.599731 -0.442614
vn 0.849238 -0.136685 -0.510013
vn 0.935931 -0.091173 -0.340177
vn 0.778466 -0.551471 -0.299783
vn 0.935931 -0.091173 -0.340177
vn 0.945740 -0.045354 -0.321744
vn 0.876333 -0.442381 -0.190628
vn 0.720872 -0.179404 -0.669446
vn 0.556562 -0.713029 -0.426414
vn 0.559494 -0.620036 -0.550020
vn 0.720872 -0.179404 -0.669446
vn 0.601137 -0.704374 -0.377482
vn 0.556562 -0.713029 -0.426414
vn 0.720872 -0.179404 -0.669446
vn 0.666646 -0.599731 -0.442614
vn 0.601137 -0.704374 -0.377482
vn 0.849238 -0.136685 -0.510013
vn 0.556141 -0.792102 -0.251560
vn 0.666646 -0.599731 -0.442614
vn 0.849238 -0.136685 -0.510013
vn 0.675680 -0.687563 -0.265922
vn 0.556141 -0.792102 -0.251560
vn 0.849238 -0.136685 -0.510013
vn 0.695335 -0.674346 -0.248528
vn 0.675680 -0.687563 -0.265922
vn 0.849238 -0.136685 -0.510013
vn 0.778466 -0.551471 -0.299783
vn 0.695335 -0.674346 -0.248528
vn 0.935931 -0.091173 -0.340177
vn 0.654474 -0.744426 -0.132264
vn 0.778466 -0.551471 -0.299783
vn 0.935931 -0.091173 -0.340177
vn 0.876333 -0.442381 -0.190628
vn 0.654474 -0.744426 -0.132264
vn 0.016379 0.258754 0.965805
vn 0.094238 -0.247402 0.964319
vn 0.195050 0.253810 0.947384
vn 0.195050 0.253810 0.947384
vn 0.239322 -0.254958 0.936868
vn 0.352130 0.242200 0.904070
vn 0.352130 0.242200 0.904070
vn 0.413403 -0.267452 0.870384
vn 0.527954 0.219771 0.820345
vn 0.973847 0.058789 0.219469
vn 0.916155 0.103722 0.387172
vn 0.844799 -0.405499 0.349122
vn 0.693011 0.186533 0.696378
vn 0.697781 -0.306834 0.647268
vn 0.812772 0.150752 0.562739
vn 0.916155 0.103722 0.387172
vn 0.812772 0.150752 0.562739
vn 0.797982 -0.331975 0.503009
vn 0.527954 0.219771 0.820345
vn 0.568208 -0.285009 0.771952
vn 0.693011 0.186533 0.696378
vn 0.988142 -0.039773 -0.148304
vn 0.974092 -0.045411 -0.221546
vn 0.978963 -0.116161 -0.167747
vn -0.000019 -0.965937 0.258776
vn -0.000019 -0.965937 0.258776
vn -0.000019 -0.965937 0.258776
vn -0.000019 -0.965937 0.258776
vn -0.000019 -0.965937 0.258776
vn -0.000019 -0.965937 0.258776
vn -0.000019 -0.965937 0.258776
vn -0.000019 -0.965937 0.258776
vn -0.000019 -0.965937 0.258776
vn 0.000019 -0.965926 0.258820
vn 0.000019 -0.965926 0.258820
vn 0.000019 -0.965926 0.258820
vn -0.000019 -0.965937 0.258776
vn -0.000019 -0.965937 0.258776
vn -0.000019 -0.965937 0.258776
vn -0.000019 -0.965937 0.258776
vn -0.000019 -0.965937 0.258776
vn -0.000019 -0.965937 0.258776
vn -0.000019 -0.965937 0.258776
vn -0.000019 -0.965937 0.258776
vn -0.000019 -0.965937 0.258776
vn -0.000019 -0.965937 0.258776
vn -0.000019 -0.965937 0.258776
vn -0.000019 -0.965937 0.258776
vn 0.000019 -0.965926 0.258820
vn 0.000019 -0.965926 0.258820
vn 0.000019 -0.965926 0.258820
vn 0.945740 -0.045354 -0.321744
vn 0.962198 0.006781 -0.272265
vn 0.876333 -0.442381 -0.190628
vn 0.962198 0.006781 -0.272265
vn 0.978050 0.027408 -0.206562
vn 0.861589 -0.488450 -0.138133
vn 0.974092 -0.045411 -0.221546
vn 0.861589 -0.488450 -0.138133
vn 0.978050 0.027408 -0.206562
vn 0.988142 -0.039773 -0.148304
vn 0.861589 -0.488450 -0.138133
vn 0.974092 -0.045411 -0.221546
vn 0.988142 -0.039773 -0.148304
vn 0.999806 0.005078 0.019046
vn 0.885230 -0.464548 0.023746
vn 0.999806 0.005078 0.019046
vn 0.973847 0.058789 0.219469
vn 0.880922 -0.434924 0.186593
vn 0.962198 0.006781 -0.272265
vn 0.861589 -0.488450 -0.138133
vn 0.876333 -0.442381 -0.190628
vn 0.988142 -0.039773 -0.148304
vn 0.790289 -0.612706 0.005955
vn 0.861589 -0.488450 -0.138133
vn 0.988142 -0.039773 -0.148304
vn 0.787630 -0.615888 0.017938
vn 0.790289 -0.612706 0.005955
vn 0.988142 -0.039773 -0.148304
vn 0.799679 -0.598763 0.044680
vn 0.787630 -0.615888 0.017938
vn 0.988142 -0.039773 -0.148304
vn 0.885230 -0.464548 0.023746
vn 0.799679 -0.598763 0.044680
vn 0.999806 0.005078 0.019046
vn 0.728107 -0.671205 0.139086
vn 0.885230 -0.464548 0.023746
vn 0.999806 0.005078 0.019046
vn 0.810615 -0.553642 0.190748
vn 0.728107 -0.671205 0.139086
vn 0.999806 0.005078 0.019046
vn 0.880922 -0.434924 0.186593
vn 0.810615 -0.553642 0.190748
vn 0.973847 0.058789 0.219469
vn 0.795857 -0.544330 0.265171
vn 0.880922 -0.434924 0.186593
vn 0.916155 0.103722 0.387172
vn 0.797982 -0.331975 0.503009
vn 0.656423 -0.592537 0.466914
vn 0.916155 0.103722 0.387172
vn 0.656423 -0.592537 0.466914
vn 0.746269 -0.524227 0.410206
vn 0.916155 0.103722 0.387172
vn 0.746269 -0.524227 0.410206
vn 0.844799 -0.405499 0.349122
vn 0.016379 0.258754 0.965805
vn 0.044082 -0.395415 0.917444
vn 0.079777 -0.532950 0.842378
vn 0.016379 0.258754 0.965805
vn 0.079777 -0.532950 0.842378
vn 0.094238 -0.247402 0.964319
vn 0.195050 0.253810 0.947384
vn 0.094238 -0.247402 0.964319
vn 0.149570 -0.398994 0.904673
vn 0.195050 0.253810 0.947384
vn 0.149570 -0.398994 0.904673
vn 0.239322 -0.254958 0.936868
vn 0.352130 0.242200 0.904070
vn 0.235371 -0.400379 0.885606
vn 0.260012 -0.398973 0.879326
vn 0.352130 0.242200 0.904070
vn 0.239322 -0.254958 0.936868
vn 0.235371 -0.400379 0.885606
vn 0.352130 0.242200 0.904070
vn 0.260012 -0.398973 0.879326
vn 0.281056 -0.540065 0.793308
vn 0.527954 0.219771 0.820345
vn 0.413403 -0.267452 0.870384
vn 0.396983 -0.408804 0.821756
vn 0.352130 0.242200 0.904070
vn 0.281056 -0.540065 0.793308
vn 0.413403 -0.267452 0.870384
vn 0.693011 0.186533 0.696378
vn 0.540251 -0.420717 0.728784
vn 0.602679 -0.429088 0.672802
vn 0.527954 0.219771 0.820345
vn 0.396983 -0.408804 0.821756
vn 0.419654 -0.406858 0.811392
vn 0.527954 0.219771 0.820345
vn 0.419654 -0.406858 0.811392
vn 0.420945 -0.545956 0.724388
vn 0.527954 0.219771 0.820345
vn 0.420945 -0.545956 0.724388
vn 0.568208 -0.285009 0.771952
vn 0.693011 0.186533 0.696378
vn 0.568208 -0.285009 0.771952
vn 0.540251 -0.420717 0.728784
vn 0.812772 0.150752 0.562739
vn 0.659875 -0.435722 0.612137
vn 0.709033 -0.445355 0.546746
vn 0.812772 0.150752 0.562739
vn 0.697781 -0.306834 0.647268
vn 0.574412 -0.560515 0.596552
vn 0.693011 0.186533 0.696378
vn 0.602679 -0.429088 0.672802
vn 0.697781 -0.306834 0.647268
vn 0.812772 0.150752 0.562739
vn 0.574412 -0.560515 0.596552
vn 0.659875 -0.435722 0.612137
vn 0.812772 0.150752 0.562739
vn 0.709033 -0.445355 0.546746
vn 0.797982 -0.331975 0.503009
vn 0.973847 0.058789 0.219469
vn 0.694953 -0.646636 0.314486
vn 0.795857 -0.544330 0.265171
vn 0.973847 0.058789 0.219469
vn 0.775660 -0.532929 0.338140
vn 0.694953 -0.646636 0.314486
vn 0.973847 0.058789 0.219469
vn 0.844799 -0.405499 0.349122
vn 0.775660 -0.532929 0.338140
vn -0.965367 -0.032877 -0.258816
vn -0.979944 -0.118815 -0.159976
vn -0.938878 -0.216220 -0.267876
vn -0.965367 -0.032877 -0.258816
vn -0.938878 -0.216220 -0.267876
vn -0.927478 -0.115993 -0.355430
vn -0.973342 -0.226819 -0.034030
vn -0.938878 -0.216220 -0.267876
vn -0.979944 -0.118815 -0.159976
vn -0.973342 -0.226819 -0.034030
vn -0.979944 -0.118815 -0.159976
vn -0.983100 -0.129402 -0.129497
vn -0.965367 -0.032877 -0.258816
vn -0.973239 -0.102619 -0.205610
vn -0.979944 -0.118815 -0.159976
vn -0.965367 -0.032877 -0.258816
vn -0.962189 0.006743 -0.272300
vn -0.974085 -0.045373 -0.221583
vn -0.965367 -0.032877 -0.258816
vn -0.927478 -0.115993 -0.355430
vn -0.945729 -0.045313 -0.321780
vn -0.965367 -0.032877 -0.258816
vn -0.945729 -0.045313 -0.321780
vn -0.942830 0.027304 -0.332154
vn -0.965367 -0.032877 -0.258816
vn -0.974085 -0.045373 -0.221583
vn -0.973239 -0.102619 -0.205610
vn -0.965367 -0.032877 -0.258816
vn -0.942830 0.027304 -0.332154
vn -0.962189 0.006743 -0.272300
vn -0.973342 -0.226819 -0.034030
vn -0.983100 -0.129402 -0.129497
vn -0.990504 -0.043459 -0.130431
vn -0.973342 -0.226819 -0.034030
vn -0.990504 -0.043459 -0.130431
vn -0.998236 0.018752 0.056323
vn -0.998236 0.018752 0.056323
vn -0.990504 -0.043459 -0.130431
vn -0.991447 0.130507 0.000017
vn -0.973342 -0.226819 -0.034030
vn -0.998236 0.018752 0.056323
vn -0.933385 -0.258921 0.248500
vn -0.998236 0.018752 0.056323
vn -0.991447 0.130507 0.000017
vn -0.983109 0.129415 0.129415
vn -0.998236 0.018752 0.056323
vn -0.983109 0.129415 0.129415
vn -0.983109 0.129415 0.129415
vn -0.998236 0.018752 0.056323
vn -0.960719 0.018768 0.276888
vn -0.933385 -0.258921 0.248500
vn -0.998236 0.018752 0.056323
vn -0.983109 0.129415 0.129415
vn -0.960719 0.018768 0.276888
vn -0.960719 0.018768 0.276888
vn -0.983109 0.129415 0.129415
vn -0.957670 0.130484 0.256598
vn -0.679217 -0.216221 -0.701365
vn -0.603621 -0.129397 -0.786701
vn -0.603621 -0.129397 -0.786701
vn -0.465347 -0.207637 -0.860429
vn -0.610264 -0.500096 -0.614396
vn -0.430450 -0.500053 -0.751439
vn -0.679217 -0.216221 -0.701365
vn -0.552816 -0.169563 -0.815869
vn -0.603621 -0.129397 -0.786701
vn -0.465347 -0.207637 -0.860429
vn -0.552816 -0.169563 -0.815869
vn -0.679217 -0.216221 -0.701365
vn -0.465347 -0.207637 -0.860429
vn -0.484073 -0.179776 -0.856361
vn -0.552816 -0.169563 -0.815869
vn -0.830352 -0.240591 -0.502625
vn -0.679217 -0.216221 -0.701365
vn -0.786642 -0.129399 -0.603698
vn -0.830352 -0.240591 -0.502625
vn -0.748514 -0.500072 -0.435494
vn -0.679217 -0.216221 -0.701365
vn -0.835704 -0.500096 -0.226942
vn -0.938878 -0.216220 -0.267876
vn -0.865973 -0.500082 -0.002904
vn -0.830352 -0.240591 -0.502625
vn -0.938878 -0.216220 -0.267876
vn -0.835704 -0.500096 -0.226942
vn -0.830352 -0.240591 -0.502625
vn -0.879521 -0.130374 -0.457653
vn -0.938878 -0.216220 -0.267876
vn -0.830352 -0.240591 -0.502625
vn -0.835704 -0.500096 -0.226942
vn -0.748514 -0.500072 -0.435494
vn -0.748514 -0.500072 -0.435494
vn -0.835704 -0.500096 -0.226942
vn -0.681855 -0.707201 -0.186924
vn -0.497047 -0.707201 -0.502803
vn -0.610264 -0.500096 -0.614396
vn -0.610255 -0.707195 -0.357021
vn -0.748514 -0.500072 -0.435494
vn -0.681855 -0.707201 -0.186924
vn -0.610255 -0.707195 -0.357021
vn -0.610255 -0.707195 -0.357021
vn -0.681855 -0.707201 -0.186924
vn -0.481542 -0.866080 -0.134247
vn -0.610255 -0.707195 -0.357021
vn -0.481542 -0.866080 -0.134247
vn -0.430389 -0.866078 -0.254310
vn -0.497047 -0.707201 -0.502803
vn -0.610255 -0.707195 -0.357021
vn -0.430389 -0.866078 -0.254310
vn -0.748514 -0.500072 -0.435494
vn -0.610264 -0.500096 -0.614396
vn -0.679217 -0.216221 -0.701365
vn -0.748514 -0.500072 -0.435494
vn -0.610255 -0.707195 -0.357021
vn -0.610264 -0.500096 -0.614396
vn -0.679217 -0.216221 -0.701365
vn -0.701025 -0.130495 -0.701095
vn -0.786642 -0.129399 -0.603698
vn -0.679217 -0.216221 -0.701365
vn -0.603621 -0.129397 -0.786701
vn -0.701025 -0.130495 -0.701095
vn -0.465347 -0.207637 -0.860429
vn -0.679217 -0.216221 -0.701365
vn -0.610264 -0.500096 -0.614396
vn -0.497047 -0.707201 -0.502803
vn -0.430450 -0.500053 -0.751439
vn -0.610264 -0.500096 -0.614396
vn -0.830352 -0.240591 -0.502625
vn -0.786642 -0.129399 -0.603698
vn -0.879521 -0.130374 -0.457653
vn -0.830352 -0.240591 -0.502625
vn -0.786642 -0.129399 -0.603698
vn -0.786642 -0.129399 -0.603698
vn -0.938878 -0.216220 -0.267876
vn -0.879521 -0.130374 -0.457653
vn -0.916093 -0.129423 -0.379505
vn -0.938878 -0.216220 -0.267876
vn -0.916093 -0.129423 -0.379505
vn -0.927478 -0.115993 -0.355430
vn -0.465347 -0.207637 -0.860429
vn -0.379427 -0.129418 -0.916126
vn -0.426570 -0.179309 -0.886502
vn -0.465347 -0.207637 -0.860429
vn -0.344669 -0.177159 -0.921856
vn -0.379427 -0.129418 -0.916126
vn -0.465347 -0.207637 -0.860429
vn -0.426570 -0.179309 -0.886502
vn -0.484073 -0.179776 -0.856361
vn -0.465347 -0.207637 -0.860429
vn -0.426570 -0.179309 -0.886502
vn -0.426570 -0.179309 -0.886502
vn -0.465347 -0.207637 -0.860429
vn -0.430450 -0.500053 -0.751439
vn -0.250988 -0.226954 -0.941009
vn -0.430450 -0.500053 -0.751439
vn -0.349986 -0.707165 -0.614351
vn -0.221324 -0.500060 -0.837231
vn -0.430450 -0.500053 -0.751439
vn -0.221324 -0.500060 -0.837231
vn -0.250988 -0.226954 -0.941009
vn -0.465347 -0.207637 -0.860429
vn -0.250988 -0.226954 -0.941009
vn -0.344669 -0.177159 -0.921856
vn -0.250988 -0.226954 -0.941009
vn -0.210967 -0.189560 -0.958937
vn -0.274034 -0.189686 -0.942828
vn -0.250988 -0.226954 -0.941009
vn -0.274034 -0.189686 -0.942828
vn -0.344669 -0.177159 -0.921856
vn -0.179027 -0.707147 -0.684026
vn 0.004025 -0.707220 -0.706982
vn 0.002841 -0.500104 -0.865960
vn -0.221324 -0.500060 -0.837231
vn -0.179027 -0.707147 -0.684026
vn 0.002841 -0.500104 -0.865960
vn -0.250988 -0.226954 -0.941009
vn -0.194751 -0.177614 -0.964637
vn -0.210967 -0.189560 -0.958937
vn -0.250988 -0.226954 -0.941009
vn -0.221324 -0.500060 -0.837231
vn 0.009996 -0.185644 -0.982566
vn -0.250988 -0.226954 -0.941009
vn 0.009996 -0.185644 -0.982566
vn -0.194751 -0.177614 -0.964637
vn 0.009996 -0.185644 -0.982566
vn -0.129392 -0.129392 -0.983115
vn -0.194751 -0.177614 -0.964637
vn -0.221324 -0.500060 -0.837231
vn 0.002841 -0.500104 -0.865960
vn 0.009996 -0.185644 -0.982566
vn 0.009996 -0.185644 -0.982566
vn -0.113950 -0.193894 -0.974382
vn -0.129392 -0.129392 -0.983115
vn 0.009996 -0.185644 -0.982566
vn -0.054429 -0.216194 -0.974832
vn -0.113950 -0.193894 -0.974382
vn -0.497047 -0.707201 -0.502803
vn -0.349986 -0.707165 -0.614351
vn -0.430450 -0.500053 -0.751439
vn -0.497047 -0.707201 -0.502803
vn -0.349914 -0.866072 -0.357043
vn -0.349986 -0.707165 -0.614351
vn -0.245612 -0.866064 -0.435440
vn -0.349986 -0.707165 -0.614351
vn -0.349914 -0.866072 -0.357043
vn -0.245612 -0.866064 -0.435440
vn -0.179027 -0.707147 -0.684026
vn -0.349986 -0.707165 -0.614351
vn -0.221324 -0.500060 -0.837231
vn -0.349986 -0.707165 -0.614351
vn -0.179027 -0.707147 -0.684026
vn -0.497047 -0.707201 -0.502803
vn -0.430389 -0.866078 -0.254310
vn -0.349914 -0.866072 -0.357043
vn -0.430389 -0.866078 -0.254310
vn -0.481542 -0.866080 -0.134247
vn -0.271736 -0.958753 -0.083381
vn -0.245612 -0.866064 -0.435440
vn -0.349914 -0.866072 -0.357043
vn -0.193692 -0.958742 -0.208078
vn -0.430389 -0.866078 -0.254310
vn -0.240904 -0.958751 -0.150869
vn -0.349914 -0.866072 -0.357043
vn -0.430389 -0.866078 -0.254310
vn -0.271736 -0.958753 -0.083381
vn -0.240904 -0.958751 -0.150869
vn -0.349914 -0.866072 -0.357043
vn -0.240904 -0.958751 -0.150869
vn -0.193692 -0.958742 -0.208078
vn -0.245612 -0.866064 -0.435440
vn -0.124537 -0.866040 -0.484216
vn -0.179027 -0.707147 -0.684026
vn -0.124537 -0.866040 -0.484216
vn 0.004979 -0.866091 -0.499861
vn 0.004025 -0.707220 -0.706982
vn -0.124537 -0.866040 -0.484216
vn 0.004025 -0.707220 -0.706982
vn -0.179027 -0.707147 -0.684026
vn -0.245612 -0.866064 -0.435440
vn -0.133214 -0.958735 -0.251161
vn -0.124537 -0.866040 -0.484216
vn -0.245612 -0.866064 -0.435440
vn -0.193692 -0.958742 -0.208078
vn -0.133214 -0.958735 -0.251161
vn -0.124537 -0.866040 -0.484216
vn -0.063691 -0.958736 -0.277072
vn 0.004979 -0.866091 -0.499861
vn -0.124537 -0.866040 -0.484216
vn -0.133214 -0.958735 -0.251161
vn -0.063691 -0.958736 -0.277072
vn -0.063691 -0.958736 -0.277072
vn 0.010133 -0.958744 -0.284090
vn 0.004979 -0.866091 -0.499861
vn -0.133214 -0.958735 -0.251161
vn 0.000000 -1.000000 -0.000015
vn -0.063691 -0.958736 -0.277072
vn -0.063691 -0.958736 -0.277072
vn 0.000000 -1.000000 -0.000015
vn 0.010133 -0.958744 -0.284090
vn -0.835704 -0.500096 -0.226942
vn -0.706993 -0.707209 -0.004090
vn -0.681855 -0.707201 -0.186924
vn -0.865973 -0.500082 -0.002904
vn -0.683969 -0.707209 0.179001
vn -0.706993 -0.707209 -0.004090
vn -0.837191 -0.500136 0.221302
vn -0.614334 -0.707222 0.349900
vn -0.683969 -0.707209 0.179001
vn -0.973342 -0.226819 -0.034030
vn -0.837191 -0.500136 0.221302
vn -0.865973 -0.500082 -0.002904
vn -0.973342 -0.226819 -0.034030
vn -0.865973 -0.500082 -0.002904
vn -0.938878 -0.216220 -0.267876
vn -0.835704 -0.500096 -0.226942
vn -0.865973 -0.500082 -0.002904
vn -0.706993 -0.707209 -0.004090
vn -0.865973 -0.500082 -0.002904
vn -0.837191 -0.500136 0.221302
vn -0.683969 -0.707209 0.179001
vn -0.837191 -0.500136 0.221302
vn -0.933385 -0.258921 0.248500
vn -0.751396 -0.500135 0.430429
vn -0.973342 -0.226819 -0.034030
vn -0.933385 -0.258921 0.248500
vn -0.837191 -0.500136 0.221302
vn -0.933385 -0.258921 0.248500
vn -0.837276 -0.258933 0.481584
vn -0.751396 -0.500135 0.430429
vn -0.837191 -0.500136 0.221302
vn -0.751396 -0.500135 0.430429
vn -0.614334 -0.707222 0.349900
vn -0.681855 -0.707201 -0.186924
vn -0.706993 -0.707209 -0.004090
vn -0.499863 -0.866090 -0.005042
vn -0.706993 -0.707209 -0.004090
vn -0.683969 -0.707209 0.179001
vn -0.484155 -0.866078 0.124510
vn -0.681855 -0.707201 -0.186924
vn -0.499863 -0.866090 -0.005042
vn -0.481542 -0.866080 -0.134247
vn -0.706993 -0.707209 -0.004090
vn -0.484155 -0.866078 0.124510
vn -0.499863 -0.866090 -0.005042
vn -0.484155 -0.866078 0.124510
vn -0.683969 -0.707209 0.179001
vn -0.435434 -0.866075 0.245585
vn -0.683969 -0.707209 0.179001
vn -0.614334 -0.707222 0.349900
vn -0.435434 -0.866075 0.245585
vn -0.614334 -0.707222 0.349900
vn -0.502800 -0.707223 0.497018
vn -0.357038 -0.866085 0.349886
vn -0.837276 -0.258933 0.481584
vn -0.614345 -0.500124 0.610292
vn -0.751396 -0.500135 0.430429
vn -0.837276 -0.258933 0.481584
vn -0.684057 -0.258930 0.681925
vn -0.614345 -0.500124 0.610292
vn -0.614334 -0.707222 0.349900
vn -0.751396 -0.500135 0.430429
vn -0.502800 -0.707223 0.497018
vn -0.502800 -0.707223 0.497018
vn -0.614345 -0.500124 0.610292
vn -0.357020 -0.707219 0.610228
vn -0.751396 -0.500135 0.430429
vn -0.614345 -0.500124 0.610292
vn -0.502800 -0.707223 0.497018
vn -0.614345 -0.500124 0.610292
vn -0.684057 -0.258930 0.681925
vn -0.435502 -0.500158 0.748451
vn -0.684057 -0.258930 0.681925
vn -0.484237 -0.258923 0.835747
vn -0.435502 -0.500158 0.748451
vn -0.960719 0.018768 0.276888
vn -0.837276 -0.258933 0.481584
vn -0.933385 -0.258921 0.248500
vn -0.960719 0.018768 0.276888
vn -0.856332 0.018787 0.516083
vn -0.837276 -0.258933 0.481584
vn -0.960719 0.018768 0.276888
vn -0.957670 0.130484 0.256598
vn -0.916121 0.129396 0.379447
vn -0.960719 0.018768 0.276888
vn -0.916121 0.129396 0.379447
vn -0.856332 0.018787 0.516083
vn -0.856332 0.018787 0.516083
vn -0.916121 0.129396 0.379447
vn -0.858630 0.130481 0.495711
vn -0.856332 0.018787 0.516083
vn -0.858630 0.130481 0.495711
vn -0.786710 0.129422 0.603604
vn -0.837276 -0.258933 0.481584
vn -0.856332 0.018787 0.516083
vn -0.684057 -0.258930 0.681925
vn -0.684057 -0.258930 0.681925
vn -0.856332 0.018787 0.516083
vn -0.706725 0.032861 0.706725
vn -0.856332 0.018787 0.516083
vn -0.786710 0.129422 0.603604
vn -0.706725 0.032861 0.706725
vn -0.706725 0.032861 0.706725
vn -0.786710 0.129422 0.603604
vn -0.786710 0.129422 0.603604
vn -0.706725 0.032861 0.706725
vn -0.786710 0.129422 0.603604
vn -0.701058 0.130520 0.701058
vn -0.706725 0.032861 0.706725
vn -0.701058 0.130520 0.701058
vn -0.603656 0.129423 0.786670
vn -0.684057 -0.258930 0.681925
vn -0.706725 0.032861 0.706725
vn -0.484237 -0.258923 0.835747
vn -0.706725 0.032861 0.706725
vn -0.603656 0.129423 0.786670
vn -0.499769 0.032877 0.865534
vn -0.484237 -0.258923 0.835747
vn -0.706725 0.032861 0.706725
vn -0.499769 0.032877 0.865534
vn -0.499769 0.032877 0.865534
vn -0.603656 0.129423 0.786670
vn -0.603656 0.129423 0.786670
vn -0.499769 0.032877 0.865534
vn -0.603656 0.129423 0.786670
vn -0.495711 0.130481 0.858630
vn -0.499769 0.032877 0.865534
vn -0.495711 0.130481 0.858630
vn -0.379499 0.129399 0.916099
vn -0.481542 -0.866080 -0.134247
vn -0.499863 -0.866090 -0.005042
vn -0.284047 -0.958756 -0.010229
vn -0.499863 -0.866090 -0.005042
vn -0.484155 -0.866078 0.124510
vn -0.277020 -0.958753 0.063668
vn -0.481542 -0.866080 -0.134247
vn -0.284047 -0.958756 -0.010229
vn -0.271736 -0.958753 -0.083381
vn -0.499863 -0.866090 -0.005042
vn -0.277020 -0.958753 0.063668
vn -0.284047 -0.958756 -0.010229
vn -0.484155 -0.866078 0.124510
vn -0.251108 -0.958752 0.133188
vn -0.277020 -0.958753 0.063668
vn -0.484155 -0.866078 0.124510
vn -0.435434 -0.866075 0.245585
vn -0.251108 -0.958752 0.133188
vn -0.614334 -0.707222 0.349900
vn -0.357038 -0.866085 0.349886
vn -0.435434 -0.866075 0.245585
vn -0.435434 -0.866075 0.245585
vn -0.357038 -0.866085 0.349886
vn -0.208068 -0.958759 0.193620
vn -0.435434 -0.866075 0.245585
vn -0.208068 -0.958759 0.193620
vn -0.251108 -0.958752 0.133188
vn -0.357038 -0.866085 0.349886
vn -0.254258 -0.866086 0.430405
vn -0.150867 -0.958758 0.240879
vn -0.193692 -0.958742 -0.208078
vn -0.240904 -0.958751 -0.150869
vn 0.000000 -1.000000 -0.000015
vn -0.271736 -0.958753 -0.083381
vn 0.000000 -1.000000 -0.000015
vn -0.240904 -0.958751 -0.150869
vn -0.271736 -0.958753 -0.083381
vn -0.284047 -0.958756 -0.010229
vn 0.000000 -1.000000 -0.000015
vn -0.284047 -0.958756 -0.010229
vn -0.277020 -0.958753 0.063668
vn 0.000000 -1.000000 -0.000015
vn -0.277020 -0.958753 0.063668
vn -0.251108 -0.958752 0.133188
vn 0.000000 -1.000000 -0.000015
vn -0.251108 -0.958752 0.133188
vn -0.208068 -0.958759 0.193620
vn 0.000000 -1.000000 -0.000015
vn -0.193692 -0.958742 -0.208078
vn 0.000000 -1.000000 -0.000015
vn -0.133214 -0.958735 -0.251161
vn -0.208068 -0.958759 0.193620
vn -0.150867 -0.958758 0.240879
vn 0.000000 -1.000000 -0.000015
vn -0.357038 -0.866085 0.349886
vn -0.150867 -0.958758 0.240879
vn -0.208068 -0.958759 0.193620
vn -0.150867 -0.958758 0.240879
vn -0.254258 -0.866086 0.430405
vn -0.083339 -0.958753 0.271750
vn -0.083339 -0.958753 0.271750
vn -0.254258 -0.866086 0.430405
vn -0.134198 -0.866082 0.481553
vn -0.150867 -0.958758 0.240879
vn -0.083339 -0.958753 0.271750
vn 0.000000 -1.000000 -0.000015
vn -0.083339 -0.958753 0.271750
vn -0.010190 -0.958766 0.284014
vn 0.000000 -1.000000 -0.000015
vn -0.083339 -0.958753 0.271750
vn -0.134198 -0.866082 0.481553
vn -0.010190 -0.958766 0.284014
vn -0.134198 -0.866082 0.481553
vn -0.005000 -0.866086 0.499870
vn -0.010190 -0.958766 0.284014
vn -0.502800 -0.707223 0.497018
vn -0.254258 -0.866086 0.430405
vn -0.357038 -0.866085 0.349886
vn -0.502800 -0.707223 0.497018
vn -0.357020 -0.707219 0.610228
vn -0.254258 -0.866086 0.430405
vn -0.254258 -0.866086 0.430405
vn -0.357020 -0.707219 0.610228
vn -0.134198 -0.866082 0.481553
vn -0.357020 -0.707219 0.610228
vn -0.435502 -0.500158 0.748451
vn -0.186924 -0.707225 0.681830
vn -0.614345 -0.500124 0.610292
vn -0.435502 -0.500158 0.748451
vn -0.357020 -0.707219 0.610228
vn -0.484237 -0.258923 0.835747
vn -0.226889 -0.500110 0.835710
vn -0.435502 -0.500158 0.748451
vn -0.435502 -0.500158 0.748451
vn -0.226889 -0.500110 0.835710
vn -0.186924 -0.707225 0.681830
vn -0.484237 -0.258923 0.835747
vn -0.251421 -0.258907 0.932606
vn -0.226889 -0.500110 0.835710
vn -0.357020 -0.707219 0.610228
vn -0.186924 -0.707225 0.681830
vn -0.134198 -0.866082 0.481553
vn -0.134198 -0.866082 0.481553
vn -0.186924 -0.707225 0.681830
vn -0.005000 -0.866086 0.499870
vn -0.186924 -0.707225 0.681830
vn -0.004090 -0.707231 0.706971
vn -0.005000 -0.866086 0.499870
vn -0.186924 -0.707225 0.681830
vn -0.226889 -0.500110 0.835710
vn -0.004090 -0.707231 0.706971
vn -0.251421 -0.258907 0.932606
vn -0.002862 -0.500138 0.865941
vn -0.226889 -0.500110 0.835710
vn -0.226889 -0.500110 0.835710
vn -0.002862 -0.500138 0.865941
vn -0.004090 -0.707231 0.706971
vn -0.251421 -0.258907 0.932606
vn -0.001478 -0.258919 0.965898
vn -0.002862 -0.500138 0.865941
vn -0.484237 -0.258923 0.835747
vn -0.499769 0.032877 0.865534
vn -0.251421 -0.258907 0.932606
vn -0.499769 0.032877 0.865534
vn -0.379499 0.129399 0.916099
vn -0.290310 0.032860 0.956368
vn -0.290310 0.032860 0.956368
vn -0.379499 0.129399 0.916099
vn -0.379499 0.129399 0.916099
vn -0.499769 0.032877 0.865534
vn -0.290310 0.032860 0.956368
vn -0.251421 -0.258907 0.932606
vn -0.290310 0.032860 0.956368
vn -0.379499 0.129399 0.916099
vn -0.373800 0.214572 0.902348
vn -0.290310 0.032860 0.956368
vn -0.373800 0.214572 0.902348
vn -0.230565 0.276893 0.932829
vn -0.230565 0.276893 0.932829
vn -0.373800 0.214572 0.902348
vn -0.354178 0.379873 0.854550
vn -0.230565 0.276893 0.932829
vn -0.354178 0.379873 0.854550
vn -0.239361 0.382530 0.892400
vn -0.251421 -0.258907 0.932606
vn -0.290310 0.032860 0.956368
vn -0.001478 -0.258919 0.965898
vn -0.290310 0.032860 0.956368
vn -0.230565 0.276893 0.932829
vn -0.000015 -0.000015 1.000000
vn -0.290310 0.032860 0.956368
vn -0.000015 -0.000015 1.000000
vn -0.001478 -0.258919 0.965898
vn -0.230565 0.276893 0.932829
vn 0.001086 0.290497 0.956875
vn -0.000015 -0.000015 1.000000
vn -0.230565 0.276893 0.932829
vn -0.239361 0.382530 0.892400
vn -0.120779 0.379816 0.917144
vn -0.230565 0.276893 0.932829
vn -0.120779 0.379816 0.917144
vn 0.001086 0.290497 0.956875
vn 0.001086 0.290497 0.956875
vn -0.120779 0.379816 0.917144
vn -0.120782 0.379868 0.917122
vn 0.001086 0.290497 0.956875
vn -0.120782 0.379868 0.917122
vn -0.000020 0.382648 0.923894
vn 0.226864 -0.500130 -0.835705
vn 0.004025 -0.707220 -0.706982
vn 0.186845 -0.707223 -0.681854
vn 0.002841 -0.500104 -0.865960
vn 0.004025 -0.707220 -0.706982
vn 0.226864 -0.500130 -0.835705
vn 0.009996 -0.185644 -0.982566
vn 0.074696 -0.221958 -0.972191
vn -0.054429 -0.216194 -0.974832
vn 0.009996 -0.185644 -0.982566
vn 0.105114 -0.229463 -0.967625
vn 0.074696 -0.221958 -0.972191
vn 0.009996 -0.185644 -0.982566
vn 0.113953 -0.193939 -0.974373
vn 0.105114 -0.229463 -0.967625
vn 0.009996 -0.185644 -0.982566
vn 0.113953 -0.193939 -0.974373
vn 0.113953 -0.193939 -0.974373
vn 0.002841 -0.500104 -0.865960
vn 0.253084 -0.226987 -0.940439
vn 0.009996 -0.185644 -0.982566
vn 0.009996 -0.185644 -0.982566
vn 0.129396 -0.129434 -0.983109
vn 0.113953 -0.193939 -0.974373
vn 0.002841 -0.500104 -0.865960
vn 0.226864 -0.500130 -0.835705
vn 0.253084 -0.226987 -0.940439
vn 0.009996 -0.185644 -0.982566
vn 0.194758 -0.177661 -0.964628
vn 0.129396 -0.129434 -0.983109
vn 0.009996 -0.185644 -0.982566
vn 0.253084 -0.226987 -0.940439
vn 0.194758 -0.177661 -0.964628
vn 0.253084 -0.226987 -0.940439
vn 0.274043 -0.189735 -0.942816
vn 0.194758 -0.177661 -0.964628
vn 0.226864 -0.500130 -0.835705
vn 0.186845 -0.707223 -0.681854
vn 0.435412 -0.500117 -0.748531
vn 0.253084 -0.226987 -0.940439
vn 0.335756 -0.189084 -0.922776
vn 0.274043 -0.189735 -0.942816
vn 0.253084 -0.226987 -0.940439
vn 0.344680 -0.177209 -0.921842
vn 0.335756 -0.189084 -0.922776
vn 0.226864 -0.500130 -0.835705
vn 0.466940 -0.207695 -0.859552
vn 0.253084 -0.226987 -0.940439
vn 0.253084 -0.226987 -0.940439
vn 0.466940 -0.207695 -0.859552
vn 0.344680 -0.177209 -0.921842
vn 0.226864 -0.500130 -0.835705
vn 0.435412 -0.500117 -0.748531
vn 0.466940 -0.207695 -0.859552
vn 0.466940 -0.207695 -0.859552
vn 0.379440 -0.129466 -0.916113
vn 0.344680 -0.177209 -0.921842
vn 0.466940 -0.207695 -0.859552
vn 0.426584 -0.179360 -0.886485
vn 0.379440 -0.129466 -0.916113
vn 0.466940 -0.207695 -0.859552
vn 0.484089 -0.179828 -0.856341
vn 0.426584 -0.179360 -0.886485
vn 0.004979 -0.866091 -0.499861
vn 0.134173 -0.866090 -0.481545
vn 0.186845 -0.707223 -0.681854
vn 0.004979 -0.866091 -0.499861
vn 0.186845 -0.707223 -0.681854
vn 0.004025 -0.707220 -0.706982
vn 0.134173 -0.866090 -0.481545
vn 0.356992 -0.707238 -0.610223
vn 0.186845 -0.707223 -0.681854
vn 0.004979 -0.866091 -0.499861
vn 0.010133 -0.958744 -0.284090
vn 0.134173 -0.866090 -0.481545
vn 0.134173 -0.866090 -0.481545
vn 0.010133 -0.958744 -0.284090
vn 0.083318 -0.958756 -0.271745
vn 0.010133 -0.958744 -0.284090
vn 0.000000 -1.000000 -0.000015
vn 0.083318 -0.958756 -0.271745
vn 0.083318 -0.958756 -0.271745
vn 0.000000 -1.000000 -0.000015
vn 0.150802 -0.958759 -0.240916
vn 0.134173 -0.866090 -0.481545
vn 0.083318 -0.958756 -0.271745
vn 0.254231 -0.866097 -0.430398
vn 0.083318 -0.958756 -0.271745
vn 0.150802 -0.958759 -0.240916
vn 0.254231 -0.866097 -0.430398
vn 0.150802 -0.958759 -0.240916
vn 0.208010 -0.958754 -0.193706
vn 0.356962 -0.866099 -0.349930
vn 0.134173 -0.866090 -0.481545
vn 0.254231 -0.866097 -0.430398
vn 0.356992 -0.707238 -0.610223
vn 0.435412 -0.500117 -0.748531
vn 0.186845 -0.707223 -0.681854
vn 0.356992 -0.707238 -0.610223
vn 0.254231 -0.866097 -0.430398
vn 0.502772 -0.707246 -0.497015
vn 0.356992 -0.707238 -0.610223
vn 0.150802 -0.958759 -0.240916
vn 0.356962 -0.866099 -0.349930
vn 0.254231 -0.866097 -0.430398
vn 0.208010 -0.958754 -0.193706
vn 0.251053 -0.958755 -0.133273
vn 0.435362 -0.866097 -0.245632
vn 0.208010 -0.958754 -0.193706
vn 0.435362 -0.866097 -0.245632
vn 0.356962 -0.866099 -0.349930
vn 0.254231 -0.866097 -0.430398
vn 0.356962 -0.866099 -0.349930
vn 0.502772 -0.707246 -0.497015
vn 0.356962 -0.866099 -0.349930
vn 0.435362 -0.866097 -0.245632
vn 0.614276 -0.707218 -0.350013
vn 0.435362 -0.866097 -0.245632
vn 0.251053 -0.958755 -0.133273
vn 0.484107 -0.866091 -0.124605
vn 0.435412 -0.500117 -0.748531
vn 0.356992 -0.707238 -0.610223
vn 0.614320 -0.500152 -0.610294
vn 0.466940 -0.207695 -0.859552
vn 0.539629 -0.179594 -0.822524
vn 0.484089 -0.179828 -0.856341
vn 0.466940 -0.207695 -0.859552
vn 0.603639 -0.129447 -0.786679
vn 0.539629 -0.179594 -0.822524
vn 0.435412 -0.500117 -0.748531
vn 0.680666 -0.216281 -0.699940
vn 0.466940 -0.207695 -0.859552
vn 0.466940 -0.207695 -0.859552
vn 0.680666 -0.216281 -0.699940
vn 0.603639 -0.129447 -0.786679
vn 0.680666 -0.216281 -0.699940
vn 0.603639 -0.129447 -0.786679
vn 0.603639 -0.129447 -0.786679
vn 0.680666 -0.216281 -0.699940
vn 0.701044 -0.130545 -0.701067
vn 0.603639 -0.129447 -0.786679
vn 0.356992 -0.707238 -0.610223
vn 0.502772 -0.707246 -0.497015
vn 0.614320 -0.500152 -0.610294
vn 0.435362 -0.866097 -0.245632
vn 0.484107 -0.866091 -0.124605
vn 0.683931 -0.707220 -0.179105
vn 0.356962 -0.866099 -0.349930
vn 0.614276 -0.707218 -0.350013
vn 0.502772 -0.707246 -0.497015
vn 0.435362 -0.866097 -0.245632
vn 0.683931 -0.707220 -0.179105
vn 0.614276 -0.707218 -0.350013
vn 0.502772 -0.707246 -0.497015
vn 0.614276 -0.707218 -0.350013
vn 0.751339 -0.500123 -0.430543
vn 0.435412 -0.500117 -0.748531
vn 0.614320 -0.500152 -0.610294
vn 0.680666 -0.216281 -0.699940
vn 0.502772 -0.707246 -0.497015
vn 0.751339 -0.500123 -0.430543
vn 0.614320 -0.500152 -0.610294
vn 0.680666 -0.216281 -0.699940
vn 0.786659 -0.129448 -0.603665
vn 0.701044 -0.130545 -0.701067
vn 0.614276 -0.707218 -0.350013
vn 0.683931 -0.707220 -0.179105
vn 0.837185 -0.500123 -0.221355
vn 0.614320 -0.500152 -0.610294
vn 0.751339 -0.500123 -0.430543
vn 0.843964 -0.226980 -0.486009
vn 0.614320 -0.500152 -0.610294
vn 0.843964 -0.226980 -0.486009
vn 0.680666 -0.216281 -0.699940
vn 0.680666 -0.216281 -0.699940
vn 0.843964 -0.226980 -0.486009
vn 0.786659 -0.129448 -0.603665
vn 0.614276 -0.707218 -0.350013
vn 0.837185 -0.500123 -0.221355
vn 0.751339 -0.500123 -0.430543
vn 0.751339 -0.500123 -0.430543
vn 0.837185 -0.500123 -0.221355
vn 0.951517 -0.207655 -0.226923
vn 0.751339 -0.500123 -0.430543
vn 0.951517 -0.207655 -0.226923
vn 0.843964 -0.226980 -0.486009
vn 0.837185 -0.500123 -0.221355
vn 0.965898 -0.258919 0.001478
vn 0.951517 -0.207655 -0.226923
vn 0.680666 -0.216281 -0.699940
vn 0.786659 -0.129448 -0.603665
vn 0.786659 -0.129448 -0.603665
vn 0.843964 -0.226980 -0.486009
vn 0.858604 -0.130556 -0.495736
vn 0.786659 -0.129448 -0.603665
vn 0.843964 -0.226980 -0.486009
vn 0.916102 -0.129468 -0.379466
vn 0.858604 -0.130556 -0.495736
vn 0.843964 -0.226980 -0.486009
vn 0.925341 -0.118742 -0.360062
vn 0.916102 -0.129468 -0.379466
vn 0.843964 -0.226980 -0.486009
vn 0.951517 -0.207655 -0.226923
vn 0.925341 -0.118742 -0.360062
vn 0.150802 -0.958759 -0.240916
vn 0.000000 -1.000000 -0.000015
vn 0.208010 -0.958754 -0.193706
vn 0.000000 -1.000000 -0.000015
vn 0.133230 -0.958757 0.251068
vn 0.193662 -0.958760 0.208027
vn 0.208010 -0.958754 -0.193706
vn 0.000000 -1.000000 -0.000015
vn 0.251053 -0.958755 -0.133273
vn 0.000000 -1.000000 -0.000015
vn 0.277006 -0.958754 -0.063709
vn 0.251053 -0.958755 -0.133273
vn 0.000000 -1.000000 -0.000015
vn 0.284050 -0.958756 0.010152
vn 0.277006 -0.958754 -0.063709
vn 0.000000 -1.000000 -0.000015
vn 0.271750 -0.958753 0.083339
vn 0.284050 -0.958756 0.010152
vn 0.000000 -1.000000 -0.000015
vn 0.240920 -0.958754 0.150825
vn 0.271750 -0.958753 0.083339
vn 0.000000 -1.000000 -0.000015
vn 0.193662 -0.958760 0.208027
vn 0.240920 -0.958754 0.150825
vn 0.000000 -1.000000 -0.000015
vn -0.010190 -0.958766 0.284014
vn 0.063708 -0.958761 0.276982
vn 0.000000 -1.000000 -0.000015
vn 0.063708 -0.958761 0.276982
vn 0.133230 -0.958757 0.251068
vn -0.010190 -0.958766 0.284014
vn -0.005000 -0.866086 0.499870
vn 0.063708 -0.958761 0.276982
vn 0.063708 -0.958761 0.276982
vn 0.124557 -0.866092 0.484118
vn 0.133230 -0.958757 0.251068
vn 0.063708 -0.958761 0.276982
vn -0.005000 -0.866086 0.499870
vn 0.124557 -0.866092 0.484118
vn 0.133230 -0.958757 0.251068
vn 0.245585 -0.866075 0.435434
vn 0.193662 -0.958760 0.208027
vn 0.133230 -0.958757 0.251068
vn 0.124557 -0.866092 0.484118
vn 0.245585 -0.866075 0.435434
vn 0.251053 -0.958755 -0.133273
vn 0.277006 -0.958754 -0.063709
vn 0.484107 -0.866091 -0.124605
vn 0.277006 -0.958754 -0.063709
vn 0.284050 -0.958756 0.010152
vn 0.499870 -0.866086 0.005000
vn 0.284050 -0.958756 0.010152
vn 0.271750 -0.958753 0.083339
vn 0.481553 -0.866082 0.134198
vn 0.277006 -0.958754 -0.063709
vn 0.499870 -0.866086 0.005000
vn 0.484107 -0.866091 -0.124605
vn 0.284050 -0.958756 0.010152
vn 0.481553 -0.866082 0.134198
vn 0.499870 -0.866086 0.005000
vn 0.240920 -0.958754 0.150825
vn 0.193662 -0.958760 0.208027
vn 0.349934 -0.866086 0.356991
vn 0.240920 -0.958754 0.150825
vn 0.430405 -0.866086 0.254258
vn 0.271750 -0.958753 0.083339
vn 0.240920 -0.958754 0.150825
vn 0.349934 -0.866086 0.356991
vn 0.430405 -0.866086 0.254258
vn 0.193662 -0.958760 0.208027
vn 0.245585 -0.866075 0.435434
vn 0.349934 -0.866086 0.356991
vn 0.271750 -0.958753 0.083339
vn 0.430405 -0.866086 0.254258
vn 0.481553 -0.866082 0.134198
vn 0.349934 -0.866086 0.356991
vn 0.497018 -0.707223 0.502801
vn 0.430405 -0.866086 0.254258
vn -0.005000 -0.866086 0.499870
vn -0.004090 -0.707231 0.706971
vn 0.124557 -0.866092 0.484118
vn -0.004090 -0.707231 0.706971
vn 0.179053 -0.707227 0.683938
vn 0.124557 -0.866092 0.484118
vn 0.124557 -0.866092 0.484118
vn 0.179053 -0.707227 0.683938
vn 0.245585 -0.866075 0.435434
vn -0.004090 -0.707231 0.706971
vn -0.002862 -0.500138 0.865941
vn 0.179053 -0.707227 0.683938
vn -0.002862 -0.500138 0.865941
vn -0.001478 -0.258919 0.965898
vn 0.221356 -0.500151 0.837168
vn 0.179053 -0.707227 0.683938
vn -0.002862 -0.500138 0.865941
vn 0.221356 -0.500151 0.837168
vn -0.001478 -0.258919 0.965898
vn 0.248551 -0.258929 0.933369
vn 0.221356 -0.500151 0.837168
vn 0.349934 -0.866086 0.356991
vn 0.245585 -0.866075 0.435434
vn 0.349956 -0.707232 0.614291
vn 0.179053 -0.707227 0.683938
vn 0.349956 -0.707232 0.614291
vn 0.245585 -0.866075 0.435434
vn 0.179053 -0.707227 0.683938
vn 0.221356 -0.500151 0.837168
vn 0.349956 -0.707232 0.614291
vn 0.349934 -0.866086 0.356991
vn 0.349956 -0.707232 0.614291
vn 0.497018 -0.707223 0.502801
vn 0.349956 -0.707232 0.614291
vn 0.430487 -0.500143 0.751357
vn 0.497018 -0.707223 0.502801
vn 0.221356 -0.500151 0.837168
vn 0.430487 -0.500143 0.751357
vn 0.349956 -0.707232 0.614291
vn 0.221356 -0.500151 0.837168
vn 0.248551 -0.258929 0.933369
vn 0.430487 -0.500143 0.751357
vn 0.248551 -0.258929 0.933369
vn 0.481640 -0.258937 0.837242
vn 0.430487 -0.500143 0.751357
vn -0.001478 -0.258919 0.965898
vn -0.000015 -0.000015 1.000000
vn 0.248551 -0.258929 0.933369
vn -0.000015 -0.000015 1.000000
vn 0.001086 0.290497 0.956875
vn 0.258820 -0.000019 0.965926
vn 0.248551 -0.258929 0.933369
vn -0.000015 -0.000015 1.000000
vn 0.258820 -0.000019 0.965926
vn 0.001086 0.290497 0.956875
vn 0.252062 0.258801 0.932463
vn 0.258820 -0.000019 0.965926
vn 0.001086 0.290497 0.956875
vn -0.000020 0.382648 0.923894
vn 0.120734 0.379855 0.917133
vn 0.001086 0.290497 0.956875
vn 0.120734 0.379855 0.917133
vn 0.252062 0.258801 0.932463
vn 0.252062 0.258801 0.932463
vn 0.120734 0.379855 0.917133
vn 0.120636 0.379777 0.917179
vn 0.248551 -0.258929 0.933369
vn 0.258820 -0.000019 0.965926
vn 0.481640 -0.258937 0.837242
vn 0.258820 -0.000019 0.965926
vn 0.252062 0.258801 0.932463
vn 0.499719 0.032877 0.865564
vn 0.258820 -0.000019 0.965926
vn 0.499719 0.032877 0.865564
vn 0.481640 -0.258937 0.837242
vn 0.252062 0.258801 0.932463
vn 0.379434 0.129348 0.916133
vn 0.499719 0.032877 0.865564
vn 0.499719 0.032877 0.865564
vn 0.379434 0.129348 0.916133
vn 0.495658 0.130479 0.858661
vn 0.252062 0.258801 0.932463
vn 0.369819 0.256631 0.892958
vn 0.379434 0.129348 0.916133
vn 0.252062 0.258801 0.932463
vn 0.120636 0.379777 0.917179
vn 0.238993 0.382504 0.892509
vn 0.252062 0.258801 0.932463
vn 0.238993 0.382504 0.892509
vn 0.369819 0.256631 0.892958
vn 0.484107 -0.866091 -0.124605
vn 0.499870 -0.866086 0.005000
vn 0.706993 -0.707209 0.004047
vn 0.499870 -0.866086 0.005000
vn 0.481553 -0.866082 0.134198
vn 0.681830 -0.707225 0.186924
vn 0.683931 -0.707220 -0.179105
vn 0.484107 -0.866091 -0.124605
vn 0.706993 -0.707209 0.004047
vn 0.499870 -0.866086 0.005000
vn 0.681830 -0.707225 0.186924
vn 0.706993 -0.707209 0.004047
vn 0.430405 -0.866086 0.254258
vn 0.610228 -0.707219 0.357020
vn 0.481553 -0.866082 0.134198
vn 0.430405 -0.866086 0.254258
vn 0.497018 -0.707223 0.502801
vn 0.610228 -0.707219 0.357020
vn 0.481553 -0.866082 0.134198
vn 0.610228 -0.707219 0.357020
vn 0.681830 -0.707225 0.186924
vn 0.681830 -0.707225 0.186924
vn 0.610228 -0.707219 0.357020
vn 0.748491 -0.500150 0.435444
vn 0.683931 -0.707220 -0.179105
vn 0.706993 -0.707209 0.004047
vn 0.865941 -0.500138 0.002862
vn 0.706993 -0.707209 0.004047
vn 0.681830 -0.707225 0.186924
vn 0.835710 -0.500110 0.226889
vn 0.683931 -0.707220 -0.179105
vn 0.865941 -0.500138 0.002862
vn 0.837185 -0.500123 -0.221355
vn 0.706993 -0.707209 0.004047
vn 0.835710 -0.500110 0.226889
vn 0.865941 -0.500138 0.002862
vn 0.837185 -0.500123 -0.221355
vn 0.865941 -0.500138 0.002862
vn 0.965898 -0.258919 0.001478
vn 0.865941 -0.500138 0.002862
vn 0.932606 -0.258907 0.251421
vn 0.965898 -0.258919 0.001478
vn 0.681830 -0.707225 0.186924
vn 0.748491 -0.500150 0.435444
vn 0.835710 -0.500110 0.226889
vn 0.835710 -0.500110 0.226889
vn 0.748491 -0.500150 0.435444
vn 0.835747 -0.258923 0.484237
vn 0.865941 -0.500138 0.002862
vn 0.835710 -0.500110 0.226889
vn 0.932606 -0.258907 0.251421
vn 0.835710 -0.500110 0.226889
vn 0.835747 -0.258923 0.484237
vn 0.932606 -0.258907 0.251421
vn 0.610228 -0.707219 0.357020
vn 0.497018 -0.707223 0.502801
vn 0.610292 -0.500124 0.614345
vn 0.430487 -0.500143 0.751357
vn 0.610292 -0.500124 0.614345
vn 0.497018 -0.707223 0.502801
vn 0.610228 -0.707219 0.357020
vn 0.610292 -0.500124 0.614345
vn 0.748491 -0.500150 0.435444
vn 0.610292 -0.500124 0.614345
vn 0.681925 -0.258930 0.684057
vn 0.748491 -0.500150 0.435444
vn 0.610292 -0.500124 0.614345
vn 0.481640 -0.258937 0.837242
vn 0.681925 -0.258930 0.684057
vn 0.430487 -0.500143 0.751357
vn 0.481640 -0.258937 0.837242
vn 0.610292 -0.500124 0.614345
vn 0.681925 -0.258930 0.684057
vn 0.835747 -0.258923 0.484237
vn 0.748491 -0.500150 0.435444
vn 0.932606 -0.258907 0.251421
vn 0.835747 -0.258923 0.484237
vn 0.865534 0.032877 0.499769
vn 0.932606 -0.258907 0.251421
vn 0.865534 0.032877 0.499769
vn 0.970443 0.018785 0.240598
vn 0.970443 0.018785 0.240598
vn 0.916099 0.129399 0.379499
vn 0.957656 0.130488 0.256646
vn 0.865534 0.032877 0.499769
vn 0.916099 0.129399 0.379499
vn 0.970443 0.018785 0.240598
vn 0.706681 0.032861 0.706769
vn 0.701011 0.130520 0.701105
vn 0.786670 0.129423 0.603656
vn 0.681925 -0.258930 0.684057
vn 0.481640 -0.258937 0.837242
vn 0.499719 0.032877 0.865564
vn 0.499719 0.032877 0.865564
vn 0.495658 0.130479 0.858661
vn 0.603604 0.129422 0.786710
vn 0.706681 0.032861 0.706769
vn 0.499719 0.032877 0.865564
vn 0.603604 0.129422 0.786710
vn 0.706681 0.032861 0.706769
vn 0.603604 0.129422 0.786710
vn 0.603604 0.129422 0.786710
vn 0.681925 -0.258930 0.684057
vn 0.499719 0.032877 0.865564
vn 0.706681 0.032861 0.706769
vn 0.706681 0.032861 0.706769
vn 0.603604 0.129422 0.786710
vn 0.701011 0.130520 0.701105
vn 0.835747 -0.258923 0.484237
vn 0.706681 0.032861 0.706769
vn 0.865534 0.032877 0.499769
vn 0.681925 -0.258930 0.684057
vn 0.706681 0.032861 0.706769
vn 0.835747 -0.258923 0.484237
vn 0.865534 0.032877 0.499769
vn 0.786670 0.129423 0.603656
vn 0.786670 0.129423 0.603656
vn 0.706681 0.032861 0.706769
vn 0.786670 0.129423 0.603656
vn 0.865534 0.032877 0.499769
vn 0.865534 0.032877 0.499769
vn 0.858599 0.130483 0.495765
vn 0.916099 0.129399 0.379499
vn 0.865534 0.032877 0.499769
vn 0.786670 0.129423 0.603656
vn 0.858599 0.130483 0.495765
vn 0.951517 -0.207655 -0.226923
vn 0.965388 -0.032915 -0.258735
vn 0.925341 -0.118742 -0.360062
vn 0.951517 -0.207655 -0.226923
vn 0.978963 -0.116161 -0.167747
vn 0.965388 -0.032915 -0.258735
vn 0.951517 -0.207655 -0.226923
vn 0.983100 -0.129440 -0.129459
vn 0.978963 -0.116161 -0.167747
vn 0.951517 -0.207655 -0.226923
vn 0.990507 -0.043495 -0.130396
vn 0.983100 -0.129440 -0.129459
vn 0.965388 -0.032915 -0.258735
vn 0.938215 -0.102484 -0.330530
vn 0.925341 -0.118742 -0.360062
vn 0.965388 -0.032915 -0.258735
vn 0.945740 -0.045354 -0.321744
vn 0.938215 -0.102484 -0.330530
vn 0.965388 -0.032915 -0.258735
vn 0.962198 0.006781 -0.272265
vn 0.945740 -0.045354 -0.321744
vn 0.965388 -0.032915 -0.258735
vn 0.978963 -0.116161 -0.167747
vn 0.974092 -0.045411 -0.221546
vn 0.965388 -0.032915 -0.258735
vn 0.974092 -0.045411 -0.221546
vn 0.978050 0.027408 -0.206562
vn 0.965388 -0.032915 -0.258735
vn 0.978050 0.027408 -0.206562
vn 0.962198 0.006781 -0.272265
vn 0.951517 -0.207655 -0.226923
vn 0.965898 -0.258919 0.001478
vn 0.999646 0.018787 0.018819
vn 0.951517 -0.207655 -0.226923
vn 0.999646 0.018787 0.018819
vn 0.990507 -0.043495 -0.130396
vn 0.999646 0.018787 0.018819
vn 0.991447 0.130512 0.000051
vn 0.990507 -0.043495 -0.130396
vn 0.999646 0.018787 0.018819
vn 0.983103 0.129419 0.129457
vn 0.991447 0.130512 0.000051
vn 0.965898 -0.258919 0.001478
vn 0.970443 0.018785 0.240598
vn 0.999646 0.018787 0.018819
vn 0.999646 0.018787 0.018819
vn 0.983103 0.129419 0.129457
vn 0.983103 0.129419 0.129457
vn 0.932606 -0.258907 0.251421
vn 0.970443 0.018785 0.240598
vn 0.965898 -0.258919 0.001478
vn 0.999646 0.018787 0.018819
vn 0.970443 0.018785 0.240598
vn 0.983103 0.129419 0.129457
vn 0.970443 0.018785 0.240598
vn 0.957656 0.130488 0.256646
vn 0.983103 0.129419 0.129457
vn -0.719782 0.685424 0.110033
vn -0.808214 0.550311 -0.209639
vn -0.997809 0.000000 -0.066158
vn -0.719782 0.685424 0.110033
vn -0.962730 -0.000019 0.270466
vn -0.706740 0.678479 0.200463
vn -0.706740 0.678479 0.200463
vn -0.962730 -0.000019 0.270466
vn -0.575534 0.786553 0.223820
vn -0.575534 0.786553 0.223820
vn -0.962730 -0.000019 0.270466
vn -0.736992 0.516738 0.435689
vn -0.808214 0.550311 -0.209639
vn -0.896551 0.000000 -0.442941
vn -0.997809 0.000000 -0.066158
vn -0.962730 -0.000019 0.270466
vn -0.719782 0.685424 0.110033
vn -0.997809 0.000000 -0.066158
vn -0.334562 0.843236 -0.420740
vn -0.379302 0.567135 -0.731087
vn -0.618356 0.000000 -0.785898
vn -0.363937 0.846145 -0.389344
vn -0.618356 0.000000 -0.785898
vn -0.576400 0.713984 -0.397479
vn -0.363937 0.846145 -0.389344
vn -0.334562 0.843236 -0.420740
vn -0.618356 0.000000 -0.785898
vn -0.576400 0.713984 -0.397479
vn -0.896551 0.000000 -0.442941
vn -0.808214 0.550311 -0.209639
vn -0.148938 0.718066 -0.679852
vn -0.270528 0.000000 -0.962712
vn -0.379302 0.567135 -0.731087
vn -0.148938 0.718066 -0.679852
vn -0.144806 0.718987 -0.679771
vn -0.270528 0.000000 -0.962712
vn -0.144806 0.718987 -0.679771
vn -0.111294 0.565450 -0.817239
vn -0.270528 0.000000 -0.962712
vn -0.589309 0.646846 0.484052
vn -0.736992 0.516738 0.435689
vn -0.773638 -0.000021 0.633628
vn -0.589309 0.646846 0.484052
vn -0.773638 -0.000021 0.633628
vn -0.458428 0.647441 0.608822
vn -0.383674 0.641261 0.664514
vn -0.458428 0.647441 0.608822
vn -0.472278 -0.000021 0.881450
vn -0.383674 0.641261 0.664514
vn -0.472278 -0.000021 0.881450
vn -0.217177 0.643743 0.733777
vn -0.049441 -0.000016 0.998777
vn -0.068654 0.638579 0.766488
vn -0.217177 0.643743 0.733777
vn 0.091444 0.638379 0.764271
vn -0.068654 0.638579 0.766488
vn -0.049441 -0.000016 0.998777
vn -0.896551 0.000000 -0.442941
vn -0.576400 0.713984 -0.397479
vn -0.618356 0.000000 -0.785898
vn -0.618356 0.000000 -0.785898
vn -0.379302 0.567135 -0.731087
vn -0.270528 0.000000 -0.962712
vn -0.111294 0.565450 -0.817239
vn 0.079033 0.000000 -0.996872
vn -0.270528 0.000000 -0.962712
vn -0.773638 -0.000021 0.633628
vn -0.736992 0.516738 0.435689
vn -0.962730 -0.000019 0.270466
vn -0.458428 0.647441 0.608822
vn -0.773638 -0.000021 0.633628
vn -0.472278 -0.000021 0.881450
vn -0.217177 0.643743 0.733777
vn -0.472278 -0.000021 0.881450
vn -0.049441 -0.000016 0.998777
vn -0.111294 0.565450 -0.817239
vn 0.071585 0.721506 -0.688698
vn 0.079033 0.000000 -0.996872
vn 0.144805 0.719033 -0.679723
vn 0.079033 0.000000 -0.996872
vn 0.071585 0.721506 -0.688698
vn 0.144805 0.719033 -0.679723
vn 0.171636 0.562607 -0.808712
vn 0.079033 0.000000 -0.996872
vn 0.171636 0.562607 -0.808712
vn 0.282376 0.722716 -0.630829
vn 0.443014 0.000000 -0.896515
vn 0.334555 0.843267 -0.420682
vn 0.443014 0.000000 -0.896515
vn 0.282376 0.722716 -0.630829
vn 0.334555 0.843267 -0.420682
vn 0.442796 0.721562 -0.532240
vn 0.443014 0.000000 -0.896515
vn 0.514154 0.719411 -0.467005
vn 0.443014 0.000000 -0.896515
vn 0.442796 0.721562 -0.532240
vn 0.668321 0.703623 -0.241376
vn 0.752377 0.000000 -0.658733
vn 0.514154 0.719411 -0.467005
vn 0.382648 -0.000020 0.923894
vn 0.257147 0.645329 0.719323
vn 0.091444 0.638379 0.764271
vn 0.386634 0.640641 0.663395
vn 0.257147 0.645329 0.719323
vn 0.382648 -0.000020 0.923894
vn 0.591706 0.645876 0.482419
vn 0.896523 -0.000020 0.442998
vn 0.677004 0.658569 0.328561
vn 0.707107 -0.000022 0.707107
vn 0.490515 0.649809 0.580640
vn 0.386634 0.640641 0.663395
vn 0.591706 0.645876 0.482419
vn 0.490515 0.649809 0.580640
vn 0.707107 -0.000022 0.707107
vn 0.171636 0.562607 -0.808712
vn 0.443014 0.000000 -0.896515
vn 0.079033 0.000000 -0.996872
vn 0.443014 0.000000 -0.896515
vn 0.514154 0.719411 -0.467005
vn 0.752377 0.000000 -0.658733
vn 0.752377 0.000000 -0.658733
vn 0.668321 0.703623 -0.241376
vn 0.947177 0.000000 -0.320711
vn 0.091444 0.638379 0.764271
vn -0.049441 -0.000016 0.998777
vn 0.382648 -0.000020 0.923894
vn 0.386634 0.640641 0.663395
vn 0.382648 -0.000020 0.923894
vn 0.707107 -0.000022 0.707107
vn 0.591706 0.645876 0.482419
vn 0.707107 -0.000022 0.707107
vn 0.896523 -0.000020 0.442998
vn 0.947177 0.000000 -0.320711
vn 0.668321 0.703623 -0.241376
vn 0.839265 0.543720 -0.001669
vn 0.707189 0.669856 0.226221
vn 0.677004 0.658569 0.328561
vn 0.992954 -0.000017 0.118499
vn 0.571999 0.799613 0.182855
vn 0.992954 -0.000017 0.118499
vn 0.839265 0.543720 -0.001669
vn 0.707189 0.669856 0.226221
vn 0.992954 -0.000017 0.118499
vn 0.571999 0.799613 0.182855
vn 0.947177 0.000000 -0.320711
vn 0.839265 0.543720 -0.001669
vn 0.992954 -0.000017 0.118499
vn 0.677004 0.658569 0.328561
vn 0.896523 -0.000020 0.442998
vn 0.992954 -0.000017 0.118499
vn -0.675437 0.000000 -0.737418
vn -0.737439 0.000000 -0.675414
vn -0.843300 0.000000 -0.537444
vn -0.737439 0.000000 -0.675414
vn -0.887125 0.000000 -0.461528
vn -0.843300 0.000000 -0.537444
vn 0.000000 -1.000000 -0.000015
vn 0.000000 -1.000000 -0.000015
vn 0.000000 -1.000000 -0.000015
vn -0.675437 0.000000 -0.737418
vn -0.461553 0.000000 -0.887113
vn -0.537517 0.000000 -0.843253
vn -0.675437 0.000000 -0.737418
vn -0.537517 0.000000 -0.843253
vn -0.737439 0.000000 -0.675414
vn 0.000000 -1.000000 -0.000015
vn 0.000000 -1.000000 -0.000015
vn 0.000000 -1.000000 -0.000015
vn 0.000000 -1.000000 -0.000015
vn 0.000000 -1.000000 -0.000015
vn 0.000000 -1.000000 -0.000015
vn -0.461553 0.000000 -0.887113
vn -0.216264 0.000000 -0.976335
vn -0.300939 0.000000 -0.953643
vn -0.461553 0.000000 -0.887113
vn -0.300939 0.000000 -0.953643
vn -0.537517 0.000000 -0.843253
vn 0.000000 1.000000 -0.000015
vn 0.000000 1.000000 -0.000015
vn 0.000000 1.000000 -0.000015
vn 0.000000 1.000000 -0.000015
vn 0.000000 1.000000 -0.000015
vn 0.000000 1.000000 -0.000015
vn 0.000000 -1.000000 -0.000015
vn 0.000000 -1.000000 -0.000015
vn 0.000000 -1.000000 -0.000015
vn 0.000000 -1.000000 -0.000015
vn 0.000000 -1.000000 -0.000015
vn 0.000000 -1.000000 -0.000015
vn -0.216264 0.000000 -0.976335
vn -0.043858 0.000000 -0.999038
vn -0.300939 0.000000 -0.953643
vn -0.216264 0.000000 -0.976335
vn 0.043858 0.000000 -0.999038
vn -0.043858 0.000000 -0.999038
vn 0.000000 1.000000 -0.000015
vn 0.000000 1.000000 -0.000015
vn 0.000000 1.000000 -0.000015
vn -0.843300 0.000000 -0.537444
vn -0.887125 0.000000 -0.461528
vn -0.953651 0.000000 -0.300916
vn -0.953651 0.000000 -0.300916
vn -0.887125 0.000000 -0.461528
vn -0.976349 0.000000 -0.216200
vn -0.953651 0.000000 -0.300916
vn -0.976349 0.000000 -0.216200
vn -0.999039 0.000000 -0.043841
vn -0.976349 0.000000 -0.216200
vn -0.999040 -0.000016 0.043809
vn -0.999039 0.000000 -0.043841
vn -0.999039 0.000000 -0.043841
vn -0.999040 -0.000016 0.043809
vn -0.976348 -0.000018 0.216204
vn -0.976348 -0.000018 0.216204
vn -0.999040 -0.000016 0.043809
vn -0.953663 -0.000019 0.300876
vn -0.976348 -0.000018 0.216204
vn -0.953663 -0.000019 0.300876
vn -0.887147 -0.000021 0.461488
vn -0.887147 -0.000021 0.461488
vn -0.953663 -0.000019 0.300876
vn -0.843293 -0.000021 0.537453
vn 0.000000 -1.000000 -0.000015
vn 0.000000 -1.000000 -0.000015
vn 0.000000 -1.000000 -0.000015
vn 0.000000 -1.000000 -0.000015
vn 0.000000 -1.000000 -0.000015
vn 0.000000 -1.000000 -0.000015
vn 0.000000 1.000000 -0.000015
vn 0.000000 1.000000 -0.000015
vn 0.000000 1.000000 -0.000015
vn 0.000000 -1.000000 -0.000015
vn 0.000000 -1.000000 -0.000015
vn 0.000000 -1.000000 -0.000015
vn 0.000000 -1.000000 -0.000015
vn 0.000000 -1.000000 -0.000015
vn 0.000000 -1.000000 -0.000015
vn 0.000000 -1.000000 -0.000015
vn 0.000000 -1.000000 -0.000015
vn 0.000000 -1.000000 -0.000015
vn 0.000000 1.000000 -0.000015
vn 0.000000 1.000000 -0.000015
vn 0.000000 1.000000 -0.000015
vn 0.000000 1.000000 -0.000015
vn 0.000000 1.000000 -0.000015
vn 0.000000 1.000000 -0.000015
vn 0.000000 -1.000000 -0.000015
vn 0.000000 -1.000000 -0.000015
vn 0.000000 -1.000000 -0.000015
vn 0.000000 -1.000000 -0.000015
vn 0.000000 -1.000000 -0.000015
vn 0.000000 -1.000000 -0.000015
vn 0.000000 1.000000 -0.000015
vn 0.000000 1.000000 -0.000015
vn 0.000000 1.000000 -0.000015
vn 0.000000 -1.000000 -0.000015
vn 0.000000 -1.000000 -0.000015
vn 0.000000 -1.000000 -0.000015
vn 0.000000 -1.000000 -0.000015
vn 0.000000 -1.000000 -0.000015
vn 0.000000 -1.000000 -0.000015
vn 0.000000 -1.000000 -0.000015
vn 0.000000 -1.000000 -0.000015
vn 0.000000 -1.000000 -0.000015
vn 0.000000 1.000000 -0.000015
vn 0.000000 1.000000 -0.000015
vn 0.000000 1.000000 -0.000015
vn 0.000000 1.000000 -0.000015
vn 0.000000 1.000000 -0.000015
vn 0.000000 1.000000 -0.000015
vn -0.887147 -0.000021 0.461488
vn -0.843293 -0.000021 0.537453
vn -0.737470 -0.000022 0.675380
vn -0.843293 -0.000021 0.537453
vn -0.675470 -0.000022 0.737388
vn -0.737470 -0.000022 0.675380
vn 0.000000 -1.000000 -0.000015
vn 0.000000 -1.000000 -0.000015
vn 0.000000 -1.000000 -0.000015
vn -0.737470 -0.000022 0.675380
vn -0.675470 -0.000022 0.737388
vn -0.537503 -0.000021 0.843262
vn -0.675470 -0.000022 0.737388
vn -0.461586 -0.000021 0.887095
vn -0.537503 -0.000021 0.843262
vn 0.000000 -1.000000 -0.000015
vn 0.000000 -1.000000 -0.000015
vn 0.000000 -1.000000 -0.000015
vn 0.000000 -1.000000 -0.000015
vn 0.000000 -1.000000 -0.000015
vn 0.000000 -1.000000 -0.000015
vn 0.000000 1.000000 -0.000015
vn 0.000000 1.000000 -0.000015
vn 0.000000 1.000000 -0.000015
vn 0.000000 1.000000 -0.000015
vn 0.000000 1.000000 -0.000015
vn 0.000000 1.000000 -0.000015
vn -0.537503 -0.000021 0.843262
vn -0.461586 -0.000021 0.887095
vn -0.300967 -0.000019 0.953635
vn -0.461586 -0.000021 0.887095
vn -0.216246 -0.000018 0.976339
vn -0.300967 -0.000019 0.953635
vn 0.000000 -1.000000 -0.000015
vn 0.000000 -1.000000 -0.000015
vn 0.000000 -1.000000 -0.000015
vn 0.000000 -1.000000 -0.000015
vn 0.000000 -1.000000 -0.000015
vn 0.000000 -1.000000 -0.000015
vn 0.000000 1.000000 -0.000015
vn 0.000000 1.000000 -0.000015
vn 0.000000 1.000000 -0.000015
vn -0.300967 -0.000019 0.953635
vn -0.216246 -0.000018 0.976339
vn -0.043875 -0.000016 0.999037
vn -0.216246 -0.000018 0.976339
vn 0.043842 -0.000016 0.999038
vn -0.043875 -0.000016 0.999037
vn 0.000000 -1.000000 -0.000015
vn 0.000000 -1.000000 -0.000015
vn 0.000000 -1.000000 -0.000015
vn 0.000000 -1.000000 -0.000015
vn 0.000000 -1.000000 -0.000015
vn 0.000000 -1.000000 -0.000015
vn 0.043858 0.000000 -0.999038
vn 0.216264 0.000000 -0.976335
vn -0.043858 0.000000 -0.999038
vn 0.043858 0.000000 -0.999038
vn 0.300939 0.000000 -0.953643
vn 0.216264 0.000000 -0.976335
vn 0.000000 1.000000 -0.000015
vn 0.000000 1.000000 -0.000015
vn 0.000000 1.000000 -0.000015
vn 0.000000 -1.000000 -0.000015
vn 0.000000 -1.000000 -0.000015
vn 0.000000 -1.000000 -0.000015
vn 0.300939 0.000000 -0.953643
vn 0.537517 0.000000 -0.843253
vn 0.461553 0.000000 -0.887113
vn 0.300939 0.000000 -0.953643
vn 0.461553 0.000000 -0.887113
vn 0.216264 0.000000 -0.976335
vn 0.000000 1.000000 -0.000015
vn 0.000000 1.000000 -0.000015
vn 0.000000 1.000000 -0.000015
vn 0.000000 1.000000 -0.000015
vn 0.000000 1.000000 -0.000015
vn 0.000000 1.000000 -0.000015
vn 0.000000 -1.000000 -0.000015
vn 0.000000 -1.000000 -0.000015
vn 0.000000 -1.000000 -0.000015
vn 0.537517 0.000000 -0.843253
vn 0.675437 0.000000 -0.737418
vn 0.461553 0.000000 -0.887113
vn 0.537517 0.000000 -0.843253
vn 0.737439 0.000000 -0.675414
vn 0.675437 0.000000 -0.737418
vn 0.737439 0.000000 -0.675414
vn 0.887125 0.000000 -0.461528
vn 0.843300 0.000000 -0.537444
vn 0.737439 0.000000 -0.675414
vn 0.843300 0.000000 -0.537444
vn 0.675437 0.000000 -0.737418
vn 0.000000 -1.000000 -0.000015
vn 0.000000 -1.000000 -0.000015
vn 0.000000 -1.000000 -0.000015
vn 0.000000 -1.000000 -0.000015
vn 0.000000 -1.000000 -0.000015
vn 0.000000 -1.000000 -0.000015
vn 0.000000 -1.000000 -0.000015
vn 0.000000 -1.000000 -0.000015
vn 0.000000 -1.000000 -0.000015
vn 0.000000 -1.000000 -0.000015
vn 0.000000 -1.000000 -0.000015
vn 0.000000 -1.000000 -0.000015
vn 0.000000 1.000000 -0.000015
vn 0.000000 1.000000 -0.000015
vn 0.000000 1.000000 -0.000015
vn 0.000000 1.000000 -0.000015
vn 0.000000 1.000000 -0.000015
vn 0.000000 1.000000 -0.000015
vn 0.000000 -1.000000 -0.000015
vn 0.000000 -1.000000 -0.000015
vn 0.000000 -1.000000 -0.000015
vn 0.000000 -1.000000 -0.000015
vn 0.000000 -1.000000 -0.000015
vn 0.000000 -1.000000 -0.000015
vn 0.000000 1.000000 -0.000015
vn 0.000000 1.000000 -0.000015
vn 0.000000 1.000000 -0.000015
vn 0.000000 -1.000000 -0.000015
vn 0.000000 -1.000000 -0.000015
vn 0.000000 -1.000000 -0.000015
vn 0.000000 -1.000000 -0.000015
vn 0.000000 -1.000000 -0.000015
vn 0.000000 -1.000000 -0.000015
vn 0.000000 1.000000 -0.000015
vn 0.000000 1.000000 -0.000015
vn 0.000000 1.000000 -0.000015
vn 0.000000 1.000000 -0.000015
vn 0.000000 1.000000 -0.000015
vn 0.000000 1.000000 -0.000015
vn 0.000000 -1.000000 -0.000015
vn 0.000000 -1.000000 -0.000015
vn 0.000000 -1.000000 -0.000015
vn 0.000000 -1.000000 -0.000015
vn 0.000000 -1.000000 -0.000015
vn 0.000000 -1.000000 -0.000015
vn 0.000000 -1.000000 -0.000015
vn 0.000000 -1.000000 -0.000015
vn 0.000000 -1.000000 -0.000015
vn 0.000000 1.000000 -0.000015
vn 0.000000 1.000000 -0.000015
vn 0.000000 1.000000 -0.000015
vn 0.000000 -1.000000 -0.000015
vn 0.000000 -1.000000 -0.000015
vn 0.000000 -1.000000 -0.000015
vn 0.000000 -1.000000 -0.000015
vn 0.000000 -1.000000 -0.000015
vn 0.000000 -1.000000 -0.000015
vn 0.000000 1.000000 -0.000015
vn 0.000000 1.000000 -0.000015
vn 0.000000 1.000000 -0.000015
vn -0.043875 -0.000016 0.999037
vn 0.043842 -0.000016 0.999038
vn 0.216204 -0.000018 0.976348
vn 0.043842 -0.000016 0.999038
vn 0.300922 -0.000019 0.953649
vn 0.216204 -0.000018 0.976348
vn 0.000000 -1.000000 -0.000015
vn 0.000000 -1.000000 -0.000015
vn 0.000000 -1.000000 -0.000015
vn 0.000000 -1.000000 -0.000015
vn 0.000000 -1.000000 -0.000015
vn 0.000000 -1.000000 -0.000015
vn 0.000000 1.000000 -0.000015
vn 0.000000 1.000000 -0.000015
vn 0.000000 1.000000 -0.000015
vn 0.000000 1.000000 -0.000015
vn 0.000000 1.000000 -0.000015
vn 0.000000 1.000000 -0.000015
vn 0.216204 -0.000018 0.976348
vn 0.300922 -0.000019 0.953649
vn 0.461537 -0.000021 0.887121
vn 0.300922 -0.000019 0.953649
vn 0.537453 -0.000021 0.843293
vn 0.461537 -0.000021 0.887121
vn 0.000000 -1.000000 -0.000015
vn 0.000000 -1.000000 -0.000015
vn 0.000000 -1.000000 -0.000015
vn 0.537453 -0.000021 0.843293
vn 0.737429 -0.000022 0.675425
vn 0.675425 -0.000022 0.737429
vn 0.461537 -0.000021 0.887121
vn 0.537453 -0.000021 0.843293
vn 0.675425 -0.000022 0.737429
vn 0.675425 -0.000022 0.737429
vn 0.737429 -0.000022 0.675425
vn 0.843262 -0.000021 0.537503
vn 0.737429 -0.000022 0.675425
vn 0.887121 -0.000021 0.461537
vn 0.843262 -0.000021 0.537503
vn 0.887125 0.000000 -0.461528
vn 0.976349 0.000000 -0.216200
vn 0.953651 0.000000 -0.300916
vn 0.887125 0.000000 -0.461528
vn 0.953651 0.000000 -0.300916
vn 0.843300 0.000000 -0.537444
vn 0.976349 0.000000 -0.216200
vn 0.999038 -0.000016 0.043842
vn 0.999039 0.000000 -0.043841
vn 0.976349 0.000000 -0.216200
vn 0.999039 0.000000 -0.043841
vn 0.953651 0.000000 -0.300916
vn 0.999038 -0.000016 0.043842
vn 0.953649 -0.000019 0.300922
vn 0.976339 -0.000018 0.216246
vn 0.999038 -0.000016 0.043842
vn 0.976339 -0.000018 0.216246
vn 0.999039 0.000000 -0.043841
vn 0.843262 -0.000021 0.537503
vn 0.887121 -0.000021 0.461537
vn 0.953649 -0.000019 0.300922
vn 0.953649 -0.000019 0.300922
vn 0.887121 -0.000021 0.461537
vn 0.976339 -0.000018 0.216246
vn -0.896551 0.000000 -0.442941
vn -0.606122 0.602853 -0.518829
vn -0.658756 0.000000 -0.752356
vn -0.658756 0.000000 -0.752356
vn -0.606122 0.602853 -0.518829
vn -0.515731 0.474916 -0.713075
vn -1.000000 0.000000 -0.000015
vn -0.786963 0.616432 0.026466
vn -0.777482 0.618427 -0.114325
vn -1.000000 0.000000 -0.000015
vn -0.777482 0.618427 -0.114325
vn -0.813640 0.481129 -0.326351
vn -0.896551 0.000000 -0.442941
vn -1.000000 0.000000 -0.000015
vn -0.813640 0.481129 -0.326351
vn -0.896551 0.000000 -0.442941
vn -0.813640 0.481129 -0.326351
vn -0.606122 0.602853 -0.518829
vn 0.000000 1.000000 -0.000015
vn 0.000000 1.000000 -0.000015
vn 0.000000 1.000000 -0.000015
vn -0.907959 -0.000020 0.419059
vn -0.663739 0.743263 0.083732
vn -0.786963 0.616432 0.026466
vn -1.000000 0.000000 -0.000015
vn -0.907959 -0.000020 0.419059
vn -0.786963 0.616432 0.026466
vn -0.907959 -0.000020 0.419059
vn -0.700977 0.650562 0.292235
vn -0.663739 0.743263 0.083732
vn -0.907959 -0.000020 0.419059
vn -0.694062 0.435728 0.573080
vn -0.700977 0.650562 0.292235
vn 0.000000 1.000000 -0.000015
vn 0.000000 1.000000 -0.000015
vn 0.000000 1.000000 -0.000015
vn -0.907959 -0.000020 0.419059
vn -0.707150 -0.000022 0.707064
vn -0.694062 0.435728 0.573080
vn -0.707150 -0.000022 0.707064
vn -0.442998 -0.000020 0.896523
vn -0.694062 0.435728 0.573080
vn -0.382665 0.000000 -0.923887
vn -0.515731 0.474916 -0.713075
vn -0.331660 0.720202 -0.609353
vn -0.658756 0.000000 -0.752356
vn -0.515731 0.474916 -0.713075
vn -0.382665 0.000000 -0.923887
vn -0.382665 0.000000 -0.923887
vn -0.331660 0.720202 -0.609353
vn -0.147861 0.490646 -0.858722
vn -0.382665 0.000000 -0.923887
vn -0.147861 0.490646 -0.858722
vn 0.099000 0.000000 -0.995088
vn 0.000000 1.000000 -0.000015
vn 0.000000 1.000000 -0.000015
vn 0.000000 1.000000 -0.000015
vn 0.000000 1.000000 -0.000015
vn 0.000000 1.000000 -0.000015
vn 0.000000 1.000000 -0.000015
vn 0.000000 1.000000 -0.000015
vn 0.000000 1.000000 -0.000015
vn 0.000000 1.000000 -0.000015
vn 0.099000 0.000000 -0.995088
vn -0.147861 0.490646 -0.858722
vn 0.014516 0.624227 -0.781108
vn 0.099000 0.000000 -0.995088
vn 0.014516 0.624227 -0.781108
vn 0.106165 0.632764 -0.767033
vn 0.000000 1.000000 -0.000015
vn 0.000000 1.000000 -0.000015
vn 0.000000 1.000000 -0.000015
vn 0.099000 0.000000 -0.995088
vn 0.106165 0.632764 -0.767033
vn 0.443014 0.000000 -0.896515
vn 0.443014 0.000000 -0.896515
vn 0.106165 0.632764 -0.767033
vn 0.374635 0.517259 -0.769475
vn 0.000000 1.000000 -0.000015
vn 0.000000 1.000000 -0.000015
vn 0.000000 1.000000 -0.000015
vn 0.000000 1.000000 -0.000015
vn 0.000000 1.000000 -0.000015
vn 0.000000 1.000000 -0.000015
vn 0.000000 1.000000 -0.000015
vn 0.000000 1.000000 -0.000015
vn 0.000000 1.000000 -0.000015
vn 0.000000 1.000000 -0.000015
vn 0.000000 1.000000 -0.000015
vn 0.000000 1.000000 -0.000015
vn -0.442998 -0.000020 0.896523
vn -0.355363 0.712335 0.605223
vn -0.694062 0.435728 0.573080
vn -0.000015 -0.000015 1.000000
vn -0.130545 0.736767 0.663424
vn -0.355363 0.712335 0.605223
vn -0.442998 -0.000020 0.896523
vn -0.000015 -0.000015 1.000000
vn -0.355363 0.712335 0.605223
vn 0.000000 1.000000 -0.000015
vn 0.000000 1.000000 -0.000015
vn 0.000000 1.000000 -0.000015
vn 0.000000 1.000000 -0.000015
vn 0.000000 1.000000 -0.000015
vn 0.000000 1.000000 -0.000015
vn -0.000015 -0.000015 1.000000
vn 0.076324 0.582700 0.809095
vn -0.130545 0.736767 0.663424
vn -0.000015 -0.000015 1.000000
vn 0.320717 -0.000019 0.947175
vn 0.076324 0.582700 0.809095
vn 0.320717 -0.000019 0.947175
vn 0.220717 0.771262 0.597025
vn 0.076324 0.582700 0.809095
vn 0.707118 0.000000 -0.707096
vn 0.374635 0.517259 -0.769475
vn 0.411272 0.687457 -0.598546
vn 0.443014 0.000000 -0.896515
vn 0.374635 0.517259 -0.769475
vn 0.707118 0.000000 -0.707096
vn 0.707118 0.000000 -0.707096
vn 0.411272 0.687457 -0.598546
vn 0.689995 0.557087 -0.462126
vn 0.000000 1.000000 -0.000015
vn 0.000000 1.000000 -0.000015
vn 0.000000 1.000000 -0.000015
vn 0.000000 1.000000 -0.000015
vn 0.000000 1.000000 -0.000015
vn 0.000000 1.000000 -0.000015
vn 0.947177 0.000000 -0.320711
vn 0.689995 0.557087 -0.462126
vn 0.655647 0.735817 -0.169414
vn 0.707118 0.000000 -0.707096
vn 0.689995 0.557087 -0.462126
vn 0.947177 0.000000 -0.320711
vn 0.947177 0.000000 -0.320711
vn 0.655647 0.735817 -0.169414
vn 0.997809 -0.000016 0.066159
vn 0.000000 1.000000 -0.000015
vn 0.000000 1.000000 -0.000015
vn 0.000000 1.000000 -0.000015
vn 0.000000 1.000000 -0.000015
vn 0.000000 1.000000 -0.000015
vn 0.000000 1.000000 -0.000015
vn 0.997809 -0.000016 0.066159
vn 0.655647 0.735817 -0.169414
vn 0.661326 0.749476 0.030549
vn 0.923874 -0.000020 0.382696
vn 0.661326 0.749476 0.030549
vn 0.608988 0.771881 0.182575
vn 0.923874 -0.000020 0.382696
vn 0.608988 0.771881 0.182575
vn 0.482299 0.779098 0.400492
vn 0.997809 -0.000016 0.066159
vn 0.661326 0.749476 0.030549
vn 0.923874 -0.000020 0.382696
vn 0.633628 -0.000021 0.773638
vn 0.923874 -0.000020 0.382696
vn 0.482299 0.779098 0.400492
vn 0.633628 -0.000021 0.773638
vn 0.323748 0.770592 0.548976
vn 0.220717 0.771262 0.597025
vn 0.633628 -0.000021 0.773638
vn 0.482299 0.779098 0.400492
vn 0.323748 0.770592 0.548976
vn 0.320717 -0.000019 0.947175
vn 0.633628 -0.000021 0.773638
vn 0.220717 0.771262 0.597025
vn -0.896551 0.000000 -0.442941
vn -0.572745 0.438841 -0.692374
vn -0.707118 0.000000 -0.707096
vn -0.472196 0.000000 -0.881494
vn -0.572745 0.438841 -0.692374
vn -0.287987 0.657289 -0.696444
vn -0.707118 0.000000 -0.707096
vn -0.572745 0.438841 -0.692374
vn -0.472196 0.000000 -0.881494
vn -0.896551 0.000000 -0.442941
vn -0.603069 0.717622 -0.348319
vn -0.572745 0.438841 -0.692374
vn -0.997809 0.000000 -0.066158
vn -0.663502 0.744626 -0.072786
vn -0.603069 0.717622 -0.348319
vn -0.896551 0.000000 -0.442941
vn -0.997809 0.000000 -0.066158
vn -0.603069 0.717622 -0.348319
vn 0.000000 1.000000 -0.000015
vn 0.000000 1.000000 -0.000015
vn 0.000000 1.000000 -0.000015
vn 0.000000 1.000000 -0.000015
vn 0.000000 1.000000 -0.000015
vn 0.000000 1.000000 -0.000015
vn -0.957227 -0.000019 0.289338
vn -0.659474 0.751008 0.032882
vn -0.663502 0.744626 -0.072786
vn -0.957227 -0.000019 0.289338
vn -0.590625 0.773414 0.230202
vn -0.659474 0.751008 0.032882
vn -0.707150 -0.000022 0.707064
vn -0.446572 0.780390 0.437682
vn -0.590625 0.773414 0.230202
vn -0.997809 0.000000 -0.066158
vn -0.957227 -0.000019 0.289338
vn -0.663502 0.744626 -0.072786
vn -0.957227 -0.000019 0.289338
vn -0.707150 -0.000022 0.707064
vn -0.590625 0.773414 0.230202
vn 0.000000 1.000000 -0.000015
vn 0.000000 1.000000 -0.000015
vn 0.000000 1.000000 -0.000015
vn 0.000000 1.000000 -0.000015
vn 0.000000 1.000000 -0.000015
vn 0.000000 1.000000 -0.000015
vn -0.707150 -0.000022 0.707064
vn -0.320677 0.770132 0.551419
vn -0.446572 0.780390 0.437682
vn -0.707150 -0.000022 0.707064
vn -0.382696 -0.000020 0.923874
vn -0.320677 0.770132 0.551419
vn -0.472196 0.000000 -0.881494
vn -0.106165 0.632714 -0.767074
vn -0.039761 0.000000 -0.999209
vn -0.472196 0.000000 -0.881494
vn -0.287987 0.657289 -0.696444
vn -0.106165 0.632714 -0.767074
vn -0.039761 0.000000 -0.999209
vn -0.106165 0.632714 -0.767074
vn 0.028133 0.737484 -0.674778
vn -0.039761 0.000000 -0.999209
vn 0.028133 0.737484 -0.674778
vn 0.124437 0.623300 -0.772018
vn 0.000000 1.000000 -0.000015
vn 0.000000 1.000000 -0.000015
vn 0.000000 1.000000 -0.000015
vn 0.000000 1.000000 -0.000015
vn 0.000000 1.000000 -0.000015
vn 0.000000 1.000000 -0.000015
vn -0.039761 0.000000 -0.999209
vn 0.124437 0.623300 -0.772018
vn 0.334957 0.483639 -0.808639
vn -0.039761 0.000000 -0.999209
vn 0.334957 0.483639 -0.808639
vn 0.443014 0.000000 -0.896515
vn 0.000000 1.000000 -0.000015
vn 0.000000 1.000000 -0.000015
vn 0.000000 1.000000 -0.000015
vn 0.443014 0.000000 -0.896515
vn 0.334957 0.483639 -0.808639
vn 0.474389 0.600263 -0.643925
vn 0.443014 0.000000 -0.896515
vn 0.474389 0.600263 -0.643925
vn 0.707118 0.000000 -0.707096
vn 0.000000 1.000000 -0.000015
vn 0.000000 1.000000 -0.000015
vn 0.000000 1.000000 -0.000015
vn 0.000000 1.000000 -0.000015
vn 0.000000 1.000000 -0.000015
vn 0.000000 1.000000 -0.000015
vn 0.000000 1.000000 -0.000015
vn 0.000000 1.000000 -0.000015
vn 0.000000 1.000000 -0.000015
vn 0.000000 1.000000 -0.000015
vn 0.000000 1.000000 -0.000015
vn 0.000000 1.000000 -0.000015
vn -0.382696 -0.000020 0.923874
vn -0.173021 0.769293 0.615021
vn -0.320677 0.770132 0.551419
vn -0.382696 -0.000020 0.923874
vn -0.021141 0.746010 0.665600
vn -0.173021 0.769293 0.615021
vn -0.066194 -0.000016 0.997807
vn 0.158688 0.573607 0.803612
vn -0.021141 0.746010 0.665600
vn -0.382696 -0.000020 0.923874
vn -0.066194 -0.000016 0.997807
vn -0.021141 0.746010 0.665600
vn 0.000000 1.000000 -0.000015
vn 0.000000 1.000000 -0.000015
vn 0.000000 1.000000 -0.000015
vn 0.000000 1.000000 -0.000015
vn 0.000000 1.000000 -0.000015
vn 0.000000 1.000000 -0.000015
vn 0.000000 1.000000 -0.000015
vn 0.000000 1.000000 -0.000015
vn 0.000000 1.000000 -0.000015
vn 0.320717 -0.000019 0.947175
vn 0.436776 0.702834 0.561473
vn 0.158688 0.573607 0.803612
vn -0.066194 -0.000016 0.997807
vn 0.320717 -0.000019 0.947175
vn 0.158688 0.573607 0.803612
vn 0.320717 -0.000019 0.947175
vn 0.707107 -0.000022 0.707107
vn 0.436776 0.702834 0.561473
vn 0.707118 0.000000 -0.707096
vn 0.474389 0.600263 -0.643925
vn 0.578202 0.603924 -0.548597
vn 0.707118 0.000000 -0.707096
vn 0.578202 0.603924 -0.548597
vn 0.696897 0.604307 -0.386195
vn 0.707118 0.000000 -0.707096
vn 0.696897 0.604307 -0.386195
vn 0.947177 0.000000 -0.320711
vn 0.000000 1.000000 -0.000015
vn 0.000000 1.000000 -0.000015
vn 0.000000 1.000000 -0.000015
vn 0.947177 0.000000 -0.320711
vn 0.696897 0.604307 -0.386195
vn 0.861982 0.487336 -0.139612
vn 0.947177 0.000000 -0.320711
vn 0.861982 0.487336 -0.139612
vn 0.995089 -0.000017 0.098983
vn 0.995089 -0.000017 0.098983
vn 0.861982 0.487336 -0.139612
vn 0.785885 0.617949 0.022881
vn 0.707107 -0.000022 0.707107
vn 0.771697 0.512175 0.377042
vn 0.603232 0.681678 0.414037
vn 0.896523 -0.000020 0.442998
vn 0.772059 0.625424 0.113007
vn 0.771697 0.512175 0.377042
vn 0.000000 1.000000 -0.000015
vn 0.000000 1.000000 -0.000015
vn 0.000000 1.000000 -0.000015
vn 0.707107 -0.000022 0.707107
vn 0.896523 -0.000020 0.442998
vn 0.771697 0.512175 0.377042
vn 0.995089 -0.000017 0.098983
vn 0.785885 0.617949 0.022881
vn 0.772059 0.625424 0.113007
vn 0.995089 -0.000017 0.098983
vn 0.772059 0.625424 0.113007
vn 0.896523 -0.000020 0.442998
vn 0.707107 -0.000022 0.707107
vn 0.603232 0.681678 0.414037
vn 0.436776 0.702834 0.561473
vn 0.000000 -0.866032 -0.499988
vn 0.000000 -0.866032 -0.499988
vn 0.000000 -0.866032 -0.499988
vn 0.000000 0.500013 -0.866018
vn 0.000000 0.500013 -0.866018
vn 0.000000 0.500013 -0.866018
vn -1.000000 0.000000 -0.000015
vn -1.000000 0.000000 -0.000015
vn -1.000000 0.000000 -0.000015
vn -1.000000 0.000000 -0.000015
vn -1.000000 0.000000 -0.000015
vn -1.000000 0.000000 -0.000015
vn -1.000000 0.000000 -0.000015
vn -1.000000 0.000000 -0.000015
vn -1.000000 0.000000 -0.000015
vn -1.000000 0.000000 -0.000015
vn -1.000000 0.000000 -0.000015
vn -1.000000 0.000000 -0.000015
vn -0.000021 -0.500047 0.865998
vn -0.000021 -0.500047 0.865998
vn -0.000021 -0.500047 0.865998
vn -0.000021 -0.500047 0.865998
vn -0.000021 -0.500047 0.865998
vn -0.000021 -0.500047 0.865998
vn -0.000021 -0.500047 0.865998
vn -0.000021 -0.500047 0.865998
vn -0.000021 -0.500047 0.865998
vn -0.000021 -0.500047 0.865998
vn -0.000021 -0.500047 0.865998
vn -0.000021 -0.500047 0.865998
vn -0.000021 -0.500047 0.865998
vn -0.000021 -0.500047 0.865998
vn -0.000021 -0.500047 0.865998
vn -0.000021 -0.500047 0.865998
vn -0.000021 -0.500047 0.865998
vn -0.000021 -0.500047 0.865998
vn -0.000021 -0.500047 0.865998
vn -0.000021 -0.500047 0.865998
vn -0.000021 -0.500047 0.865998
vn -0.000021 -0.500047 0.865998
vn -0.000021 -0.500047 0.865998
vn -0.000021 -0.500047 0.865998
vn -0.000021 -0.500047 0.865998
vn -0.000021 -0.500047 0.865998
vn -0.000021 -0.500047 0.865998
vn -0.000021 -0.500047 0.865998
vn -0.000021 -0.500047 0.865998
vn -0.000021 -0.500047 0.865998
vn -0.000021 -0.500047 0.865998
vn -0.000021 -0.500047 0.865998
vn -0.000021 -0.500047 0.865998
vn -1.000000 0.000000 -0.000015
vn -1.000000 0.000000 -0.000015
vn -1.000000 0.000000 -0.000015
vn 0.000000 0.500013 -0.866018
vn 0.000000 0.500013 -0.866018
vn 0.000000 0.500013 -0.866018
vn -0.000042 0.499982 -0.866036
vn -0.000042 0.499982 -0.866036
vn -0.000042 0.499982 -0.866036
vn 0.000000 0.500013 -0.866018
vn 0.000000 0.500013 -0.866018
vn 0.000000 0.500013 -0.866018
vn 0.000000 -0.866032 -0.499988
vn 0.000000 -0.866032 -0.499988
vn 0.000000 -0.866032 -0.499988
vn -0.000021 -0.500047 0.865998
vn -0.000021 -0.500047 0.865998
vn -0.000021 -0.500047 0.865998
vn -0.000021 -0.500047 0.865998
vn -0.000021 -0.500047 0.865998
vn -0.000021 -0.500047 0.865998
vn 1.000000 0.000000 -0.000015
vn 1.000000 0.000000 -0.000015
vn 1.000000 0.000000 -0.000015
vn -0.000021 -0.500047 0.865998
vn -0.000021 -0.500047 0.865998
vn -0.000021 -0.500047 0.865998
vn 1.000000 0.000000 -0.000015
vn 1.000000 0.000000 -0.000015
vn 1.000000 0.000000 -0.000015
vn -0.000021 -0.500047 0.865998
vn -0.000021 -0.500047 0.865998
vn -0.000021 -0.500047 0.865998
vn -0.000021 -0.500047 0.865998
vn -0.000021 -0.500047 0.865998
vn -0.000021 -0.500047 0.865998
vn 1.000000 0.000000 -0.000015
vn 1.000000 0.000000 -0.000015
vn 1.000000 0.000000 -0.000015
vn 1.000000 0.000000 -0.000015
vn 1.000000 0.000000 -0.000015
vn 1.000000 0.000000 -0.000015
vn -0.000042 0.499982 -0.866036
vn -0.000042 0.499982 -0.866036
vn -0.000042 0.499982 -0.866036
vn 0.000042 0.500031 -0.866008
vn 0.000042 0.500031 -0.866008
vn 0.000042 0.500031 -0.866008
vn -0.000042 0.499982 -0.866036
vn -0.000042 0.499982 -0.866036
vn -0.000042 0.499982 -0.866036
vn 0.000000 0.500013 -0.866018
vn 0.000000 0.500013 -0.866018
vn 0.000000 0.500013 -0.866018
vn 0.000042 0.500031 -0.866008
vn 0.000042 0.500031 -0.866008
vn 0.000042 0.500031 -0.866008
vn 0.000000 0.500013 -0.866018
vn 0.000000 0.500013 -0.866018
vn 0.000000 0.500013 -0.866018
vn 0.000000 0.500013 -0.866018
vn 0.000000 0.500013 -0.866018
vn 0.000000 0.500013 -0.866018
vn 1.000000 0.000000 -0.000015
vn 1.000000 0.000000 -0.000015
vn 1.000000 0.000000 -0.000015
f 1/1/1 3/1/3 2/1/2
f 4/1/4 6/1/6 5/1/5
f 7/1/7 9/1/9 8/1/8
f 10/1/10 12/1/12 11/1/11
f 13/1/13 15/1/15 14/1/14
f 16/1/16 18/1/18 17/1/17
f 19/1/19 21/1/21 20/1/20
f 22/1/22 24/1/24 23/1/23
f 25/1/25 27/1/27 26/1/26
f 28/1/28 30/1/30 29/1/29
f 31/1/31 33/1/33 32/1/32
f 34/1/34 36/1/36 35/1/35
f 37/1/37 39/1/39 38/1/38
f 40/1/40 42/1/42 41/1/41
f 43/1/43 45/1/45 44/1/44
f 46/1/46 48/1/48 47/1/47
f 49/1/49 51/1/51 50/1/50
f 52/1/52 54/1/54 53/1/53
f 55/1/55 57/1/57 56/1/56
f 58/1/58 60/1/60 59/1/59
f 61/1/61 63/1/63 62/1/62
f 64/1/64 66/1/66 65/1/65
f 67/1/67 69/1/69 68/1/68
f 70/1/70 72/1/72 71/1/71
f 73/1/73 75/1/75 74/1/74
f 76/1/76 78/1/78 77/1/77
f 79/1/79 81/1/81 80/1/80
f 82/1/82 84/1/84 83/1/83
f 85/1/85 87/1/87 86/1/86
f 88/1/88 90/1/90 89/1/89
f 91/1/91 93/1/93 92/1/92
f 94/1/94 96/1/96 95/1/95
f 97/1/97 99/1/99 98/1/98
f 100/1/100 102/1/102 101/1/101
f 103/1/103 105/1/105 104/1/104
f 106/1/106 108/1/108 107/1/107
f 109/1/109 111/1/111 110/1/110
f 112/1/112 114/1/114 113/1/113
f 115/1/115 117/1/117 116/1/116
f 118/1/118 120/1/120 119/1/119
f 121/1/121 123/1/123 122/1/122
f 124/1/124 126/1/126 125/1/125
f 127/1/127 129/1/129 128/1/128
f 130/1/130 132/1/132 131/1/131
f 133/1/133 135/1/135 134/1/134
f 136/1/136 138/1/138 137/1/137
f 139/1/139 141/1/141 140/1/140
f 142/1/142 144/1/144 143/1/143
f 145/1/145 147/1/147 146/1/146
f 148/1/148 150/1/150 149/1/149
f 151/1/151 153/1/153 152/1/152
f 154/1/154 156/1/156 155/1/155
f 157/1/157 159/1/159 158/1/158
f 160/1/160 162/1/162 161/1/161
f 163/1/163 165/1/165 164/1/164
f 166/1/166 168/1/168 167/1/167
f 169/1/169 171/1/171 170/1/170
f 172/1/172 174/1/174 173/1/173
f 175/1/175 177/1/177 176/1/176
f 178/1/178 180/1/180 179/1/179
f 181/1/181 183/1/183 182/1/182
f 184/1/184 186/1/186 185/1/185
f 187/1/187 189/1/189 188/1/188
f 190/1/190 192/1/192 191/1/191
f 193/1/193 195/1/195 194/1/194
f 196/1/196 198/1/198 197/1/197
f 199/1/199 201/1/201 200/1/200
f 202/1/202 204/1/204 203/1/203
f 205/1/205 207/1/207 206/1/206
f 208/1/208 210/1/210 209/1/209
f 211/1/211 213/1/213 212/1/212
f 214/1/214 216/1/216 215/1/215
f 217/1/217 219/1/219 218/1/218
f 220/1/220 222/1/222 221/1/221
f 223/1/223 225/1/225 224/1/224
f 226/1/226 228/1/228 227/1/227
f 229/1/229 231/1/231 230/1/230
f 232/1/232 234/1/234 233/1/233
f 235/1/235 237/1/237 236/1/236
f 238/1/238 240/1/240 239/1/239
f 241/1/241 243/1/243 242/1/242
f 244/1/244 246/1/246 245/1/245
f 247/1/247 249/1/249 248/1/248
f 250/1/250 252/1/252 251/1/251
f 253/1/253 255/1/255 254/1/254
f 256/1/256 258/1/258 257/1/257
f 259/1/259 261/1/261 260/1/260
f 262/1/262 264/1/264 263/1/263
f 265/1/265 267/1/267 266/1/266
f 268/1/268 270/1/270 269/1/269
f 271/1/271 273/1/273 272/1/272
f 274/1/274 276/1/276 275/1/275
f 277/1/277 279/1/279 278/1/278
f 280/1/280 282/1/282 281/1/281
f 283/1/283 285/1/285 284/1/284
f 286/1/286 288/1/288 287/1/287
f 289/1/289 291/1/291 290/1/290
f 292/1/292 294/1/294 293/1/293
f 295/1/295 297/1/297 296/1/296
f 298/1/298 300/1/300 299/1/299
f 301/1/301 303/1/303 302/1/302
f 304/1/304 306/1/306 305/1/305
f 307/1/307 309/1/309 308/1/308
f 310/1/310 312/1/312 311/1/311
f 313/1/313 315/1/315 314/1/314
f 316/1/316 318/1/318 317/1/317
f 319/1/319 321/1/321 320/1/320
f 322/1/322 324/1/324 323/1/323
f 325/1/325 327/1/327 326/1/326
f 328/1/328 330/1/330 329/1/329
f 331/1/331 333/1/333 332/1/332
f 334/1/334 336/1/336 335/1/335
f 337/1/337 339/1/339 338/1/338
f 340/1/340 342/1/342 341/1/341
f 343/1/343 345/1/345 344/1/344
f 346/1/346 348/1/348 347/1/347
f 349/1/349 351/1/351 350/1/350
f 352/1/352 354/1/354 353/1/353
f 355/1/355 357/1/357 356/1/356
f 358/1/358 360/1/360 359/1/359
f 361/1/361 363/1/363 362/1/362
f 364/1/364 366/1/366 365/1/365
f 367/1/367 369/1/369 368/1/368
f 370/1/370 372/1/372 371/1/371
f 373/1/373 375/1/375 374/1/374
f 376/1/376 378/1/378 377/1/377
f 379/1/379 381/1/381 380/1/380
f 382/1/382 384/1/384 383/1/383
f 385/1/385 387/1/387 386/1/386
f 388/1/388 390/1/390 389/1/389
f 391/1/391 393/1/393 392/1/392
f 394/1/394 396/1/396 395/1/395
f 397/1/397 399/1/399 398/1/398
f 400/1/400 402/1/402 401/1/401
f 403/1/403 405/1/405 404/1/404
f 406/1/406 408/1/408 407/1/407
f 409/1/409 411/1/411 410/1/410
f 412/1/412 414/1/414 413/1/413
f 415/1/415 417/1/417 416/1/416
f 418/1/418 420/1/420 419/1/419
f 421/1/421 423/1/423 422/1/422
f 424/1/424 426/1/426 425/1/425
f 427/1/427 429/1/429 428/1/428
f 430/1/430 432/1/432 431/1/431
f 433/1/433 435/1/435 434/1/434
f 436/1/436 438/1/438 437/1/437
f 439/1/439 441/1/441 440/1/440
f 442/1/442 444/1/444 443/1/443
f 445/1/445 447/1/447 446/1/446
f 448/1/448 450/1/450 449/1/449
f 451/1/451 453/1/453 452/1/452
f 454/1/454 456/1/456 455/1/455
f 457/1/457 459/1/459 458/1/458
f 460/1/460 462/1/462 461/1/461
f 463/1/463 465/1/465 464/1/464
f 466/1/466 468/1/468 467/1/467
f 469/1/469 471/1/471 470/1/470
f 472/1/472 474/1/474 473/1/473
f 475/1/475 477/1/477 476/1/476
f 478/1/478 480/1/480 479/1/479
f 481/1/481 483/1/483 482/1/482
f 484/1/484 486/1/486 485/1/485
f 487/1/487 489/1/489 488/1/488
f 490/1/490 492/1/492 491/1/491
f 493/1/493 495/1/495 494/1/494
f 496/1/496 498/1/498 497/1/497
f 499/1/499 501/1/501 500/1/500
f 502/1/502 504/1/504 503/1/503
f 505/1/505 507/1/507 506/1/506
f 508/1/508 510/1/510 509/1/509
f 511/1/511 513/1/513 512/1/512
f 514/1/514 516/1/516 515/1/515
f 517/1/517 519/1/519 518/1/518
f 520/1/520 522/1/522 521/1/521
f 523/1/523 525/1/525 524/1/524
f 526/1/526 528/1/528 527/1/527
f 529/1/529 531/1/531 530/1/530
f 532/1/532 534/1/534 533/1/533
f 535/1/535 537/1/537 536/1/536
f 538/1/538 540/1/540 539/1/539
f 541/1/541 543/1/543 542/1/542
f 544/1/544 546/1/546 545/1/545
f 547/1/547 549/1/549 548/1/548
f 550/1/550 552/1/552 551/1/551
f 553/1/553 555/1/555 554/1/554
f 556/1/556 558/1/558 557/1/557
f 559/1/559 561/1/561 560/1/560
f 562/1/562 564/1/564 563/1/563
f 565/1/565 567/1/567 566/1/566
f 568/1/568 570/1/570 569/1/569
f 571/1/571 573/1/573 572/1/572
f 574/1/574 576/1/576 575/1/575
f 577/1/577 579/1/579 578/1/578
f 580/1/580 582/1/582 581/1/581
f 583/1/583 585/1/585 584/1/584
f 586/1/586 588/1/588 587/1/587
f 589/1/589 591/1/591 590/1/590
f 592/1/592 594/1/594 593/1/593
f 595/1/595 597/1/597 596/1/596
f 598/1/598 600/1/600 599/1/599
f 601/1/601 603/1/603 602/1/602
f 604/1/604 606/1/606 605/1/605
f 607/1/607 609/1/609 608/1/608
f 610/1/610 612/1/612 611/1/611
f 613/1/613 615/1/615 614/1/614
f 616/1/616 618/1/618 617/1/617
f 619/1/619 621/1/621 620/1/620
f 622/1/622 624/1/624 623/1/623
f 625/1/625 627/1/627 626/1/626
f 628/1/628 630/1/630 629/1/629
f 631/1/631 633/1/633 632/1/632
f 634/1/634 636/1/636 635/1/635
f 637/1/637 639/1/639 638/1/638
f 640/1/640 642/1/642 641/1/641
f 643/1/643 645/1/645 644/1/644
f 646/1/646 648/1/648 647/1/647
f 649/1/649 651/1/651 650/1/650
f 652/1/652 654/1/654 653/1/653
f 655/1/655 657/1/657 656/1/656
f 658/1/658 660/1/660 659/1/659
f 661/1/661 663/1/663 662/1/662
f 664/1/664 666/1/666 665/1/665
f 667/1/667 669/1/669 668/1/668
f 670/1/670 672/1/672 671/1/671
f 673/1/673 675/1/675 674/1/674
f 676/1/676 678/1/678 677/1/677
f 679/1/679 681/1/681 680/1/680
f 682/1/682 684/1/684 683/1/683
f 685/1/685 687/1/687 686/1/686
f 688/1/688 690/1/690 689/1/689
f 691/1/691 693/1/693 692/1/692
f 694/1/694 696/1/696 695/1/695
f 697/1/697 699/1/699 698/1/698
f 700/1/700 702/1/702 701/1/701
f 703/1/703 705/1/705 704/1/704
f 706/1/706 708/1/708 707/1/707
f 709/1/709 711/1/711 710/1/710
f 712/1/712 714/1/714 713/1/713
f 715/1/715 717/1/717 716/1/716
f 718/1/718 720/1/720 719/1/719
f 721/1/721 723/1/723 722/1/722
f 724/1/724 726/1/726 725/1/725
f 727/1/727 729/1/729 728/1/728
f 730/1/730 732/1/732 731/1/731
f 733/1/733 735/1/735 734/1/734
f 736/1/736 738/1/738 737/1/737
f 739/1/739 741/1/741 740/1/740
f 742/1/742 744/1/744 743/1/743
f 745/1/745 747/1/747 746/1/746
f 748/1/748 750/1/750 749/1/749
f 751/1/751 753/1/753 752/1/752
f 754/1/754 756/1/756 755/1/755
f 757/1/757 759/1/759 758/1/758
f 760/1/760 762/1/762 761/1/761
f 763/1/763 765/1/765 764/1/764
f 766/1/766 768/1/768 767/1/767
f 769/1/769 771/1/771 770/1/770
f 772/1/772 774/1/774 773/1/773
f 775/1/775 777/1/777 776/1/776
f 778/1/778 780/1/780 779/1/779
f 781/1/781 783/1/783 782/1/782
f 784/1/784 786/1/786 785/1/785
f 787/1/787 789/1/789 788/1/788
f 790/1/790 792/1/792 791/1/791
f 793/1/793 795/1/795 794/1/794
f 796/1/796 798/1/798 797/1/797
f 799/1/799 801/1/801 800/1/800
f 802/1/802 804/1/804 803/1/803
f 805/1/805 807/1/807 806/1/806
f 808/1/808 810/1/810 809/1/809
f 811/1/811 813/1/813 812/1/812
f 814/1/814 816/1/816 815/1/815
f 817/1/817 819/1/819 818/1/818
f 820/1/820 822/1/822 821/1/821
f 823/1/823 825/1/825 824/1/824
f 826/1/826 828/1/828 827/1/827
f 829/1/829 831/1/831 830/1/830
f 832/1/832 834/1/834 833/1/833
f 835/1/835 837/1/837 836/1/836
f 838/1/838 840/1/840 839/1/839
f 841/1/841 843/1/843 842/1/842
f 844/1/844 846/1/846 845/1/845
f 847/1/847 849/1/849 848/1/848
f 850/1/850 852/1/852 851/1/851
f 853/1/853 855/1/855 854/1/854
f 856/1/856 858/1/858 857/1/857
f 859/1/859 861/1/861 860/1/860
f 862/1/862 864/1/864 863/1/863
f 865/1/865 867/1/867 866/1/866
f 868/1/868 870/1/870 869/1/869
f 871/1/871 873/1/873 872/1/872
f 874/1/874 876/1/876 875/1/875
f 877/1/877 879/1/879 878/1/878
f 880/1/880 882/1/882 881/1/881
f 883/1/883 885/1/885 884/1/884
f 886/1/886 888/1/888 887/1/887
f 889/1/889 891/1/891 890/1/890
f 892/1/892 894/1/894 893/1/893
f 895/1/895 897/1/897 896/1/896
f 898/1/898 900/1/900 899/1/899
f 901/1/901 903/1/903 902/1/902
f 904/1/904 906/1/906 905/1/905
f 907/1/907 909/1/909 908/1/908
f 910/1/910 912/1/912 911/1/911
f 913/1/913 915/1/915 914/1/914
f 916/1/916 918/1/918 917/1/917
f 919/1/919 921/1/921 920/1/920
f 922/1/922 924/1/924 923/1/923
f 925/1/925 927/1/927 926/1/926
f 928/1/928 930/1/930 929/1/929
f 931/1/931 933/1/933 932/1/932
f 934/1/934 936/1/936 935/1/935
f 937/1/937 939/1/939 938/1/938
f 940/1/940 942/1/942 941/1/941
f 943/1/943 945/1/945 944/1/944
f 946/1/946 948/1/948 947/1/947
f 949/1/949 951/1/951 950/1/950
f 952/1/952 954/1/954 953/1/953
f 955/1/955 957/1/957 956/1/956
f 958/1/958 960/1/960 959/1/959
f 961/1/961 963/1/963 962/1/962
f 964/1/964 966/1/966 965/1/965
f 967/1/967 969/1/969 968/1/968
f 970/1/970 972/1/972 971/1/971
f 973/1/973 975/1/975 974/1/974
f 976/1/976 978/1/978 977/1/977
f 979/1/979 981/1/981 980/1/980
f 982/1/982 984/1/984 983/1/983
f 985/1/985 987/1/987 986/1/986
f 988/1/988 990/1/990 989/1/989
f 991/1/991 993/1/993 992/1/992
f 994/1/994 996/1/996 995/1/995
f 997/1/997 999/1/999 998/1/998
f 1000/1/1000 1002/1/1002 1001/1/1001
f 1003/1/1003 1005/1/1005 1004/1/1004
f 1006/1/1006 1008/1/1008 1007/1/1007
f 1009/1/1009 1011/1/1011 1010/1/1010
f 1012/1/1012 1014/1/1014 1013/1/1013
f 1015/1/1015 1017/1/1017 1016/1/1016
f 1018/1/1018 1020/1/1020 1019/1/1019
f 1021/1/1021 1023/1/1023 1022/1/1022
f 1024/1/1024 1026/1/1026 1025/1/1025
f 1027/1/1027 1029/1/1029 1028/1/1028
f 1030/1/1030 1032/1/1032 1031/1/1031
f 1033/1/1033 1035/1/1035 1034/1/1034
f 1036/1/1036 1038/1/1038 1037/1/1037
f 1039/1/1039 1041/1/1041 1040/1/1040
f 1042/1/1042 1044/1/1044 1043/1/1043
f 1045/1/1045 1047/1/1047 1046/1/1046
f 1048/1/1048 1050/1/1050 1049/1/1049
f 1051/1/1051 1053/1/1053 1052/1/1052
f 1054/1/1054 1056/1/1056 1055/1/1055
f 1057/1/1057 1059/1/1059 1058/1/1058
f 1060/1/1060 1062/1/1062 1061/1/1061
f 1063/1/1063 1065/1/1065 1064/1/1064
f 1066/1/1066 1068/1/1068 1067/1/1067
f 1069/1/1069 1071/1/1071 1070/1/1070
f 1072/1/1072 1074/1/1074 1073/1/1073
f 1075/1/1075 1077/1/1077 1076/1/1076
f 1078/1/1078 1080/1/1080 1079/1/1079
f 1081/1/1081 1083/1/1083 1082/1/1082
f 1084/1/1084 1086/1/1086 1085/1/1085
f 1087/1/1087 1089/1/1089 1088/1/1088
f 1090/1/1090 1092/1/1092 1091/1/1091
f 1093/1/1093 1095/1/1095 1094/1/1094
f 1096/1/1096 1098/1/1098 1097/1/1097
f 1099/1/1099 1101/1/1101 1100/1/1100
f 1102/1/1102 1104/1/1104 1103/1/1103
f 1105/1/1105 1107/1/1107 1106/1/1106
f 1108/1/1108 1110/1/1110 1109/1/1109
f 1111/1/1111 1113/1/1113 1112/1/1112
f 1114/1/1114 1116/1/1116 1115/1/1115
f 1117/1/1117 1119/1/1119 1118/1/1118
f 1120/1/1120 1122/1/1122 1121/1/1121
f 1123/1/1123 1125/1/1125 1124/1/1124
f 1126/1/1126 1128/1/1128 1127/1/1127
f 1129/1/1129 1131/1/1131 1130/1/1130
f 1132/1/1132 1134/1/1134 1133/1/1133
f 1135/1/1135 1137/1/1137 1136/1/1136
f 1138/1/1138 1140/1/1140 1139/1/1139
f 1141/1/1141 1143/1/1143 1142/1/1142
f 1144/1/1144 1146/1/1146 1145/1/1145
f 1147/1/1147 1149/1/1149 1148/1/1148
f 1150/1/1150 1152/1/1152 1151/1/1151
f 1153/1/1153 1155/1/1155 1154/1/1154
f 1156/1/1156 1158/1/1158 1157/1/1157
f 1159/1/1159 1161/1/1161 1160/1/1160
f 1162/1/1162 1164/1/1164 1163/1/1163
f 1165/1/1165 1167/1/1167 1166/1/1166
f 1168/1/1168 1170/1/1170 1169/1/1169
f 1171/1/1171 1173/1/1173 1172/1/1172
f 1174/1/1174 1176/1/1176 1175/1/1175
f 1177/1/1177 1179/1/1179 1178/1/1178
f 1180/1/1180 1182/1/1182 1181/1/1181
f 1183/1/1183 1185/1/1185 1184/1/1184
f 1186/1/1186 1188/1/1188 1187/1/1187
f 1189/1/1189 1191/1/1191 1190/1/1190
f 1192/1/1192 1194/1/1194 1193/1/1193
f 1195/1/1195 1197/1/1197 1196/1/1196
f 1198/1/1198 1200/1/1200 1199/1/1199
f 1201/1/1201 1203/1/1203 1202/1/1202
f 1204/1/1204 1206/1/1206 1205/1/1205
f 1207/1/1207 1209/1/1209 1208/1/1208
f 1210/1/1210 1212/1/1212 1211/1/1211
f 1213/1/1213 1215/1/1215 1214/1/1214
f 1216/1/1216 1218/1/1218 1217/1/1217
f 1219/1/1219 1221/1/1221 1220/1/1220
f 1222/1/1222 1224/1/1224 1223/1/1223
f 1225/1/1225 1227/1/1227 1226/1/1226
f 1228/1/1228 1230/1/1230 1229/1/1229
f 1231/1/1231 1233/1/1233 1232/1/1232
f 1234/1/1234 1236/1/1236 1235/1/1235
f 1237/1/1237 1239/1/1239 1238/1/1238
f 1240/1/1240 1242/1/1242 1241/1/1241
f 1243/1/1243 1245/1/1245 1244/1/1244
f 1246/1/1246 1248/1/1248 1247/1/1247
f 1249/1/1249 1251/1/1251 1250/1/1250
f 1252/1/1252 1254/1/1254 1253/1/1253
f 1255/1/1255 1257/1/1257 1256/1/1256
f 1258/1/1258 1260/1/1260 1259/1/1259
f 1261/1/1261 1263/1/1263 1262/1/1262
f 1264/1/1264 1266/1/1266 1265/1/1265
f 1267/1/1267 1269/1/1269 1268/1/1268
f 1270/1/1270 1272/1/1272 1271/1/1271
f 1273/1/1273 1275/1/1275 1274/1/1274
f 1276/1/1276 1278/1/1278 1277/1/1277
f 1279/1/1279 1281/1/1281 1280/1/1280
f 1282/1/1282 1284/1/1284 1283/1/1283
f 1285/1/1285 1287/1/1287 1286/1/1286
f 1288/1/1288 1290/1/1290 1289/1/1289
f 1291/1/1291 1293/1/1293 1292/1/1292
f 1294/1/1294 1296/1/1296 1295/1/1295
f 1297/1/1297 1299/1/1299 1298/1/1298
f 1300/1/1300 1302/1/1302 1301/1/1301
f 1303/1/1303 1305/1/1305 1304/1/1304
f 1306/1/1306 1308/1/1308 1307/1/1307
f 1309/1/1309 1311/1/1311 1310/1/1310
f 1312/1/1312 1314/1/1314 1313/1/1313
f 1315/1/1315 1317/1/1317 1316/1/1316
f 1318/1/1318 1320/1/1320 1319/1/1319
f 1321/1/1321 1323/1/1323 1322/1/1322
f 1324/1/1324 1326/1/1326 1325/1/1325
f 1327/1/1327 1329/1/1329 1328/1/1328
f 1330/1/1330 1332/1/1332 1331/1/1331
f 1333/1/1333 1335/1/1335 1334/1/1334
f 1336/1/1336 1338/1/1338 1337/1/1337
f 1339/1/1339 1341/1/1341 1340/1/1340
f 1342/1/1342 1344/1/1344 1343/1/1343
f 1345/1/1345 1347/1/1347 1346/1/1346
f 1348/1/1348 1350/1/1350 1349/1/1349
f 1351/1/1351 1353/1/1353 1352/1/1352
f 1354/1/1354 1356/1/1356 1355/1/1355
f 1357/1/1357 1359/1/1359 1358/1/1358
f 1360/1/1360 1362/1/1362 1361/1/1361
f 1363/1/1363 1365/1/1365 1364/1/1364
f 1366/1/1366 1368/1/1368 1367/1/1367
f 1369/1/1369 1371/1/1371 1370/1/1370
f 1372/1/1372 1374/1/1374 1373/1/1373
f 1375/1/1375 1377/1/1377 1376/1/1376
f 1378/1/1378 1380/1/1380 1379/1/1379
f 1381/1/1381 1383/1/1383 1382/1/1382
f 1384/1/1384 1386/1/1386 1385/1/1385
f 1387/1/1387 1389/1/1389 1388/1/1388
f 1390/1/1390 1392/1/1392 1391/1/1391
f 1393/1/1393 1395/1/1395 1394/1/1394
f 1396/1/1396 1398/1/1398 1397/1/1397
f 1399/1/1399 1401/1/1401 1400/1/1400
f 1402/1/1402 1404/1/1404 1403/1/1403
f 1405/1/1405 1407/1/1407 1406/1/1406
f 1408/1/1408 1410/1/1410 1409/1/1409
f 1411/1/1411 1413/1/1413 1412/1/1412
f 1414/1/1414 1416/1/1416 1415/1/1415
f 1417/1/1417 1419/1/1419 1418/1/1418
f 1420/1/1420 1422/1/1422 1421/1/1421
f 1423/1/1423 1425/1/1425 1424/1/1424
f 1426/1/1426 1428/1/1428 1427/1/1427
f 1429/1/1429 1431/1/1431 1430/1/1430
f 1432/1/1432 1434/1/1434 1433/1/1433
f 1435/1/1435 1437/1/1437 1436/1/1436
f 1438/1/1438 1440/1/1440 1439/1/1439
f 1441/1/1441 1443/1/1443 1442/1/1442
f 1444/1/1444 1446/1/1446 1445/1/1445
f 1447/1/1447 1449/1/1449 1448/1/1448
f 1450/1/1450 1452/1/1452 1451/1/1451
f 1453/1/1453 1455/1/1455 1454/1/1454
f 1456/1/1456 1458/1/1458 1457/1/1457
f 1459/1/1459 1461/1/1461 1460/1/1460
f 1462/1/1462 1464/1/1464 1463/1/1463
f 1465/1/1465 1467/1/1467 1466/1/1466
f 1468/1/1468 1470/1/1470 1469/1/1469
f 1471/1/1471 1473/1/1473 1472/1/1472
f 1474/1/1474 1476/1/1476 1475/1/1475
f 1477/1/1477 1479/1/1479 1478/1/1478
f 1480/1/1480 1482/1/1482 1481/1/1481
f 1483/1/1483 1485/1/1485 1484/1/1484
f 1486/1/1486 1488/1/1488 1487/1/1487
f 1489/1/1489 1491/1/1491 1490/1/1490
f 1492/1/1492 1494/1/1494 1493/1/1493
f 1495/1/1495 1497/1/1497 1496/1/1496
f 1498/1/1498 1500/1/1500 1499/1/1499
f 1501/1/1501 1503/1/1503 1502/1/1502
f 1504/1/1504 1506/1/1506 1505/1/1505
f 1507/1/1507 1509/1/1509 1508/1/1508
f 1510/1/1510 1512/1/1512 1511/1/1511
f 1513/1/1513 1515/1/1515 1514/1/1514
f 1516/1/1516 1518/1/1518 1517/1/1517
f 1519/1/1519 1521/1/1521 1520/1/1520
f 1522/1/1522 1524/1/1524 1523/1/1523
f 1525/1/1525 1527/1/1527 1526/1/1526
f 1528/1/1528 1530/1/1530 1529/1/1529
f 1531/1/1531 1533/1/1533 1532/1/1532
f 1534/1/1534 1536/1/1536 1535/1/1535
f 1537/1/1537 1539/1/1539 1538/1/1538
f 1540/1/1540 1542/1/1542 1541/1/1541
f 1543/1/1543 1545/1/1545 1544/1/1544
f 1546/1/1546 1548/1/1548 1547/1/1547
f 1549/1/1549 1551/1/1551 1550/1/1550
f 1552/1/1552 1554/1/1554 1553/1/1553
f 1555/1/1555 1557/1/1557 1556/1/1556
f 1558/1/1558 1560/1/1560 1559/1/1559
f 1561/1/1561 1563/1/1563 1562/1/1562
f 1564/1/1564 1566/1/1566 1565/1/1565
f 1567/1/1567 1569/1/1569 1568/1/1568
f 1570/1/1570 1572/1/1572 1571/1/1571
f 1573/1/1573 1575/1/1575 1574/1/1574
f 1576/1/1576 1578/1/1578 1577/1/1577
f 1579/1/1579 1581/1/1581 1580/1/1580
f 1582/1/1582 1584/1/1584 1583/1/1583
f 1585/1/1585 1587/1/1587 1586/1/1586
f 1588/1/1588 1590/1/1590 1589/1/1589
f 1591/1/1591 1593/1/1593 1592/1/1592
f 1594/1/1594 1596/1/1596 1595/1/1595
f 1597/1/1597 1599/1/1599 1598/1/1598
f 1600/1/1600 1602/1/1602 1601/1/1601
f 1603/1/1603 1605/1/1605 1604/1/1604
f 1606/1/1606 1608/1/1608 1607/1/1607
f 1609/1/1609 1611/1/1611 1610/1/1610
f 1612/1/1612 1614/1/1614 1613/1/1613
f 1615/1/1615 1617/1/1617 1616/1/1616
f 1618/1/1618 1620/1/1620 1619/1/1619
f 1621/1/1621 1623/1/1623 1622/1/1622
f 1624/1/1624 1626/1/1626 1625/1/1625
f 1627/1/1627 1629/1/1629 1628/1/1628
f 1630/1/1630 1632/1/1632 1631/1/1631
f 1633/1/1633 1635/1/1635 1634/1/1634
f 1636/1/1636 1638/1/1638 1637/1/1637
f 1639/1/1639 1641/1/1641 1640/1/1640
f 1642/1/1642 1644/1/1644 1643/1/1643
f 1645/1/1645 1647/1/1647 1646/1/1646
f 1648/1/1648 1650/1/1650 1649/1/1649
f 1651/1/1651 1653/1/1653 1652/1/1652
f 1654/1/1654 1656/1/1656 1655/1/1655
f 1657/1/1657 1659/1/1659 1658/1/1658
f 1660/1/1660 1662/1/1662 1661/1/1661
f 1663/1/1663 1665/1/1665 1664/1/1664
f 1666/1/1666 1668/1/1668 1667/1/1667
f 1669/1/1669 1671/1/1671 1670/1/1670
f 1672/1/1672 1674/1/1674 1673/1/1673
f 1675/1/1675 1677/1/1677 1676/1/1676
f 1678/1/1678 1680/1/1680 1679/1/1679
f 1681/1/1681 1683/1/1683 1682/1/1682
f 1684/1/1684 1686/1/1686 1685/1/1685
f 1687/1/1687 1689/1/1689 1688/1/1688
f 1690/1/1690 1692/1/1692 1691/1/1691
f 1693/1/1693 1695/1/1695 1694/1/1694
f 1696/1/1696 1698/1/1698 1697/1/1697
f 1699/1/1699 1701/1/1701 1700/1/1700
f 1702/1/1702 1704/1/1704 1703/1/1703
f 1705/1/1705 1707/1/1707 1706/1/1706
f 1708/1/1708 1710/1/1710 1709/1/1709
f 1711/1/1711 1713/1/1713 1712/1/1712
f 1714/1/1714 1716/1/1716 1715/1/1715
f 1717/1/1717 1719/1/1719 1718/1/1718
f 1720/1/1720 1722/1/1722 1721/1/1721
f 1723/1/1723 1725/1/1725 1724/1/1724
f 1726/1/1726 1728/1/1728 1727/1/1727
f 1729/1/1729 1731/1/1731 1730/1/1730
f 1732/1/1732 1734/1/1734 1733/1/1733
f 1735/1/1735 1737/1/1737 1736/1/1736
f 1738/1/1738 1740/1/1740 1739/1/1739
f 1741/1/1741 1743/1/1743 1742/1/1742
f 1744/1/1744 1746/1/1746 1745/1/1745
f 1747/1/1747 1749/1/1749 1748/1/1748
f 1750/1/1750 1752/1/1752 1751/1/1751
f 1753/1/1753 1755/1/1755 1754/1/1754
f 1756/1/1756 1758/1/1758 1757/1/1757
f 1759/1/1759 1761/1/1761 1760/1/1760
f 1762/1/1762 1764/1/1764 1763/1/1763
f 1765/1/1765 1767/1/1767 1766/1/1766
f 1768/1/1768 1770/1/1770 1769/1/1769
f 1771/1/1771 1773/1/1773 1772/1/1772
f 1774/1/1774 1776/1/1776 1775/1/1775
f 1777/1/1777 1779/1/1779 1778/1/1778
f 1780/1/1780 1782/1/1782 1781/1/1781
f 1783/1/1783 1785/1/1785 1784/1/1784
f 1786/1/1786 1788/1/1788 1787/1/1787
f 1789/1/1789 1791/1/1791 1790/1/1790
f 1792/1/1792 1794/1/1794 1793/1/1793
f 1795/1/1795 1797/1/1797 1796/1/1796
f 1798/1/1798 1800/1/1800 1799/1/1799
f 1801/1/1801 1803/1/1803 1802/1/1802
f 1804/1/1804 1806/1/1806 1805/1/1805
f 1807/1/1807 1809/1/1809 1808/1/1808
f 1810/1/1810 1812/1/1812 1811/1/1811
f 1813/1/1813 1815/1/1815 1814/1/1814
f 1816/1/1816 1818/1/1818 1817/1/1817
f 1819/1/1819 1821/1/1821 1820/1/1820
f 1822/1/1822 1824/1/1824 1823/1/1823
f 1825/1/1825 1827/1/1827 1826/1/1826
f 1828/1/1828 1830/1/1830 1829/1/1829
f 1831/1/1831 1833/1/1833 1832/1/1832
f 1834/1/1834 1836/1/1836 1835/1/1835
f 1837/1/1837 1839/1/1839 1838/1/1838
f 1840/1/1840 1842/1/1842 1841/1/1841
f 1843/1/1843 1845/1/1845 1844/1/1844
f 1846/1/1846 1848/1/1848 1847/1/1847
f 1849/1/1849 1851/1/1851 1850/1/1850
f 1852/1/1852 1854/1/1854 1853/1/1853
f 1855/1/1855 1857/1/1857 1856/1/1856
f 1858/1/1858 1860/1/1860 1859/1/1859
f 1861/1/1861 1863/1/1863 1862/1/1862
f 1864/1/1864 1866/1/1866 1865/1/1865
f 1867/1/1867 1869/1/1869 1868/1/1868
f 1870/1/1870 1872/1/1872 1871/1/1871
f 1873/1/1873 1875/1/1875 1874/1/1874
f 1876/1/1876 1878/1/1878 1877/1/1877
f 1879/1/1879 1881/1/1881 1880/1/1880
f 1882/1/1882 1884/1/1884 1883/1/1883
f 1885/1/1885 1887/1/1887 1886/1/1886
f 1888/1/1888 1890/1/1890 1889/1/1889
f 1891/1/1891 1893/1/1893 1892/1/1892
f 1894/1/1894 1896/1/1896 1895/1/1895
f 1897/1/1897 1899/1/1899 1898/1/1898
f 1900/1/1900 1902/1/1902 1901/1/1901
f 1903/1/1903 1905/1/1905 1904/1/1904
f 1906/1/1906 1908/1/1908 1907/1/1907
f 1909/1/1909 1911/1/1911 1910/1/1910
f 1912/1/1912 1914/1/1914 1913/1/1913
f 1915/1/1915 1917/1/1917 1916/1/1916
f 1918/1/1918 1920/1/1920 1919/1/1919
f 1921/1/1921 1923/1/1923 1922/1/1922
f 1924/1/1924 1926/1/1926 1925/1/1925
f 1927/1/1927 1929/1/1929 1928/1/1928
f 1930/1/1930 1932/1/1932 1931/1/1931
f 1933/1/1933 1935/1/1935 1934/1/1934
f 1936/1/1936 1938/1/1938 1937/1/1937
f 1939/1/1939 1941/1/1941 1940/1/1940
f 1942/1/1942 1944/1/1944 1943/1/1943
f 1945/1/1945 1947/1/1947 1946/1/1946
f 1948/1/1948 1950/1/1950 1949/1/1949
f 1951/1/1951 1953/1/1953 1952/1/1952
f 1954/1/1954 1956/1/1956 1955/1/1955
f 1957/1/1957 1959/1/1959 1958/1/1958
f 1960/1/1960 1962/1/1962 1961/1/1961
f 1963/1/1963 1965/1/1965 1964/1/1964
f 1966/1/1966 1968/1/1968 1967/1/1967
f 1969/1/1969 1971/1/1971 1970/1/1970
f 1972/1/1972 1974/1/1974 1973/1/1973
f 1975/1/1975 1977/1/1977 1976/1/1976
f 1978/1/1978 1980/1/1980 1979/1/1979
f 1981/1/1981 1983/1/1983 1982/1/1982
f 1984/1/1984 1986/1/1986 1985/1/1985
f 1987/1/1987 1989/1/1989 1988/1/1988
f 1990/1/1990 1992/1/1992 1991/1/1991
f 1993/1/1993 1995/1/1995 1994/1/1994
f 1996/1/1996 1998/1/1998 1997/1/1997
f 1999/1/1999 2001/1/2001 2000/1/2000
f 2002/1/2002 2004/1/2004 2003/1/2003
f 2005/1/2005 2007/1/2007 2006/1/2006
f 2008/1/2008 2010/1/2010 2009/1/2009
f 2011/1/2011 2013/1/2013 2012/1/2012
f 2014/1/2014 2016/1/2016 2015/1/2015
f 2017/1/2017 2019/1/2019 2018/1/2018
f 2020/1/2020 2022/1/2022 2021/1/2021
f 2023/1/2023 2025/1/2025 2024/1/2024
f 2026/1/2026 2028/1/2028 2027/1/2027
f 2029/1/2029 2031/1/2031 2030/1/2030
f 2032/1/2032 2034/1/2034 2033/1/2033
f 2035/1/2035 2037/1/2037 2036/1/2036
f 2038/1/2038 2040/1/2040 2039/1/2039
f 2041/1/2041 2043/1/2043 2042/1/2042
f 2044/1/2044 2046/1/2046 2045/1/2045
f 2047/1/2047 2049/1/2049 2048/1/2048
f 2050/1/2050 2052/1/2052 2051/1/2051
f 2053/1/2053 2055/1/2055 2054/1/2054
f 2056/1/2056 2058/1/2058 2057/1/2057
f 2059/1/2059 2061/1/2061 2060/1/2060
f 2062/1/2062 2064/1/2064 2063/1/2063
f 2065/1/2065 2067/1/2067 2066/1/2066
f 2068/1/2068 2070/1/2070 2069/1/2069
f 2071/1/2071 2073/1/2073 2072/1/2072
f 2074/1/2074 2076/1/2076 2075/1/2075
f 2077/1/2077 2079/1/2079 2078/1/2078
f 2080/1/2080 2082/1/2082 2081/1/2081
f 2083/1/2083 2085/1/2085 2084/1/2084
f 2086/1/2086 2088/1/2088 2087/1/2087
f 2089/1/2089 2091/1/2091 2090/1/2090
f 2092/1/2092 2094/1/2094 2093/1/2093
f 2095/1/2095 2097/1/2097 2096/1/2096
f 2098/1/2098 2100/1/2100 2099/1/2099
f 2101/1/2101 2103/1/2103 2102/1/2102
f 2104/1/2104 2106/1/2106 2105/1/2105
f 2107/1/2107 2109/1/2109 2108/1/2108
f 2110/1/2110 2112/1/2112 2111/1/2111
f 2113/1/2113 2115/1/2115 2114/1/2114
f 2116/1/2116 2118/1/2118 2117/1/2117
f 2119/1/2119 2121/1/2121 2120/1/2120
f 2122/1/2122 2124/1/2124 2123/1/2123
f 2125/1/2125 2127/1/2127 2126/1/2126
f 2128/1/2128 2130/1/2130 2129/1/2129
f 2131/1/2131 2133/1/2133 2132/1/2132
f 2134/1/2134 2136/1/2136 2135/1/2135
f 2137/1/2137 2139/1/2139 2138/1/2138
f 2140/1/2140 2142/1/2142 2141/1/2141
f 2143/1/2143 2145/1/2145 2144/1/2144
f 2146/1/2146 2148/1/2148 2147/1/2147
f 2149/1/2149 2151/1/2151 2150/1/2150
f 2152/1/2152 2154/1/2154 2153/1/2153
f 2155/1/2155 2157/1/2157 2156/1/2156
f 2158/1/2158 2160/1/2160 2159/1/2159
f 2161/1/2161 2163/1/2163 2162/1/2162
f 2164/1/2164 2166/1/2166 2165/1/2165
f 2167/1/2167 2169/1/2169 2168/1/2168
f 2170/1/2170 2172/1/2172 2171/1/2171
f 2173/1/2173 2175/1/2175 2174/1/2174
f 2176/1/2176 2178/1/2178 2177/1/2177
f 2179/1/2179 2181/1/2181 2180/1/2180
f 2182/1/2182 2184/1/2184 2183/1/2183
f 2185/1/2185 2187/1/2187 2186/1/2186
f 2188/1/2188 2190/1/2190 2189/1/2189
f 2191/1/2191 2193/1/2193 2192/1/2192
f 2194/1/2194 2196/1/2196 2195/1/2195
f 2197/1/2197 2199/1/2199 2198/1/2198
f 2200/1/2200 2202/1/2202 2201/1/2201
f 2203/1/2203 2205/1/2205 2204/1/2204
f 2206/1/2206 2208/1/2208 2207/1/2207
f 2209/1/2209 2211/1/2211 2210/1/2210
f 2212/1/2212 2214/1/2214 2213/1/2213
f 2215/1/2215 2217/1/2217 2216/1/2216
f 2218/1/2218 2220/1/2220 2219/1/2219
f 2221/1/2221 2223/1/2223 2222/1/2222
f 2224/1/2224 2226/1/2226 2225/1/2225
f 2227/1/2227 2229/1/2229 2228/1/2228
f 2230/1/2230 2232/1/2232 2231/1/2231
f 2233/1/2233 2235/1/2235 2234/1/2234
f 2236/1/2236 2238/1/2238 2237/1/2237
f 2239/1/2239 2241/1/2241 2240/1/2240
f 2242/1/2242 2244/1/2244 2243/1/2243
f 2245/1/2245 2247/1/2247 2246/1/2246
f 2248/1/2248 2250/1/2250 2249/1/2249
f 2251/1/2251 2253/1/2253 2252/1/2252
f 2254/1/2254 2256/1/2256 2255/1/2255
f 2257/1/2257 2259/1/2259 2258/1/2258
f 2260/1/2260 2262/1/2262 2261/1/2261
f 2263/1/2263 2265/1/2265 2264/1/2264
f 2266/1/2266 2268/1/2268 2267/1/2267
f 2269/1/2269 2271/1/2271 2270/1/2270
f 2272/1/2272 2274/1/2274 2273/1/2273
f 2275/1/2275 2277/1/2277 2276/1/2276
f 2278/1/2278 2280/1/2280 2279/1/2279
f 2281/1/2281 2283/1/2283 2282/1/2282
f 2284/1/2284 2286/1/2286 2285/1/2285
f 2287/1/2287 2289/1/2289 2288/1/2288
f 2290/1/2290 2292/1/2292 2291/1/2291
f 2293/1/2293 2295/1/2295 2294/1/2294
f 2296/1/2296 2298/1/2298 2297/1/2297
f 2299/1/2299 2301/1/2301 2300/1/2300
f 2302/1/2302 2304/1/2304 2303/1/2303
f 2305/1/2305 2307/1/2307 2306/1/2306
f 2308/1/2308 2310/1/2310 2309/1/2309
f 2311/1/2311 2313/1/2313 2312/1/2312
f 2314/1/2314 2316/1/2316 2315/1/2315
f 2317/1/2317 2319/1/2319 2318/1/2318
f 2320/1/2320 2322/1/2322 2321/1/2321
f 2323/1/2323 2325/1/2325 2324/1/2324
f 2326/1/2326 2328/1/2328 2327/1/2327
f 2329/1/2329 2331/1/2331 2330/1/2330
f 2332/1/2332 2334/1/2334 2333/1/2333
f 2335/1/2335 2337/1/2337 2336/1/2336
f 2338/1/2338 2340/1/2340 2339/1/2339
f 2341/1/2341 2343/1/2343 2342/1/2342
f 2344/1/2344 2346/1/2346 2345/1/2345
f 2347/1/2347 2349/1/2349 2348/1/2348
f 2350/1/2350 2352/1/2352 2351/1/2351
f 2353/1/2353 2355/1/2355 2354/1/2354
f 2356/1/2356 2358/1/2358 2357/1/2357
f 2359/1/2359 2361/1/2361 2360/1/2360
f 2362/1/2362 2364/1/2364 2363/1/2363
f 2365/1/2365 2367/1/2367 2366/1/2366
f 2368/1/2368 2370/1/2370 2369/1/2369
f 2371/1/2371 2373/1/2373 2372/1/2372
f 2374/1/2374 2376/1/2376 2375/1/2375
f 2377/1/2377 2379/1/2379 2378/1/2378
f 2380/1/2380 2382/1/2382 2381/1/2381
f 2383/1/2383 2385/1/2385 2384/1/2384
f 2386/1/2386 2388/1/2388 2387/1/2387
f 2389/1/2389 2391/1/2391 2390/1/2390
f 2392/1/2392 2394/1/2394 2393/1/2393
f 2395/1/2395 2397/1/2397 2396/1/2396
f 2398/1/2398 2400/1/2400 2399/1/2399
f 2401/1/2401 2403/1/2403 2402/1/2402
f 2404/1/2404 2406/1/2406 2405/1/2405
f 2407/1/2407 2409/1/2409 2408/1/2408
f 2410/1/2410 2412/1/2412 2411/1/2411
f 2413/1/2413 2415/1/2415 2414/1/2414
f 2416/1/2416 2418/1/2418 2417/1/2417
f 2419/1/2419 2421/1/2421 2420/1/2420
f 2422/1/2422 2424/1/2424 2423/1/2423
f 2425/1/2425 2427/1/2427 2426/1/2426
f 2428/1/2428 2430/1/2430 2429/1/2429
f 2431/1/2431 2433/1/2433 2432/1/2432
f 2434/1/2434 2436/1/2436 2435/1/2435
f 2437/1/2437 2439/1/2439 2438/1/2438
f 2440/1/2440 2442/1/2442 2441/1/2441
f 2443/1/2443 2445/1/2445 2444/1/2444
f 2446/1/2446 2448/1/2448 2447/1/2447
f 2449/1/2449 2451/1/2451 2450/1/2450
f 2452/1/2452 2454/1/2454 2453/1/2453
f 2455/1/2455 2457/1/2457 2456/1/2456
f 2458/1/2458 2460/1/2460 2459/1/2459
f 2461/1/2461 2463/1/2463 2462/1/2462
f 2464/1/2464 2466/1/2466 2465/1/2465
f 2467/1/2467 2469/1/2469 2468/1/2468
f 2470/1/2470 2472/1/2472 2471/1/2471
f 2473/1/2473 2475/1/2475 2474/1/2474
f 2476/1/2476 2478/1/2478 2477/1/2477
f 2479/1/2479 2481/1/2481 2480/1/2480
f 2482/1/2482 2484/1/2484 2483/1/2483
f 2485/1/2485 2487/1/2487 2486/1/2486
f 2488/1/2488 2490/1/2490 2489/1/2489
f 2491/1/2491 2493/1/2493 2492/1/2492
f 2494/1/2494 2496/1/2496 2495/1/2495
f 2497/1/2497 2499/1/2499 2498/1/2498
f 2500/1/2500 2502/1/2502 2501/1/2501
f 2503/1/2503 2505/1/2505 2504/1/2504
f 2506/1/2506 2508/1/2508 2507/1/2507
f 2509/1/2509 2511/1/2511 2510/1/2510
f 2512/1/2512 2514/1/2514 2513/1/2513
f 2515/1/2515 2517/1/2517 2516/1/2516
f 2518/1/2518 2520/1/2520 2519/1/2519
f 2521/1/2521 2523/1/2523 2522/1/2522
f 2524/1/2524 2526/1/2526 2525/1/2525
f 2527/1/2527 2529/1/2529 2528/1/2528
f 2530/1/2530 2532/1/2532 2531/1/2531
f 2533/1/2533 2535/1/2535 2534/1/2534
f 2536/1/2536 2538/1/2538 2537/1/2537
f 2539/1/2539 2541/1/2541 2540/1/2540
f 2542/1/2542 2544/1/2544 2543/1/2543
f 2545/1/2545 2547/1/2547 2546/1/2546
f 2548/1/2548 2550/1/2550 2549/1/2549
f 2551/1/2551 2553/1/2553 2552/1/2552
f 2554/1/2554 2556/1/2556 2555/1/2555
f 2557/1/2557 2559/1/2559 2558/1/2558
f 2560/1/2560 2562/1/2562 2561/1/2561
f 2563/1/2563 2565/1/2565 2564/1/2564
f 2566/1/2566 2568/1/2568 2567/1/2567
f 2569/1/2569 2571/1/2571 2570/1/2570
f 2572/1/2572 2574/1/2574 2573/1/2573
f 2575/1/2575 2577/1/2577 2576/1/2576
f 2578/1/2578 2580/1/2580 2579/1/2579
f 2581/1/2581 2583/1/2583 2582/1/2582
f 2584/1/2584 2586/1/2586 2585/1/2585
f 2587/1/2587 2589/1/2589 2588/1/2588
f 2590/1/2590 2592/1/2592 2591/1/2591
f 2593/1/2593 2595/1/2595 2594/1/2594
f 2596/1/2596 2598/1/2598 2597/1/2597
f 2599/1/2599 2601/1/2601 2600/1/2600
f 2602/1/2602 2604/1/2604 2603/1/2603
f 2605/1/2605 2607/1/2607 2606/1/2606
f 2608/1/2608 2610/1/2610 2609/1/2609
f 2611/1/2611 2613/1/2613 2612/1/2612
f 2614/1/2614 2616/1/2616 2615/1/2615
f 2617/1/2617 2619/1/2619 2618/1/2618
f 2620/1/2620 2622/1/2622 2621/1/2621
f 2623/1/2623 2625/1/2625 2624/1/2624
f 2626/1/2626 2628/1/2628 2627/1/2627
f 2629/1/2629 2631/1/2631 2630/1/2630
f 2632/1/2632 2634/1/2634 2633/1/2633
f 2635/1/2635 2637/1/2637 2636/1/2636
f 2638/1/2638 2640/1/2640 2639/1/2639
f 2641/1/2641 2643/1/2643 2642/1/2642
f 2644/1/2644 2646/1/2646 2645/1/2645
f 2647/1/2647 2649/1/2649 2648/1/2648
f 2650/1/2650 2652/1/2652 2651/1/2651
f 2653/1/2653 2655/1/2655 2654/1/2654
f 2656/1/2656 2658/1/2658 2657/1/2657
f 2659/1/2659 2661/1/2661 2660/1/2660
f 2662/1/2662 2664/1/2664 2663/1/2663
f 2665/1/2665 2667/1/2667 2666/1/2666
f 2668/1/2668 2670/1/2670 2669/1/2669
f 2671/1/2671 2673/1/2673 2672/1/2672
f 2674/1/2674 2676/1/2676 2675/1/2675
f 2677/1/2677 2679/1/2679 2678/1/2678
f 2680/1/2680 2682/1/2682 2681/1/2681
f 2683/1/2683 2685/1/2685 2684/1/2684
f 2686/1/2686 2688/1/2688 2687/1/2687
f 2689/1/2689 2691/1/2691 2690/1/2690
f 2692/1/2692 2694/1/2694 2693/1/2693
f 2695/1/2695 2697/1/2697 2696/1/2696
f 2698/1/2698 2700/1/2700 2699/1/2699
f 2701/1/2701 2703/1/2703 2702/1/2702
f 2704/1/2704 2706/1/2706 2705/1/2705
f 2707/1/2707 2709/1/2709 2708/1/2708
f 2710/1/2710 2712/1/2712 2711/1/2711
f 2713/1/2713 2715/1/2715 2714/1/2714
f 2716/1/2716 2718/1/2718 2717/1/2717
f 2719/1/2719 2721/1/2721 2720/1/2720
f 2722/1/2722 2724/1/2724 2723/1/2723
f 2725/1/2725 2727/1/2727 2726/1/2726
f 2728/1/2728 2730/1/2730 2729/1/2729
f 2731/1/2731 2733/1/2733 2732/1/2732
f 2734/1/2734 2736/1/2736 2735/1/2735
f 2737/1/2737 2739/1/2739 2738/1/2738
f 2740/1/2740 2742/1/2742 2741/1/2741
f 2743/1/2743 2745/1/2745 2744/1/2744
f 2746/1/2746 2748/1/2748 2747/1/2747
f 2749/1/2749 2751/1/2751 2750/1/2750
f 2752/1/2752 2754/1/2754 2753/1/2753
f 2755/1/2755 2757/1/2757 2756/1/2756
f 2758/1/2758 2760/1/2760 2759/1/2759
f 2761/1/2761 2763/1/2763 2762/1/2762
f 2764/1/2764 2766/1/2766 2765/1/2765
f 2767/1/2767 2769/1/2769 2768/1/2768
f 2770/1/2770 2772/1/2772 2771/1/2771
f 2773/1/2773 2775/1/2775 2774/1/2774
f 2776/1/2776 2778/1/2778 2777/1/2777
f 2779/1/2779 2781/1/2781 2780/1/2780
f 2782/1/2782 2784/1/2784 2783/1/2783
f 2785/1/2785 2787/1/2787 2786/1/2786
f 2788/1/2788 2790/1/2790 2789/1/2789
f 2791/1/2791 2793/1/2793 2792/1/2792
f 2794/1/2794 2796/1/2796 2795/1/2795
f 2797/1/2797 2799/1/2799 2798/1/2798
f 2800/1/2800 2802/1/2802 2801/1/2801
f 2803/1/2803 2805/1/2805 2804/1/2804
f 2806/1/2806 2808/1/2808 2807/1/2807
f 2809/1/2809 2811/1/2811 2810/1/2810
f 2812/1/2812 2814/1/2814 2813/1/2813
f 2815/1/2815 2817/1/2817 2816/1/2816
f 2818/1/2818 2820/1/2820 2819/1/2819
f 2821/1/2821 2823/1/2823 2822/1/2822
f 2824/1/2824 2826/1/2826 2825/1/2825
f 2827/1/2827 2829/1/2829 2828/1/2828
f 2830/1/2830 2832/1/2832 2831/1/2831
f 2833/1/2833 2835/1/2835 2834/1/2834
f 2836/1/2836 2838/1/2838 2837/1/2837
f 2839/1/2839 2841/1/2841 2840/1/2840
f 2842/1/2842 2844/1/2844 2843/1/2843
f 2845/1/2845 2847/1/2847 2846/1/2846
f 2848/1/2848 2850/1/2850 2849/1/2849
f 2851/1/2851 2853/1/2853 2852/1/2852
f 2854/1/2854 2856/1/2856 2855/1/2855
f 2857/1/2857 2859/1/2859 2858/1/2858
f 2860/1/2860 2862/1/2862 2861/1/2861
f 2863/1/2863 2865/1/2865 2864/1/2864
f 2866/1/2866 2868/1/2868 2867/1/2867
f 2869/1/2869 2871/1/2871 2870/1/2870
f 2872/1/2872 2874/1/2874 2873/1/2873
f 2875/1/2875 2877/1/2877 2876/1/2876
f 2878/1/2878 2880/1/2880 2879/1/2879
f 2881/1/2881 2883/1/2883 2882/1/2882
f 2884/1/2884 2886/1/2886 2885/1/2885
f 2887/1/2887 2889/1/2889 2888/1/2888
f 2890/1/2890 2892/1/2892 2891/1/2891
f 2893/1/2893 2895/1/2895 2894/1/2894
f 2896/1/2896 2898/1/2898 2897/1/2897
f 2899/1/2899 2901/1/2901 2900/1/2900
f 2902/1/2902 2904/1/2904 2903/1/2903
f 2905/1/2905 2907/1/2907 2906/1/2906
f 2908/1/2908 2910/1/2910 2909/1/2909
f 2911/1/2911 2913/1/2913 2912/1/2912
f 2914/1/2914 2916/1/2916 2915/1/2915
f 2917/1/2917 2919/1/2919 2918/1/2918
f 2920/1/2920 2922/1/2922 2921/1/2921
f 2923/1/2923 2925/1/2925 2924/1/2924
f 2926/1/2926 2928/1/2928 2927/1/2927
f 2929/1/2929 2931/1/2931 2930/1/2930
f 2932/1/2932 2934/1/2934 2933/1/2933
f 2935/1/2935 2937/1/2937 2936/1/2936
f 2938/1/2938 2940/1/2940 2939/1/2939
f 2941/1/2941 2943/1/2943 2942/1/2942
f 2944/1/2944 2946/1/2946 2945/1/2945
f 2947/1/2947 2949/1/2949 2948/1/2948
f 2950/1/2950 2952/1/2952 2951/1/2951
f 2953/1/2953 2955/1/2955 2954/1/2954
f 2956/1/2956 2958/1/2958 2957/1/2957
f 2959/1/2959 2961/1/2961 2960/1/2960
f 2962/1/2962 2964/1/2964 2963/1/2963
f 2965/1/2965 2967/1/2967 2966/1/2966
f 2968/1/2968 2970/1/2970 2969/1/2969
f 2971/1/2971 2973/1/2973 2972/1/2972
f 2974/1/2974 2976/1/2976 2975/1/2975
f 2977/1/2977 2979/1/2979 2978/1/2978
f 2980/1/2980 2982/1/2982 2981/1/2981
f 2983/1/2983 2985/1/2985 2984/1/2984
f 2986/1/2986 2988/1/2988 2987/1/2987
f 2989/1/2989 2991/1/2991 2990/1/2990
f 2992/1/2992 2994/1/2994 2993/1/2993
f 2995/1/2995 2997/1/2997 2996/1/2996
f 2998/1/2998 3000/1/3000 2999/1/2999
f 3001/1/3001 3003/1/3003 3002/1/3002
f 3004/1/3004 3006/1/3006 3005/1/3005
f 3007/1/3007 3009/1/3009 3008/1/3008
f 3010/1/3010 3012/1/3012 3011/1/3011
f 3013/1/3013 3015/1/3015 3014/1/3014
f 3016/1/3016 3018/1/3018 3017/1/3017
f 3019/1/3019 3021/1/3021 3020/1/3020
f 3022/1/3022 3024/1/3024 3023/1/3023
f 3025/1/3025 3027/1/3027 3026/1/3026
f 3028/1/3028 3030/1/3030 3029/1/3029
f 3031/1/3031 3033/1/3033 3032/1/3032
f 3034/1/3034 3036/1/3036 3035/1/3035
f 3037/1/3037 3039/1/3039 3038/1/3038
f 3040/1/3040 3042/1/3042 3041/1/3041
f 3043/1/3043 3045/1/3045 3044/1/3044
f 3046/1/3046 3048/1/3048 3047/1/3047
f 3049/1/3049 3051/1/3051 3050/1/3050
f 3052/1/3052 3054/1/3054 3053/1/3053
f 3055/1/3055 3057/1/3057 3056/1/3056
f 3058/1/3058 3060/1/3060 3059/1/3059
f 3061/1/3061 3063/1/3063 3062/1/3062
f 3064/1/3064 3066/1/3066 3065/1/3065
f 3067/1/3067 3069/1/3069 3068/1/3068
f 3070/1/3070 3072/1/3072 3071/1/3071
f 3073/1/3073 3075/1/3075 3074/1/3074
f 3076/1/3076 3078/1/3078 3077/1/3077
f 3079/1/3079 3081/1/3081 3080/1/3080
f 3082/1/3082 3084/1/3084 3083/1/3083
f 3085/1/3085 3087/1/3087 3086/1/3086
f 3088/1/3088 3090/1/3090 3089/1/3089
f 3091/1/3091 3093/1/3093 3092/1/3092
f 3094/1/3094 3096/1/3096 3095/1/3095
f 3097/1/3097 3099/1/3099 3098/1/3098
f 3100/1/3100 3102/1/3102 3101/1/3101
f 3103/1/3103 3105/1/3105 3104/1/3104
f 3106/1/3106 3108/1/3108 3107/1/3107
f 3109/1/3109 3111/1/3111 3110/1/3110
f 3112/1/3112 3114/1/3114 3113/1/3113
f 3115/1/3115 3117/1/3117 3116/1/3116
f 3118/1/3118 3120/1/3120 3119/1/3119
f 3121/1/3121 3123/1/3123 3122/1/3122
f 3124/1/3124 3126/1/3126 3125/1/3125
f 3127/1/3127 3129/1/3129 3128/1/3128
f 3130/1/3130 3132/1/3132 3131/1/3131
f 3133/1/3133 3135/1/3135 3134/1/3134
f 3136/1/3136 3138/1/3138 3137/1/3137
f 3139/1/3139 3141/1/3141 3140/1/3140
f 3142/1/3142 3144/1/3144 3143/1/3143
f 3145/1/3145 3147/1/3147 3146/1/3146
f 3148/1/3148 3150/1/3150 3149/1/3149
f 3151/1/3151 3153/1/3153 3152/1/3152
f 3154/1/3154 3156/1/3156 3155/1/3155
f 3157/1/3157 3159/1/3159 3158/1/3158
f 3160/1/3160 3162/1/3162 3161/1/3161
f 3163/1/3163 3165/1/3165 3164/1/3164
f 3166/1/3166 3168/1/3168 3167/1/3167
f 3169/1/3169 3171/1/3171 3170/1/3170
f 3172/1/3172 3174/1/3174 3173/1/3173
f 3175/1/3175 3177/1/3177 3176/1/3176
f 3178/1/3178 3180/1/3180 3179/1/3179
f 3181/1/3181 3183/1/3183 3182/1/3182
f 3184/1/3184 3186/1/3186 3185/1/3185
f 3187/1/3187 3189/1/3189 3188/1/3188
f 3190/1/3190 3192/1/3192 3191/1/3191
f 3193/1/3193 3195/1/3195 3194/1/3194
f 3196/1/3196 3198/1/3198 3197/1/3197
f 3199/1/3199 3201/1/3201 3200/1/3200
f 3202/1/3202 3204/1/3204 3203/1/3203
f 3205/1/3205 3207/1/3207 3206/1/3206
f 3208/1/3208 3210/1/3210 3209/1/3209
f 3211/1/3211 3213/1/3213 3212/1/3212
f 3214/1/3214 3216/1/3216 3215/1/3215
f 3217/1/3217 3219/1/3219 3218/1/3218
f 3220/1/3220 3222/1/3222 3221/1/3221
f 3223/1/3223 3225/1/3225 3224/1/3224
f 3226/1/3226 3228/1/3228 3227/1/3227
f 3229/1/3229 3231/1/3231 3230/1/3230
f 3232/1/3232 3234/1/3234 3233/1/3233
f 3235/1/3235 3237/1/3237 3236/1/3236
f 3238/1/3238 3240/1/3240 3239/1/3239
f 3241/1/3241 3243/1/3243 3242/1/3242
f 3244/1/3244 3246/1/3246 3245/1/3245
f 3247/1/3247 3249/1/3249 3248/1/3248
f 3250/1/3250 3252/1/3252 3251/1/3251
f 3253/1/3253 3255/1/3255 3254/1/3254
f 3256/1/3256 3258/1/3258 3257/1/3257
f 3259/1/3259 3261/1/3261 3260/1/3260
f 3262/1/3262 3264/1/3264 3263/1/3263
f 3265/1/3265 3267/1/3267 3266/1/3266
f 3268/1/3268 3270/1/3270 3269/1/3269
f 3271/1/3271 3273/1/3273 3272/1/3272
f 3274/1/3274 3276/1/3276 3275/1/3275
f 3277/1/3277 3279/1/3279 3278/1/3278
f 3280/1/3280 3282/1/3282 3281/1/3281
f 3283/1/3283 3285/1/3285 3284/1/3284
f 3286/1/3286 3288/1/3288 3287/1/3287
f 3289/1/3289 3291/1/3291 3290/1/3290
f 3292/1/3292 3294/1/3294 3293/1/3293
f 3295/1/3295 3297/1/3297 3296/1/3296
f 3298/1/3298 3300/1/3300 3299/1/3299
f 3301/1/3301 3303/1/3303 3302/1/3302
f 3304/1/3304 3306/1/3306 3305/1/3305
f 3307/1/3307 3309/1/3309 3308/1/3308
f 3310/1/3310 3312/1/3312 3311/1/3311
f 3313/1/3313 3315/1/3315 3314/1/3314
f 3316/1/3316 3318/1/3318 3317/1/3317
f 3319/1/3319 3321/1/3321 3320/1/3320
f 3322/1/3322 3324/1/3324 3323/1/3323
f 3325/1/3325 3327/1/3327 3326/1/3326
f 3328/1/3328 3330/1/3330 3329/1/3329
f 3331/1/3331 3333/1/3333 3332/1/3332
f 3334/1/3334 3336/1/3336 3335/1/3335
f 3337/1/3337 3339/1/3339 3338/1/3338
f 3340/1/3340 3342/1/3342 3341/1/3341
f 3343/1/3343 3345/1/3345 3344/1/3344
f 3346/1/3346 3348/1/3348 3347/1/3347
f 3349/1/3349 3351/1/3351 3350/1/3350
f 3352/1/3352 3354/1/3354 3353/1/3353
f 3355/1/3355 3357/1/3357 3356/1/3356
f 3358/1/3358 3360/1/3360 3359/1/3359
f 3361/1/3361 3363/1/3363 3362/1/3362
f 3364/1/3364 3366/1/3366 3365/1/3365
f 3367/1/3367 3369/1/3369 3368/1/3368
f 3370/1/3370 3372/1/3372 3371/1/3371
f 3373/1/3373 3375/1/3375 3374/1/3374
f 3376/1/3376 3378/1/3378 3377/1/3377
f 3379/1/3379 3381/1/3381 3380/1/3380
f 3382/1/3382 3384/1/3384 3383/1/3383
f 3385/1/3385 3387/1/3387 3386/1/3386
f 3388/1/3388 3390/1/3390 3389/1/3389
f 3391/1/3391 3393/1/3393 3392/1/3392
f 3394/1/3394 3396/1/3396 3395/1/3395
f 3397/1/3397 3399/1/3399 3398/1/3398
f 3400/1/3400 3402/1/3402 3401/1/3401
f 3403/1/3403 3405/1/3405 3404/1/3404
f 3406/1/3406 3408/1/3408 3407/1/3407
f 3409/1/3409 3411/1/3411 3410/1/3410
f 3412/1/3412 3414/1/3414 3413/1/3413
f 3415/1/3415 3417/1/3417 3416/1/3416
f 3418/1/3418 3420/1/3420 3419/1/3419
f 3421/1/3421 3423/1/3423 3422/1/3422
f 3424/1/3424 3426/1/3426 3425/1/3425
f 3427/1/3427 3429/1/3429 3428/1/3428
f 3430/1/3430 3432/1/3432 3431/1/3431
f 3433/1/3433 3435/1/3435 3434/1/3434
f 3436/1/3436 3438/1/3438 3437/1/3437
f 3439/1/3439 3441/1/3441 3440/1/3440
f 3442/1/3442 3444/1/3444 3443/1/3443
f 3445/1/3445 3447/1/3447 3446/1/3446
f 3448/1/3448 3450/1/3450 3449/1/3449
f 3451/1/3451 3453/1/3453 3452/1/3452
f 3454/1/3454 3456/1/3456 3455/1/3455
f 3457/1/3457 3459/1/3459 3458/1/3458
f 3460/1/3460 3462/1/3462 3461/1/3461
f 3463/1/3463 3465/1/3465 3464/1/3464
f 3466/1/3466 3468/1/3468 3467/1/3467
f 3469/1/3469 3471/1/3471 3470/1/3470
f 3472/1/3472 3474/1/3474 3473/1/3473
f 3475/1/3475 3477/1/3477 3476/1/3476
f 3478/1/3478 3480/1/3480 3479/1/3479
f 3481/1/3481 3483/1/3483 3482/1/3482
f 3484/1/3484 3486/1/3486 3485/1/3485
f 3487/1/3487 3489/1/3489 3488/1/3488
f 3490/1/3490 3492/1/3492 3491/1/3491
f 3493/1/3493 3495/1/3495 3494/1/3494
f 3496/1/3496 3498/1/3498 3497/1/3497
f 3499/1/3499 3501/1/3501 3500/1/3500
f 3502/1/3502 3504/1/3504 3503/1/3503
f 3505/1/3505 3507/1/3507 3506/1/3506
f 3508/1/3508 3510/1/3510 3509/1/3509
f 3511/1/3511 3513/1/3513 3512/1/3512
f 3514/1/3514 3516/1/3516 3515/1/3515
f 3517/1/3517 3519/1/3519 3518/1/3518
f 3520/1/3520 3522/1/3522 3521/1/3521
f 3523/1/3523 3525/1/3525 3524/1/3524
f 3526/1/3526 3528/1/3528 3527/1/3527
f 3529/1/3529 3531/1/3531 3530/1/3530
f 3532/1/3532 3534/1/3534 3533/1/3533
f 3535/1/3535 3537/1/3537 3536/1/3536
f 3538/1/3538 3540/1/3540 3539/1/3539
f 3541/1/3541 3543/1/3543 3542/1/3542
f 3544/1/3544 3546/1/3546 3545/1/3545
f 3547/1/3547 3549/1/3549 3548/1/3548
f 3550/1/3550 3552/1/3552 3551/1/3551
f 3553/1/3553 3555/1/3555 3554/1/3554
f 3556/1/3556 3558/1/3558 3557/1/3557
f 3559/1/3559 3561/1/3561 3560/1/3560
f 3562/1/3562 3564/1/3564 3563/1/3563
f 3565/1/3565 3567/1/3567 3566/1/3566
f 3568/1/3568 3570/1/3570 3569/1/3569
f 3571/1/3571 3573/1/3573 3572/1/3572
f 3574/1/3574 3576/1/3576 3575/1/3575
f 3577/1/3577 3579/1/3579 3578/1/3578
f 3580/1/3580 3582/1/3582 3581/1/3581
f 3583/1/3583 3585/1/3585 3584/1/3584
f 3586/1/3586 3588/1/3588 3587/1/3587
f 3589/1/3589 3591/1/3591 3590/1/3590
f 3592/1/3592 3594/1/3594 3593/1/3593
f 3595/1/3595 3597/1/3597 3596/1/3596
f 3598/1/3598 3600/1/3600 3599/1/3599
f 3601/1/3601 3603/1/3603 3602/1/3602
f 3604/1/3604 3606/1/3606 3605/1/3605
f 3607/1/3607 3609/1/3609 3608/1/3608
f 3610/1/3610 3612/1/3612 3611/1/3611
f 3613/1/3613 3615/1/3615 3614/1/3614
f 3616/1/3616 3618/1/3618 3617/1/3617
f 3619/1/3619 3621/1/3621 3620/1/3620
f 3622/1/3622 3624/1/3624 3623/1/3623
f 3625/1/3625 3627/1/3627 3626/1/3626
f 3628/1/3628 3630/1/3630 3629/1/3629
f 3631/1/3631 3633/1/3633 3632/1/3632
f 3634/1/3634 3636/1/3636 3635/1/3635
f 3637/1/3637 3639/1/3639 3638/1/3638
f 3640/1/3640 3642/1/3642 3641/1/3641
f 3643/1/3643 3645/1/3645 3644/1/3644
f 3646/1/3646 3648/1/3648 3647/1/3647
f 3649/1/3649 3651/1/3651 3650/1/3650
f 3652/1/3652 3654/1/3654 3653/1/3653
f 3655/1/3655 3657/1/3657 3656/1/3656
f 3658/1/3658 3660/1/3660 3659/1/3659
f 3661/1/3661 3663/1/3663 3662/1/3662
f 3664/1/3664 3666/1/3666 3665/1/3665
f 3667/1/3667 3669/1/3669 3668/1/3668
f 3670/1/3670 3672/1/3672 3671/1/3671
f 3673/1/3673 3675/1/3675 3674/1/3674
f 3676/1/3676 3678/1/3678 3677/1/3677
f 3679/1/3679 3681/1/3681 3680/1/3680
f 3682/1/3682 3684/1/3684 3683/1/3683
f 3685/1/3685 3687/1/3687 3686/1/3686
f 3688/1/3688 3690/1/3690 3689/1/3689
f 3691/1/3691 3693/1/3693 3692/1/3692
f 3694/1/3694 3696/1/3696 3695/1/3695
f 3697/1/3697 3699/1/3699 3698/1/3698
f 3700/1/3700 3702/1/3702 3701/1/3701
f 3703/1/3703 3705/1/3705 3704/1/3704
f 3706/1/3706 3708/1/3708 3707/1/3707
f 3709/1/3709 3711/1/3711 3710/1/3710
f 3712/1/3712 3714/1/3714 3713/1/3713
f 3715/1/3715 3717/1/3717 3716/1/3716
f 3718/1/3718 3720/1/3720 3719/1/3719
f 3721/1/3721 3723/1/3723 3722/1/3722
f 3724/1/3724 3726/1/3726 3725/1/3725
f 3727/1/3727 3729/1/3729 3728/1/3728
f 3730/1/3730 3732/1/3732 3731/1/3731
f 3733/1/3733 3735/1/3735 3734/1/3734
f 3736/1/3736 3738/1/3738 3737/1/3737
f 3739/1/3739 3741/1/3741 3740/1/3740
f 3742/1/3742 3744/1/3744 3743/1/3743
f 3745/1/3745 3747/1/3747 3746/1/3746
f 3748/1/3748 3750/1/3750 3749/1/3749
f 3751/1/3751 3753/1/3753 3752/1/3752
f 3754/1/3754 3756/1/3756 3755/1/3755
f 3757/1/3757 3759/1/3759 3758/1/3758
f 3760/1/3760 3762/1/3762 3761/1/3761
f 3763/1/3763 3765/1/3765 3764/1/3764
f 3766/1/3766 3768/1/3768 3767/1/3767
f 3769/1/3769 3771/1/3771 3770/1/3770
f 3772/1/3772 3774/1/3774 3773/1/3773
f 3775/1/3775 3777/1/3777 3776/1/3776
f 3778/1/3778 3780/1/3780 3779/1/3779
f 3781/1/3781 3783/1/3783 3782/1/3782
f 3784/1/3784 3786/1/3786 3785/1/3785
f 3787/1/3787 3789/1/3789 3788/1/3788
f 3790/1/3790 3792/1/3792 3791/1/3791
f 3793/1/3793 3795/1/3795 3794/1/3794
f 3796/1/3796 3798/1/3798 3797/1/3797
f 3799/1/3799 3801/1/3801 3800/1/3800
f 3802/1/3802 3804/1/3804 3803/1/3803
f 3805/1/3805 3807/1/3807 3806/1/3806
f 3808/1/3808 3810/1/3810 3809/1/3809
f 3811/1/3811 3813/1/3813 3812/1/3812
f 3814/1/3814 3816/1/3816 3815/1/3815
f 3817/1/3817 3819/1/3819 3818/1/3818
f 3820/1/3820 3822/1/3822 3821/1/3821
f 3823/1/3823 3825/1/3825 3824/1/3824
f 3826/1/3826 3828/1/3828 3827/1/3827
f 3829/1/3829 3831/1/3831 3830/1/3830
f 3832/1/3832 3834/1/3834 3833/1/3833
f 3835/1/3835 3837/1/3837 3836/1/3836
f 3838/1/3838 3840/1/3840 3839/1/3839
f 3841/1/3841 3843/1/3843 3842/1/3842
f 3844/1/3844 3846/1/3846 3845/1/3845
f 3847/1/3847 3849/1/3849 3848/1/3848
f 3850/1/3850 3852/1/3852 3851/1/3851
f 3853/1/3853 3855/1/3855 3854/1/3854
f 3856/1/3856 3858/1/3858 3857/1/3857
f 3859/1/3859 3861/1/3861 3860/1/3860
f 3862/1/3862 3864/1/3864 3863/1/3863
f 3865/1/3865 3867/1/3867 3866/1/3866
f 3868/1/3868 3870/1/3870 3869/1/3869
f 3871/1/3871 3873/1/3873 3872/1/3872
f 3874/1/3874 3876/1/3876 3875/1/3875
f 3877/1/3877 3879/1/3879 3878/1/3878
f 3880/1/3880 3882/1/3882 3881/1/3881
f 3883/1/3883 3885/1/3885 3884/1/3884
f 3886/1/3886 3888/1/3888 3887/1/3887
f 3889/1/3889 3891/1/3891 3890/1/3890
f 3892/1/3892 3894/1/3894 3893/1/3893
f 3895/1/3895 3897/1/3897 3896/1/3896
f 3898/1/3898 3900/1/3900 3899/1/3899
f 3901/1/3901 3903/1/3903 3902/1/3902
f 3904/1/3904 3906/1/3906 3905/1/3905
f 3907/1/3907 3909/1/3909 3908/1/3908
f 3910/1/3910 3912/1/3912 3911/1/3911
f 3913/1/3913 3915/1/3915 3914/1/3914
f 3916/1/3916 3918/1/3918 3917/1/3917
f 3919/1/3919 3921/1/3921 3920/1/3920
f 3922/1/3922 3924/1/3924 3923/1/3923
f 3925/1/3925 3927/1/3927 3926/1/3926
f 3928/1/3928 3930/1/3930 3929/1/3929
f 3931/1/3931 3933/1/3933 3932/1/3932
f 3934/1/3934 3936/1/3936 3935/1/3935
f 3937/1/3937 3939/1/3939 3938/1/3938
f 3940/1/3940 3942/1/3942 3941/1/3941
f 3943/1/3943 3945/1/3945 3944/1/3944
f 3946/1/3946 3948/1/3948 3947/1/3947
f 3949/1/3949 3951/1/3951 3950/1/3950
f 3952/1/3952 3954/1/3954 3953/1/3953
f 3955/1/3955 3957/1/3957 3956/1/3956
f 3958/1/3958 3960/1/3960 3959/1/3959
f 3961/1/3961 3963/1/3963 3962/1/3962
f 3964/1/3964 3966/1/3966 3965/1/3965
f 3967/1/3967 3969/1/3969 3968/1/3968
f 3970/1/3970 3972/1/3972 3971/1/3971
f 3973/1/3973 3975/1/3975 3974/1/3974
f 3976/1/3976 3978/1/3978 3977/1/3977
f 3979/1/3979 3981/1/3981 3980/1/3980
f 3982/1/3982 3984/1/3984 3983/1/3983
f 3985/1/3985 3987/1/3987 3986/1/3986
f 3988/1/3988 3990/1/3990 3989/1/3989
f 3991/1/3991 3993/1/3993 3992/1/3992
f 3994/1/3994 3996/1/3996 3995/1/3995
f 3997/1/3997 3999/1/3999 3998/1/3998
f 4000/1/4000 4002/1/4002 4001/1/4001
f 4003/1/4003 4005/1/4005 4004/1/4004
f 4006/1/4006 4008/1/4008 4007/1/4007
f 4009/1/4009 4011/1/4011 4010/1/4010
f 4012/1/4012 4014/1/4014 4013/1/4013
f 4015/1/4015 4017/1/4017 4016/1/4016
f 4018/1/4018 4020/1/4020 4019/1/4019
f 4021/1/4021 4023/1/4023 4022/1/4022
f 4024/1/4024 4026/1/4026 4025/1/4025
f 4027/1/4027 4029/1/4029 4028/1/4028
f 4030/1/4030 4032/1/4032 4031/1/4031
f 4033/1/4033 4035/1/4035 4034/1/4034
f 4036/1/4036 4038/1/4038 4037/1/4037
f 4039/1/4039 4041/1/4041 4040/1/4040
f 4042/1/4042 4044/1/4044 4043/1/4043
f 4045/1/4045 4047/1/4047 4046/1/4046
f 4048/1/4048 4050/1/4050 4049/1/4049
f 4051/1/4051 4053/1/4053 4052/1/4052
f 4054/1/4054 4056/1/4056 4055/1/4055
f 4057/1/4057 4059/1/4059 4058/1/4058
f 4060/1/4060 4062/1/4062 4061/1/4061
f 4063/1/4063 4065/1/4065 4064/1/4064
f 4066/1/4066 4068/1/4068 4067/1/4067
f 4069/1/4069 4071/1/4071 4070/1/4070
f 4072/1/4072 4074/1/4074 4073/1/4073
f 4075/1/4075 4077/1/4077 4076/1/4076
f 4078/1/4078 4080/1/4080 4079/1/4079
f 4081/1/4081 4083/1/4083 4082/1/4082
f 4084/1/4084 4086/1/4086 4085/1/4085
f 4087/1/4087 4089/1/4089 4088/1/4088
f 4090/1/4090 4092/1/4092 4091/1/4091
f 4093/1/4093 4095/1/4095 4094/1/4094
f 4096/1/4096 4098/1/4098 4097/1/4097
f 4099/1/4099 4101/1/4101 4100/1/4100
f 4102/1/4102 4104/1/4104 4103/1/4103
f 4105/1/4105 4107/1/4107 4106/1/4106
f 4108/1/4108 4110/1/4110 4109/1/4109
f 4111/1/4111 4113/1/4113 4112/1/4112
f 4114/1/4114 4116/1/4116 4115/1/4115
f 4117/1/4117 4119/1/4119 4118/1/4118
f 4120/1/4120 4122/1/4122 4121/1/4121
f 4123/1/4123 4125/1/4125 4124/1/4124
f 4126/1/4126 4128/1/4128 4127/1/4127
f 4129/1/4129 4131/1/4131 4130/1/4130
f 4132/1/4132 4134/1/4134 4133/1/4133
f 4135/1/4135 4137/1/4137 4136/1/4136
f 4138/1/4138 4140/1/4140 4139/1/4139
f 4141/1/4141 4143/1/4143 4142/1/4142
f 4144/1/4144 4146/1/4146 4145/1/4145
f 4147/1/4147 4149/1/4149 4148/1/4148
f 4150/1/4150 4152/1/4152 4151/1/4151
f 4153/1/4153 4155/1/4155 4154/1/4154
f 4156/1/4156 4158/1/4158 4157/1/4157
f 4159/1/4159 4161/1/4161 4160/1/4160
f 4162/1/4162 4164/1/4164 4163/1/4163
f 4165/1/4165 4167/1/4167 4166/1/4166
f 4168/1/4168 4170/1/4170 4169/1/4169
f 4171/1/4171 4173/1/4173 4172/1/4172
f 4174/1/4174 4176/1/4176 4175/1/4175
f 4177/1/4177 4179/1/4179 4178/1/4178
f 4180/1/4180 4182/1/4182 4181/1/4181
f 4183/1/4183 4185/1/4185 4184/1/4184
f 4186/1/4186 4188/1/4188 4187/1/4187
f 4189/1/4189 4191/1/4191 4190/1/4190
f 4192/1/4192 4194/1/4194 4193/1/4193
f 4195/1/4195 4197/1/4197 4196/1/4196
f 4198/1/4198 4200/1/4200 4199/1/4199
f 4201/1/4201 4203/1/4203 4202/1/4202
f 4204/1/4204 4206/1/4206 4205/1/4205
f 4207/1/4207 4209/1/4209 4208/1/4208
f 4210/1/4210 4212/1/4212 4211/1/4211
f 4213/1/4213 4215/1/4215 4214/1/4214
f 4216/1/4216 4218/1/4218 4217/1/4217
f 4219/1/4219 4221/1/4221 4220/1/4220
f 4222/1/4222 4224/1/4224 4223/1/4223
f 4225/1/4225 4227/1/4227 4226/1/4226
f 4228/1/4228 4230/1/4230 4229/1/4229
f 4231/1/4231 4233/1/4233 4232/1/4232
f 4234/1/4234 4236/1/4236 4235/1/4235
f 4237/1/4237 4239/1/4239 4238/1/4238
f 4240/1/4240 4242/1/4242 4241/1/4241
f 4243/1/4243 4245/1/4245 4244/1/4244
f 4246/1/4246 4248/1/4248 4247/1/4247
f 4249/1/4249 4251/1/4251 4250/1/4250
f 4252/1/4252 4254/1/4254 4253/1/4253
f 4255/1/4255 4257/1/4257 4256/1/4256
f 4258/1/4258 4260/1/4260 4259/1/4259
f 4261/1/4261 4263/1/4263 4262/1/4262
f 4264/1/4264 4266/1/4266 4265/1/4265
f 4267/1/4267 4269/1/4269 4268/1/4268
f 4270/1/4270 4272/1/4272 4271/1/4271
f 4273/1/4273 4275/1/4275 4274/1/4274
f 4276/1/4276 4278/1/4278 4277/1/4277
f 4279/1/4279 4281/1/4281 4280/1/4280
f 4282/1/4282 4284/1/4284 4283/1/4283
f 4285/1/4285 4287/1/4287 4286/1/4286
f 4288/1/4288 4290/1/4290 4289/1/4289
f 4291/1/4291 4293/1/4293 4292/1/4292
f 4294/1/4294 4296/1/4296 4295/1/4295
f 4297/1/4297 4299/1/4299 4298/1/4298
f 4300/1/4300 4302/1/4302 4301/1/4301
f 4303/1/4303 4305/1/4305 4304/1/4304
f 4306/1/4306 4308/1/4308 4307/1/4307
f 4309/1/4309 4311/1/4311 4310/1/4310
f 4312/1/4312 4314/1/4314 4313/1/4313
f 4315/1/4315 4317/1/4317 4316/1/4316
f 4318/1/4318 4320/1/4320 4319/1/4319
f 4321/1/4321 4323/1/4323 4322/1/4322
f 4324/1/4324 4326/1/4326 4325/1/4325
f 4327/1/4327 4329/1/4329 4328/1/4328
f 4330/1/4330 4332/1/4332 4331/1/4331
f 4333/1/4333 4335/1/4335 4334/1/4334
f 4336/1/4336 4338/1/4338 4337/1/4337
f 4339/1/4339 4341/1/4341 4340/1/4340
f 4342/1/4342 4344/1/4344 4343/1/4343
f 4345/1/4345 4347/1/4347 4346/1/4346
f 4348/1/4348 4350/1/4350 4349/1/4349
f 4351/1/4351 4353/1/4353 4352/1/4352
f 4354/1/4354 4356/1/4356 4355/1/4355
f 4357/1/4357 4359/1/4359 4358/1/4358
f 4360/1/4360 4362/1/4362 4361/1/4361
f 4363/1/4363 4365/1/4365 4364/1/4364
f 4366/1/4366 4368/1/4368 4367/1/4367
f 4369/1/4369 4371/1/4371 4370/1/4370
f 4372/1/4372 4374/1/4374 4373/1/4373
f 4375/1/4375 4377/1/4377 4376/1/4376
f 4378/1/4378 4380/1/4380 4379/1/4379
f 4381/1/4381 4383/1/4383 4382/1/4382
f 4384/1/4384 4386/1/4386 4385/1/4385
f 4387/1/4387 4389/1/4389 4388/1/4388
f 4390/1/4390 4392/1/4392 4391/1/4391
f 4393/1/4393 4395/1/4395 4394/1/4394
f 4396/1/4396 4398/1/4398 4397/1/4397
f 4399/1/4399 4401/1/4401 4400/1/4400
f 4402/1/4402 4404/1/4404 4403/1/4403
f 4405/1/4405 4407/1/4407 4406/1/4406
f 4408/1/4408 4410/1/4410 4409/1/4409
f 4411/1/4411 4413/1/4413 4412/1/4412
f 4414/1/4414 4416/1/4416 4415/1/4415
f 4417/1/4417 4419/1/4419 4418/1/4418
f 4420/1/4420 4422/1/4422 4421/1/4421
f 4423/1/4423 4425/1/4425 4424/1/4424
f 4426/1/4426 4428/1/4428 4427/1/4427
f 4429/1/4429 4431/1/4431 4430/1/4430
f 4432/1/4432 4434/1/4434 4433/1/4433
f 4435/1/4435 4437/1/4437 4436/1/4436
f 4438/1/4438 4440/1/4440 4439/1/4439
f 4441/1/4441 4443/1/4443 4442/1/4442
f 4444/1/4444 4446/1/4446 4445/1/4445
f 4447/1/4447 4449/1/4449 4448/1/4448
f 4450/1/4450 4452/1/4452 4451/1/4451
f 4453/1/4453 4455/1/4455 4454/1/4454
f 4456/1/4456 4458/1/4458 4457/1/4457
f 4459/1/4459 4461/1/4461 4460/1/4460
f 4462/1/4462 4464/1/4464 4463/1/4463
f 4465/1/4465 4467/1/4467 4466/1/4466
f 4468/1/4468 4470/1/4470 4469/1/4469
f 4471/1/4471 4473/1/4473 4472/1/4472
f 4474/1/4474 4476/1/4476 4475/1/4475
f 4477/1/4477 4479/1/4479 4478/1/4478
f 4480/1/4480 4482/1/4482 4481/1/4481
f 4483/1/4483 4485/1/4485 4484/1/4484
f 4486/1/4486 4488/1/4488 4487/1/4487
f 4489/1/4489 4491/1/4491 4490/1/4490
f 4492/1/4492 4494/1/4494 4493/1/4493
f 4495/1/4495 4497/1/4497 4496/1/4496
f 4498/1/4498 4500/1/4500 4499/1/4499
f 4501/1/4501 4503/1/4503 4502/1/4502
f 4504/1/4504 4506/1/4506 4505/1/4505
f 4507/1/4507 4509/1/4509 4508/1/4508
f 4510/1/4510 4512/1/4512 4511/1/4511
f 4513/1/4513 4515/1/4515 4514/1/4514
f 4516/1/4516 4518/1/4518 4517/1/4517
f 4519/1/4519 4521/1/4521 4520/1/4520
f 4522/1/4522 4524/1/4524 4523/1/4523
f 4525/1/4525 4527/1/4527 4526/1/4526
f 4528/1/4528 4530/1/4530 4529/1/4529
f 4531/1/4531 4533/1/4533 4532/1/4532
f 4534/1/4534 4536/1/4536 4535/1/4535
f 4537/1/4537 4539/1/4539 4538/1/4538
f 4540/1/4540 4542/1/4542 4541/1/4541
f 4543/1/4543 4545/1/4545 4544/1/4544
f 4546/1/4546 4548/1/4548 4547/1/4547
f 4549/1/4549 4551/1/4551 4550/1/4550
f 4552/1/4552 4554/1/4554 4553/1/4553
f 4555/1/4555 4557/1/4557 4556/1/4556
f 4558/1/4558 4560/1/4560 4559/1/4559
f 4561/1/4561 4563/1/4563 4562/1/4562
f 4564/1/4564 4566/1/4566 4565/1/4565
f 4567/1/4567 4569/1/4569 4568/1/4568
f 4570/1/4570 4572/1/4572 4571/1/4571
f 4573/1/4573 4575/1/4575 4574/1/4574
f 4576/1/4576 4578/1/4578 4577/1/4577
f 4579/1/4579 4581/1/4581 4580/1/4580
f 4582/1/4582 4584/1/4584 4583/1/4583
f 4585/1/4585 4587/1/4587 4586/1/4586
f 4588/1/4588 4590/1/4590 4589/1/4589
f 4591/1/4591 4593/1/4593 4592/1/4592
f 4594/1/4594 4596/1/4596 4595/1/4595
f 4597/1/4597 4599/1/4599 4598/1/4598
f 4600/1/4600 4602/1/4602 4601/1/4601
f 4603/1/4603 4605/1/4605 4604/1/4604
f 4606/1/4606 4608/1/4608 4607/1/4607
f 4609/1/4609 4611/1/4611 4610/1/4610
f 4612/1/4612 4614/1/4614 4613/1/4613
f 4615/1/4615 4617/1/4617 4616/1/4616
f 4618/1/4618 4620/1/4620 4619/1/4619
f 4621/1/4621 4623/1/4623 4622/1/4622
f 4624/1/4624 4626/1/4626 4625/1/4625
f 4627/1/4627 4629/1/4629 4628/1/4628
f 4630/1/4630 4632/1/4632 4631/1/4631
f 4633/1/4633 4635/1/4635 4634/1/4634
f 4636/1/4636 4638/1/4638 4637/1/4637
f 4639/1/4639 4641/1/4641 4640/1/4640
f 4642/1/4642 4644/1/4644 4643/1/4643
f 4645/1/4645 4647/1/4647 4646/1/4646
f 4648/1/4648 4650/1/4650 4649/1/4649
f 4651/1/4651 4653/1/4653 4652/1/4652
f 4654/1/4654 4656/1/4656 4655/1/4655
f 4657/1/4657 4659/1/4659 4658/1/4658
f 4660/1/4660 4662/1/4662 4661/1/4661
f 4663/1/4663 4665/1/4665 4664/1/4664
f 4666/1/4666 4668/1/4668 4667/1/4667
f 4669/1/4669 4671/1/4671 4670/1/4670
f 4672/1/4672 4674/1/4674 4673/1/4673
f 4675/1/4675 4677/1/4677 4676/1/4676
f 4678/1/4678 4680/1/4680 4679/1/4679
f 4681/1/4681 4683/1/4683 4682/1/4682
f 4684/1/4684 4686/1/4686 4685/1/4685
f 4687/1/4687 4689/1/4689 4688/1/4688
f 4690/1/4690 4692/1/4692 4691/1/4691
f 4693/1/4693 4695/1/4695 4694/1/4694
f 4696/1/4696 4698/1/4698 4697/1/4697
f 4699/1/4699 4701/1/4701 4700/1/4700
f 4702/1/4702 4704/1/4704 4703/1/4703
f 4705/1/4705 4707/1/4707 4706/1/4706
f 4708/1/4708 4710/1/4710 4709/1/4709
f 4711/1/4711 4713/1/4713 4712/1/4712
f 4714/1/4714 4716/1/4716 4715/1/4715
f 4717/1/4717 4719/1/4719 4718/1/4718
f 4720/1/4720 4722/1/4722 4721/1/4721
f 4723/1/4723 4725/1/4725 4724/1/4724
f 4726/1/4726 4728/1/4728 4727/1/4727
f 4729/1/4729 4731/1/4731 4730/1/4730
f 4732/1/4732 4734/1/4734 4733/1/4733
f 4735/1/4735 4737/1/4737 4736/1/4736
f 4738/1/4738 4740/1/4740 4739/1/4739
f 4741/1/4741 4743/1/4743 4742/1/4742
f 4744/1/4744 4746/1/4746 4745/1/4745
f 4747/1/4747 4749/1/4749 4748/1/4748
f 4750/1/4750 4752/1/4752 4751/1/4751
f 4753/1/4753 4755/1/4755 4754/1/4754
f 4756/1/4756 4758/1/4758 4757/1/4757
f 4759/1/4759 4761/1/4761 4760/1/4760
f 4762/1/4762 4764/1/4764 4763/1/4763
f 4765/1/4765 4767/1/4767 4766/1/4766
f 4768/1/4768 4770/1/4770 4769/1/4769
f 4771/1/4771 4773/1/4773 4772/1/4772
f 4774/1/4774 4776/1/4776 4775/1/4775
f 4777/1/4777 4779/1/4779 4778/1/4778
f 4780/1/4780 4782/1/4782 4781/1/4781
f 4783/1/4783 4785/1/4785 4784/1/4784
f 4786/1/4786 4788/1/4788 4787/1/4787
f 4789/1/4789 4791/1/4791 4790/1/4790
f 4792/1/4792 4794/1/4794 4793/1/4793
f 4795/1/4795 4797/1/4797 4796/1/4796
f 4798/1/4798 4800/1/4800 4799/1/4799
f 4801/1/4801 4803/1/4803 4802/1/4802
f 4804/1/4804 4806/1/4806 4805/1/4805
f 4807/1/4807 4809/1/4809 4808/1/4808
f 4810/1/4810 4812/1/4812 4811/1/4811
f 4813/1/4813 4815/1/4815 4814/1/4814
f 4816/1/4816 4818/1/4818 4817/1/4817
f 4819/1/4819 4821/1/4821 4820/1/4820
f 4822/1/4822 4824/1/4824 4823/1/4823
f 4825/1/4825 4827/1/4827 4826/1/4826
f 4828/1/4828 4830/1/4830 4829/1/4829
f 4831/1/4831 4833/1/4833 4832/1/4832
f 4834/1/4834 4836/1/4836 4835/1/4835
f 4837/1/4837 4839/1/4839 4838/1/4838
f 4840/1/4840 4842/1/4842 4841/1/4841
f 4843/1/4843 4845/1/4845 4844/1/4844
f 4846/1/4846 4848/1/4848 4847/1/4847
f 4849/1/4849 4851/1/4851 4850/1/4850
f 4852/1/4852 4854/1/4854 4853/1/4853
f 4855/1/4855 4857/1/4857 4856/1/4856
f 4858/1/4858 4860/1/4860 4859/1/4859
f 4861/1/4861 4863/1/4863 4862/1/4862
f 4864/1/4864 4866/1/4866 4865/1/4865
f 4867/1/4867 4869/1/4869 4868/1/4868
f 4870/1/4870 4872/1/4872 4871/1/4871
f 4873/1/4873 4875/1/4875 4874/1/4874
f 4876/1/4876 4878/1/4878 4877/1/4877
f 4879/1/4879 4881/1/4881 4880/1/4880
f 4882/1/4882 4884/1/4884 4883/1/4883
f 4885/1/4885 4887/1/4887 4886/1/4886
f 4888/1/4888 4890/1/4890 4889/1/4889
f 4891/1/4891 4893/1/4893 4892/1/4892
f 4894/1/4894 4896/1/4896 4895/1/4895
f 4897/1/4897 4899/1/4899 4898/1/4898
f 4900/1/4900 4902/1/4902 4901/1/4901
f 4903/1/4903 4905/1/4905 4904/1/4904
f 4906/1/4906 4908/1/4908 4907/1/4907
f 4909/1/4909 4911/1/4911 4910/1/4910
f 4912/1/4912 4914/1/4914 4913/1/4913
f 4915/1/4915 4917/1/4917 4916/1/4916
f 4918/1/4918 4920/1/4920 4919/1/4919
f 4921/1/4921 4923/1/4923 4922/1/4922
f 4924/1/4924 4926/1/4926 4925/1/4925
f 4927/1/4927 4929/1/4929 4928/1/4928
f 4930/1/4930 4932/1/4932 4931/1/4931
f 4933/1/4933 4935/1/4935 4934/1/4934
f 4936/1/4936 4938/1/4938 4937/1/4937
f 4939/1/4939 4941/1/4941 4940/1/4940
f 4942/1/4942 4944/1/4944 4943/1/4943
f 4945/1/4945 4947/1/4947 4946/1/4946
f 4948/1/4948 4950/1/4950 4949/1/4949
f 4951/1/4951 4953/1/4953 4952/1/4952
f 4954/1/4954 4956/1/4956 4955/1/4955
f 4957/1/4957 4959/1/4959 4958/1/4958
f 4960/1/4960 4962/1/4962 4961/1/4961
f 4963/1/4963 4965/1/4965 4964/1/4964
f 4966/1/4966 4968/1/4968 4967/1/4967
f 4969/1/4969 4971/1/4971 4970/1/4970
f 4972/1/4972 4974/1/4974 4973/1/4973
f 4975/1/4975 4977/1/4977 4976/1/4976
f 4978/1/4978 4980/1/4980 4979/1/4979
f 4981/1/4981 4983/1/4983 4982/1/4982
f 4984/1/4984 4986/1/4986 4985/1/4985
f 4987/1/4987 4989/1/4989 4988/1/4988
f 4990/1/4990 4992/1/4992 4991/1/4991
f 4993/1/4993 4995/1/4995 4994/1/4994
f 4996/1/4996 4998/1/4998 4997/1/4997
f 4999/1/4999 5001/1/5001 5000/1/5000
f 5002/1/5002 5004/1/5004 5003/1/5003
f 5005/1/5005 5007/1/5007 5006/1/5006
f 5008/1/5008 5010/1/5010 5009/1/5009
f 5011/1/5011 5013/1/5013 5012/1/5012
f 5014/1/5014 5016/1/5016 5015/1/5015
f 5017/1/5017 5019/1/5019 5018/1/5018
f 5020/1/5020 5022/1/5022 5021/1/5021
f 5023/1/5023 5025/1/5025 5024/1/5024
f 5026/1/5026 5028/1/5028 5027/1/5027
f 5029/1/5029 5031/1/5031 5030/1/5030
f 5032/1/5032 5034/1/5034 5033/1/5033
f 5035/1/5035 5037/1/5037 5036/1/5036
f 5038/1/5038 5040/1/5040 5039/1/5039
f 5041/1/5041 5043/1/5043 5042/1/5042
f 5044/1/5044 5046/1/5046 5045/1/5045
f 5047/1/5047 5049/1/5049 5048/1/5048
f 5050/1/5050 5052/1/5052 5051/1/5051
f 5053/1/5053 5055/1/5055 5054/1/5054
f 5056/1/5056 5058/1/5058 5057/1/5057
f 5059/1/5059 5061/1/5061 5060/1/5060
f 5062/1/5062 5064/1/5064 5063/1/5063
f 5065/1/5065 5067/1/5067 5066/1/5066
f 5068/1/5068 5070/1/5070 5069/1/5069
f 5071/1/5071 5073/1/5073 5072/1/5072
f 5074/1/5074 5076/1/5076 5075/1/5075
f 5077/1/5077 5079/1/5079 5078/1/5078
f 5080/1/5080 5082/1/5082 5081/1/5081
f 5083/1/5083 5085/1/5085 5084/1/5084
f 5086/1/5086 5088/1/5088 5087/1/5087
f 5089/1/5089 5091/1/5091 5090/1/5090
f 5092/1/5092 5094/1/5094 5093/1/5093
f 5095/1/5095 5097/1/5097 5096/1/5096
f 5098/1/5098 5100/1/5100 5099/1/5099
f 5101/1/5101 5103/1/5103 5102/1/5102
f 5104/1/5104 5106/1/5106 5105/1/5105
f 5107/1/5107 5109/1/5109 5108/1/5108
f 5110/1/5110 5112/1/5112 5111/1/5111
f 5113/1/5113 5115/1/5115 5114/1/5114
f 5116/1/5116 5118/1/5118 5117/1/5117
f 5119/1/5119 5121/1/5121 5120/1/5120
f 5122/1/5122 5124/1/5124 5123/1/5123
f 5125/1/5125 5127/1/5127 5126/1/5126
f 5128/1/5128 5130/1/5130 5129/1/5129
f 5131/1/5131 5133/1/5133 5132/1/5132
f 5134/1/5134 5136/1/5136 5135/1/5135
f 5137/1/5137 5139/1/5139 5138/1/5138
f 5140/1/5140 5142/1/5142 5141/1/5141
f 5143/1/5143 5145/1/5145 5144/1/5144
f 5146/1/5146 5148/1/5148 5147/1/5147
f 5149/1/5149 5151/1/5151 5150/1/5150
f 5152/1/5152 5154/1/5154 5153/1/5153
f 5155/1/5155 5157/1/5157 5156/1/5156
f 5158/1/5158 5160/1/5160 5159/1/5159
f 5161/1/5161 5163/1/5163 5162/1/5162
f 5164/1/5164 5166/1/5166 5165/1/5165
f 5167/1/5167 5169/1/5169 5168/1/5168
f 5170/1/5170 5172/1/5172 5171/1/5171
f 5173/1/5173 5175/1/5175 5174/1/5174
f 5176/1/5176 5178/1/5178 5177/1/5177
f 5179/1/5179 5181/1/5181 5180/1/5180
f 5182/1/5182 5184/1/5184 5183/1/5183
f 5185/1/5185 5187/1/5187 5186/1/5186
f 5188/1/5188 5190/1/5190 5189/1/5189
f 5191/1/5191 5193/1/5193 5192/1/5192
f 5194/1/5194 5196/1/5196 5195/1/5195
f 5197/1/5197 5199/1/5199 5198/1/5198
f 5200/1/5200 5202/1/5202 5201/1/5201
f 5203/1/5203 5205/1/5205 5204/1/5204
f 5206/1/5206 5208/1/5208 5207/1/5207
f 5209/1/5209 5211/1/5211 5210/1/5210
f 5212/1/5212 5214/1/5214 5213/1/5213
f 5215/1/5215 5217/1/5217 5216/1/5216
f 5218/1/5218 5220/1/5220 5219/1/5219
f 5221/1/5221 5223/1/5223 5222/1/5222
f 5224/1/5224 5226/1/5226 5225/1/5225
f 5227/1/5227 5229/1/5229 5228/1/5228
f 5230/1/5230 5232/1/5232 5231/1/5231
f 5233/1/5233 5235/1/5235 5234/1/5234
f 5236/1/5236 5238/1/5238 5237/1/5237
f 5239/1/5239 5241/1/5241 5240/1/5240
f 5242/1/5242 5244/1/5244 5243/1/5243
f 5245/1/5245 5247/1/5247 5246/1/5246
f 5248/1/5248 5250/1/5250 5249/1/5249
f 5251/1/5251 5253/1/5253 5252/1/5252
f 5254/1/5254 5256/1/5256 5255/1/5255
f 5257/1/5257 5259/1/5259 5258/1/5258
f 5260/1/5260 5262/1/5262 5261/1/5261
f 5263/1/5263 5265/1/5265 5264/1/5264
f 5266/1/5266 5268/1/5268 5267/1/5267
f 5269/1/5269 5271/1/5271 5270/1/5270
f 5272/1/5272 5274/1/5274 5273/1/5273
f 5275/1/5275 5277/1/5277 5276/1/5276
f 5278/1/5278 5280/1/5280 5279/1/5279
f 5281/1/5281 5283/1/5283 5282/1/5282
f 5284/1/5284 5286/1/5286 5285/1/5285
f 5287/1/5287 5289/1/5289 5288/1/5288
f 5290/1/5290 5292/1/5292 5291/1/5291
f 5293/1/5293 5295/1/5295 5294/1/5294
f 5296/1/5296 5298/1/5298 5297/1/5297
f 5299/1/5299 5301/1/5301 5300/1/5300
f 5302/1/5302 5304/1/5304 5303/1/5303
f 5305/1/5305 5307/1/5307 5306/1/5306
f 5308/1/5308 5310/1/5310 5309/1/5309
f 5311/1/5311 5313/1/5313 5312/1/5312
f 5314/1/5314 5316/1/5316 5315/1/5315
f 5317/1/5317 5319/1/5319 5318/1/5318
f 5320/1/5320 5322/1/5322 5321/1/5321
f 5323/1/5323 5325/1/5325 5324/1/5324
f 5326/1/5326 5328/1/5328 5327/1/5327
f 5329/1/5329 5331/1/5331 5330/1/5330
f 5332/1/5332 5334/1/5334 5333/1/5333
f 5335/1/5335 5337/1/5337 5336/1/5336
f 5338/1/5338 5340/1/5340 5339/1/5339
f 5341/1/5341 5343/1/5343 5342/1/5342
f 5344/1/5344 5346/1/5346 5345/1/5345
f 5347/1/5347 5349/1/5349 5348/1/5348
f 5350/1/5350 5352/1/5352 5351/1/5351
f 5353/1/5353 5355/1/5355 5354/1/5354
f 5356/1/5356 5358/1/5358 5357/1/5357
f 5359/1/5359 5361/1/5361 5360/1/5360
f 5362/1/5362 5364/1/5364 5363/1/5363
f 5365/1/5365 5367/1/5367 5366/1/5366
f 5368/1/5368 5370/1/5370 5369/1/5369
f 5371/1/5371 5373/1/5373 5372/1/5372
f 5374/1/5374 5376/1/5376 5375/1/5375
f 5377/1/5377 5379/1/5379 5378/1/5378
f 5380/1/5380 5382/1/5382 5381/1/5381
f 5383/1/5383 5385/1/5385 5384/1/5384
f 5386/1/5386 5388/1/5388 5387/1/5387
f 5389/1/5389 5391/1/5391 5390/1/5390
f 5392/1/5392 5394/1/5394 5393/1/5393
f 5395/1/5395 5397/1/5397 5396/1/5396
f 5398/1/5398 5400/1/5400 5399/1/5399
f 5401/1/5401 5403/1/5403 5402/1/5402
f 5404/1/5404 5406/1/5406 5405/1/5405
f 5407/1/5407 5409/1/5409 5408/1/5408
f 5410/1/5410 5412/1/5412 5411/1/5411
f 5413/1/5413 5415/1/5415 5414/1/5414
f 5416/1/5416 5418/1/5418 5417/1/5417
f 5419/1/5419 5421/1/5421 5420/1/5420
f 5422/1/5422 5424/1/5424 5423/1/5423
f 5425/1/5425 5427/1/5427 5426/1/5426
f 5428/1/5428 5430/1/5430 5429/1/5429
f 5431/1/5431 5433/1/5433 5432/1/5432
f 5434/1/5434 5436/1/5436 5435/1/5435
f 5437/1/5437 5439/1/5439 5438/1/5438
f 5440/1/5440 5442/1/5442 5441/1/5441
f 5443/1/5443 5445/1/5445 5444/1/5444
f 5446/1/5446 5448/1/5448 5447/1/5447
f 5449/1/5449 5451/1/5451 5450/1/5450
f 5452/1/5452 5454/1/5454 5453/1/5453
f 5455/1/5455 5457/1/5457 5456/1/5456
f 5458/1/5458 5460/1/5460 5459/1/5459
f 5461/1/5461 5463/1/5463 5462/1/5462
f 5464/1/5464 5466/1/5466 5465/1/5465
f 5467/1/5467 5469/1/5469 5468/1/5468
f 5470/1/5470 5472/1/5472 5471/1/5471
f 5473/1/5473 5475/1/5475 5474/1/5474
f 5476/1/5476 5478/1/5478 5477/1/5477
f 5479/1/5479 5481/1/5481 5480/1/5480
f 5482/1/5482 5484/1/5484 5483/1/5483
f 5485/1/5485 5487/1/5487 5486/1/5486
f 5488/1/5488 5490/1/5490 5489/1/5489
f 5491/1/5491 5493/1/5493 5492/1/5492
f 5494/1/5494 5496/1/5496 5495/1/5495
f 5497/1/5497 5499/1/5499 5498/1/5498
f 5500/1/5500 5502/1/5502 5501/1/5501
f 5503/1/5503 5505/1/5505 5504/1/5504
f 5506/1/5506 5508/1/5508 5507/1/5507
f 5509/1/5509 5511/1/5511 5510/1/5510
f 5512/1/5512 5514/1/5514 5513/1/5513
f 5515/1/5515 5517/1/5517 5516/1/5516
f 5518/1/5518 5520/1/5520 5519/1/5519
f 5521/1/5521 5523/1/5523 5522/1/5522
f 5524/1/5524 5526/1/5526 5525/1/5525
f 5527/1/5527 5529/1/5529 5528/1/5528
f 5530/1/5530 5532/1/5532 5531/1/5531
f 5533/1/5533 5535/1/5535 5534/1/5534
f 5536/1/5536 5538/1/5538 5537/1/5537
f 5539/1/5539 5541/1/5541 5540/1/5540
f 5542/1/5542 5544/1/5544 5543/1/5543
f 5545/1/5545 5547/1/5547 5546/1/5546
f 5548/1/5548 5550/1/5550 5549/1/5549
f 5551/1/5551 5553/1/5553 5552/1/5552
f 5554/1/5554 5556/1/5556 5555/1/5555
f 5557/1/5557 5559/1/5559 5558/1/5558
f 5560/1/5560 5562/1/5562 5561/1/5561
f 5563/1/5563 5565/1/5565 5564/1/5564
f 5566/1/5566 5568/1/5568 5567/1/5567
f 5569/1/5569 5571/1/5571 5570/1/5570
f 5572/1/5572 5574/1/5574 5573/1/5573
f 5575/1/5575 5577/1/5577 5576/1/5576
f 5578/1/5578 5580/1/5580 5579/1/5579
f 5581/1/5581 5583/1/5583 5582/1/5582
f 5584/1/5584 5586/1/5586 5585/1/5585
f 5587/1/5587 5589/1/5589 5588/1/5588
f 5590/1/5590 5592/1/5592 5591/1/5591
f 5593/1/5593 5595/1/5595 5594/1/5594
f 5596/1/5596 5598/1/5598 5597/1/5597
f 5599/1/5599 5601/1/5601 5600/1/5600
f 5602/1/5602 5604/1/5604 5603/1/5603
f 5605/1/5605 5607/1/5607 5606/1/5606
f 5608/1/5608 5610/1/5610 5609/1/5609
f 5611/1/5611 5613/1/5613 5612/1/5612
f 5614/1/5614 5616/1/5616 5615/1/5615
f 5617/1/5617 5619/1/5619 5618/1/5618
f 5620/1/5620 5622/1/5622 5621/1/5621
f 5623/1/5623 5625/1/5625 5624/1/5624
f 5626/1/5626 5628/1/5628 5627/1/5627
f 5629/1/5629 5631/1/5631 5630/1/5630
f 5632/1/5632 5634/1/5634 5633/1/5633
f 5635/1/5635 5637/1/5637 5636/1/5636
f 5638/1/5638 5640/1/5640 5639/1/5639
f 5641/1/5641 5643/1/5643 5642/1/5642
f 5644/1/5644 5646/1/5646 5645/1/5645
f 5647/1/5647 5649/1/5649 5648/1/5648
f 5650/1/5650 5652/1/5652 5651/1/5651
f 5653/1/5653 5655/1/5655 5654/1/5654
f 5656/1/5656 5658/1/5658 5657/1/5657
f 5659/1/5659 5661/1/5661 5660/1/5660
f 5662/1/5662 5664/1/5664 5663/1/5663
f 5665/1/5665 5667/1/5667 5666/1/5666
f 5668/1/5668 5670/1/5670 5669/1/5669
f 5671/1/5671 5673/1/5673 5672/1/5672
f 5674/1/5674 5676/1/5676 5675/1/5675
f 5677/1/5677 5679/1/5679 5678/1/5678
f 5680/1/5680 5682/1/5682 5681/1/5681
f 5683/1/5683 5685/1/5685 5684/1/5684
f 5686/1/5686 5688/1/5688 5687/1/5687
f 5689/1/5689 5691/1/5691 5690/1/5690
f 5692/1/5692 5694/1/5694 5693/1/5693
f 5695/1/5695 5697/1/5697 5696/1/5696
f 5698/1/5698 5700/1/5700 5699/1/5699
f 5701/1/5701 5703/1/5703 5702/1/5702
f 5704/1/5704 5706/1/5706 5705/1/5705
f 5707/1/5707 5709/1/5709 5708/1/5708
f 5710/1/5710 5712/1/5712 5711/1/5711
f 5713/1/5713 5715/1/5715 5714/1/5714
f 5716/1/5716 5718/1/5718 5717/1/5717
f 5719/1/5719 5721/1/5721 5720/1/5720
f 5722/1/5722 5724/1/5724 5723/1/5723
f 5725/1/5725 5727/1/5727 5726/1/5726
f 5728/1/5728 5730/1/5730 5729/1/5729
f 5731/1/5731 5733/1/5733 5732/1/5732
f 5734/1/5734 5736/1/5736 5735/1/5735
f 5737/1/5737 5739/1/5739 5738/1/5738
f 5740/1/5740 5742/1/5742 5741/1/5741
f 5743/1/5743 5745/1/5745 5744/1/5744
f 5746/1/5746 5748/1/5748 5747/1/5747
f 5749/1/5749 5751/1/5751 5750/1/5750
f 5752/1/5752 5754/1/5754 5753/1/5753
f 5755/1/5755 5757/1/5757 5756/1/5756
f 5758/1/5758 5760/1/5760 5759/1/5759
f 5761/1/5761 5763/1/5763 5762/1/5762
f 5764/1/5764 5766/1/5766 5765/1/5765
f 5767/1/5767 5769/1/5769 5768/1/5768
f 5770/1/5770 5772/1/5772 5771/1/5771
f 5773/1/5773 5775/1/5775 5774/1/5774
f 5776/1/5776 5778/1/5778 5777/1/5777
f 5779/1/5779 5781/1/5781 5780/1/5780
f 5782/1/5782 5784/1/5784 5783/1/5783
f 5785/1/5785 5787/1/5787 5786/1/5786
f 5788/1/5788 5790/1/5790 5789/1/5789
f 5791/1/5791 5793/1/5793 5792/1/5792
f 5794/1/5794 5796/1/5796 5795/1/5795
f 5797/1/5797 5799/1/5799 5798/1/5798
f 5800/1/5800 5802/1/5802 5801/1/5801
f 5803/1/5803 5805/1/5805 5804/1/5804
f 5806/1/5806 5808/1/5808 5807/1/5807
f 5809/1/5809 5811/1/5811 5810/1/5810
f 5812/1/5812 5814/1/5814 5813/1/5813
f 5815/1/5815 5817/1/5817 5816/1/5816
f 5818/1/5818 5820/1/5820 5819/1/5819
f 5821/1/5821 5823/1/5823 5822/1/5822
f 5824/1/5824 5826/1/5826 5825/1/5825
f 5827/1/5827 5829/1/5829 5828/1/5828
f 5830/1/5830 5832/1/5832 5831/1/5831
f 5833/1/5833 5835/1/5835 5834/1/5834
f 5836/1/5836 5838/1/5838 5837/1/5837
f 5839/1/5839 5841/1/5841 5840/1/5840
f 5842/1/5842 5844/1/5844 5843/1/5843
f 5845/1/5845 5847/1/5847 5846/1/5846
f 5848/1/5848 5850/1/5850 5849/1/5849
f 5851/1/5851 5853/1/5853 5852/1/5852
f 5854/1/5854 5856/1/5856 5855/1/5855
f 5857/1/5857 5859/1/5859 5858/1/5858
f 5860/1/5860 5862/1/5862 5861/1/5861
f 5863/1/5863 5865/1/5865 5864/1/5864
f 5866/1/5866 5868/1/5868 5867/1/5867
f 5869/1/5869 5871/1/5871 5870/1/5870
f 5872/1/5872 5874/1/5874 5873/1/5873
f 5875/1/5875 5877/1/5877 5876/1/5876
f 5878/1/5878 5880/1/5880 5879/1/5879
f 5881/1/5881 5883/1/5883 5882/1/5882
f 5884/1/5884 5886/1/5886 5885/1/5885
f 5887/1/5887 5889/1/5889 5888/1/5888
f 5890/1/5890 5892/1/5892 5891/1/5891
f 5893/1/5893 5895/1/5895 5894/1/5894
f 5896/1/5896 5898/1/5898 5897/1/5897
f 5899/1/5899 5901/1/5901 5900/1/5900
f 5902/1/5902 5904/1/5904 5903/1/5903
f 5905/1/5905 5907/1/5907 5906/1/5906
f 5908/1/5908 5910/1/5910 5909/1/5909
f 5911/1/5911 5913/1/5913 5912/1/5912
f 5914/1/5914 5916/1/5916 5915/1/5915
f 5917/1/5917 5919/1/5919 5918/1/5918
f 5920/1/5920 5922/1/5922 5921/1/5921
f 5923/1/5923 5925/1/5925 5924/1/5924
f 5926/1/5926 5928/1/5928 5927/1/5927
f 5929/1/5929 5931/1/5931 5930/1/5930
f 5932/1/5932 5934/1/5934 5933/1/5933
f 5935/1/5935 5937/1/5937 5936/1/5936
f 5938/1/5938 5940/1/5940 5939/1/5939
f 5941/1/5941 5943/1/5943 5942/1/5942
f 5944/1/5944 5946/1/5946 5945/1/5945
f 5947/1/5947 5949/1/5949 5948/1/5948
f 5950/1/5950 5952/1/5952 5951/1/5951
f 5953/1/5953 5955/1/5955 5954/1/5954
f 5956/1/5956 5958/1/5958 5957/1/5957
f 5959/1/5959 5961/1/5961 5960/1/5960
f 5962/1/5962 5964/1/5964 5963/1/5963
f 5965/1/5965 5967/1/5967 5966/1/5966
f 5968/1/5968 5970/1/5970 5969/1/5969
f 5971/1/5971 5973/1/5973 5972/1/5972
f 5974/1/5974 5976/1/5976 5975/1/5975
f 5977/1/5977 5979/1/5979 5978/1/5978
f 5980/1/5980 5982/1/5982 5981/1/5981
f 5983/1/5983 5985/1/5985 5984/1/5984
f 5986/1/5986 5988/1/5988 5987/1/5987
f 5989/1/5989 5991/1/5991 5990/1/5990
f 5992/1/5992 5994/1/5994 5993/1/5993
f 5995/1/5995 5997/1/5997 5996/1/5996
f 5998/1/5998 6000/1/6000 5999/1/5999
f 6001/1/6001 6003/1/6003 6002/1/6002
f 6004/1/6004 6006/1/6006 6005/1/6005
f 6007/1/6007 6009/1/6009 6008/1/6008
f 6010/1/6010 6012/1/6012 6011/1/6011
f 6013/1/6013 6015/1/6015 6014/1/6014
f 6016/1/6016 6018/1/6018 6017/1/6017
f 6019/1/6019 6021/1/6021 6020/1/6020
f 6022/1/6022 6024/1/6024 6023/1/6023
f 6025/1/6025 6027/1/6027 6026/1/6026
f 6028/1/6028 6030/1/6030 6029/1/6029
f 6031/1/6031 6033/1/6033 6032/1/6032
f 6034/1/6034 6036/1/6036 6035/1/6035
f 6037/1/6037 6039/1/6039 6038/1/6038
f 6040/1/6040 6042/1/6042 6041/1/6041
f 6043/1/6043 6045/1/6045 6044/1/6044
f 6046/1/6046 6048/1/6048 6047/1/6047
f 6049/1/6049 6051/1/6051 6050/1/6050
f 6052/1/6052 6054/1/6054 6053/1/6053
f 6055/1/6055 6057/1/6057 6056/1/6056
f 6058/1/6058 6060/1/6060 6059/1/6059
f 6061/1/6061 6063/1/6063 6062/1/6062
f 6064/1/6064 6066/1/6066 6065/1/6065
f 6067/1/6067 6069/1/6069 6068/1/6068
f 6070/1/6070 6072/1/6072 6071/1/6071
f 6073/1/6073 6075/1/6075 6074/1/6074
f 6076/1/6076 6078/1/6078 6077/1/6077
f 6079/1/6079 6081/1/6081 6080/1/6080
f 6082/1/6082 6084/1/6084 6083/1/6083
f 6085/1/6085 6087/1/6087 6086/1/6086
f 6088/1/6088 6090/1/6090 6089/1/6089
f 6091/1/6091 6093/1/6093 6092/1/6092
f 6094/1/6094 6096/1/6096 6095/1/6095
f 6097/1/6097 6099/1/6099 6098/1/6098
f 6100/1/6100 6102/1/6102 6101/1/6101
f 6103/1/6103 6105/1/6105 6104/1/6104
f 6106/1/6106 6108/1/6108 6107/1/6107
f 6109/1/6109 6111/1/6111 6110/1/6110
f 6112/1/6112 6114/1/6114 6113/1/6113
f 6115/1/6115 6117/1/6117 6116/1/6116
f 6118/1/6118 6120/1/6120 6119/1/6119
f 6121/1/6121 6123/1/6123 6122/1/6122
f 6124/1/6124 6126/1/6126 6125/1/6125
f 6127/1/6127 6129/1/6129 6128/1/6128
f 6130/1/6130 6132/1/6132 6131/1/6131
f 6133/1/6133 6135/1/6135 6134/1/6134
f 6136/1/6136 6138/1/6138 6137/1/6137
f 6139/1/6139 6141/1/6141 6140/1/6140
f 6142/1/6142 6144/1/6144 6143/1/6143
f 6145/1/6145 6147/1/6147 6146/1/6146
f 6148/1/6148 6150/1/6150 6149/1/6149
f 6151/1/6151 6153/1/6153 6152/1/6152
f 6154/1/6154 6156/1/6156 6155/1/6155
f 6157/1/6157 6159/1/6159 6158/1/6158
f 6160/1/6160 6162/1/6162 6161/1/6161
f 6163/1/6163 6165/1/6165 6164/1/6164
f 6166/1/6166 6168/1/6168 6167/1/6167
f 6169/1/6169 6171/1/6171 6170/1/6170
f 6172/1/6172 6174/1/6174 6173/1/6173
f 6175/1/6175 6177/1/6177 6176/1/6176
f 6178/1/6178 6180/1/6180 6179/1/6179
f 6181/1/6181 6183/1/6183 6182/1/6182
f 6184/1/6184 6186/1/6186 6185/1/6185
f 6187/1/6187 6189/1/6189 6188/1/6188
f 6190/1/6190 6192/1/6192 6191/1/6191
f 6193/1/6193 6195/1/6195 6194/1/6194
f 6196/1/6196 6198/1/6198 6197/1/6197
f 6199/1/6199 6201/1/6201 6200/1/6200
f 6202/1/6202 6204/1/6204 6203/1/6203
f 6205/1/6205 6207/1/6207 6206/1/6206
f 6208/1/6208 6210/1/6210 6209/1/6209
f 6211/1/6211 6213/1/6213 6212/1/6212
f 6214/1/6214 6216/1/6216 6215/1/6215
f 6217/1/6217 6219/1/6219 6218/1/6218
f 6220/1/6220 6222/1/6222 6221/1/6221
f 6223/1/6223 6225/1/6225 6224/1/6224
f 6226/1/6226 6228/1/6228 6227/1/6227
f 6229/1/6229 6231/1/6231 6230/1/6230
f 6232/1/6232 6234/1/6234 6233/1/6233
f 6235/1/6235 6237/1/6237 6236/1/6236
f 6238/1/6238 6240/1/6240 6239/1/6239
f 6241/1/6241 6243/1/6243 6242/1/6242
f 6244/1/6244 6246/1/6246 6245/1/6245
f 6247/1/6247 6249/1/6249 6248/1/6248
f 6250/1/6250 6252/1/6252 6251/1/6251
f 6253/1/6253 6255/1/6255 6254/1/6254
f 6256/1/6256 6258/1/6258 6257/1/6257
f 6259/1/6259 6261/1/6261 6260/1/6260
f 6262/1/6262 6264/1/6264 6263/1/6263
f 6265/1/6265 6267/1/6267 6266/1/6266
f 6268/1/6268 6270/1/6270 6269/1/6269
f 6271/1/6271 6273/1/6273 6272/1/6272
f 6274/1/6274 6276/1/6276 6275/1/6275
f 6277/1/6277 6279/1/6279 6278/1/6278
f 6280/1/6280 6282/1/6282 6281/1/6281
f 6283/1/6283 6285/1/6285 6284/1/6284
f 6286/1/6286 6288/1/6288 6287/1/6287
f 6289/1/6289 6291/1/6291 6290/1/6290
f 6292/1/6292 6294/1/6294 6293/1/6293
f 6295/1/6295 6297/1/6297 6296/1/6296
f 6298/1/6298 6300/1/6300 6299/1/6299
f 6301/1/6301 6303/1/6303 6302/1/6302
f 6304/1/6304 6306/1/6306 6305/1/6305
f 6307/1/6307 6309/1/6309 6308/1/6308
f 6310/1/6310 6312/1/6312 6311/1/6311
f 6313/1/6313 6315/1/6315 6314/1/6314
f 6316/1/6316 6318/1/6318 6317/1/6317
f 6319/1/6319 6321/1/6321 6320/1/6320
f 6322/1/6322 6324/1/6324 6323/1/6323
f 6325/1/6325 6327/1/6327 6326/1/6326
f 6328/1/6328 6330/1/6330 6329/1/6329
f 6331/1/6331 6333/1/6333 6332/1/6332
f 6334/1/6334 6336/1/6336 6335/1/6335
f 6337/1/6337 6339/1/6339 6338/1/6338
f 6340/1/6340 6342/1/6342 6341/1/6341
f 6343/1/6343 6345/1/6345 6344/1/6344
f 6346/1/6346 6348/1/6348 6347/1/6347
f 6349/1/6349 6351/1/6351 6350/1/6350
f 6352/1/6352 6354/1/6354 6353/1/6353
f 6355/1/6355 6357/1/6357 6356/1/6356
f 6358/1/6358 6360/1/6360 6359/1/6359
f 6361/1/6361 6363/1/6363 6362/1/6362
f 6364/1/6364 6366/1/6366 6365/1/6365
f 6367/1/6367 6369/1/6369 6368/1/6368
f 6370/1/6370 6372/1/6372 6371/1/6371
f 6373/1/6373 6375/1/6375 6374/1/6374
f 6376/1/6376 6378/1/6378 6377/1/6377
f 6379/1/6379 6381/1/6381 6380/1/6380
f 6382/1/6382 6384/1/6384 6383/1/6383
f 6385/1/6385 6387/1/6387 6386/1/6386
f 6388/1/6388 6390/1/6390 6389/1/6389
f 6391/1/6391 6393/1/6393 6392/1/6392
f 6394/1/6394 6396/1/6396 6395/1/6395
f 6397/1/6397 6399/1/6399 6398/1/6398
f 6400/1/6400 6402/1/6402 6401/1/6401
f 6403/1/6403 6405/1/6405 6404/1/6404
f 6406/1/6406 6408/1/6408 6407/1/6407
f 6409/1/6409 6411/1/6411 6410/1/6410
f 6412/1/6412 6414/1/6414 6413/1/6413
f 6415/1/6415 6417/1/6417 6416/1/6416
f 6418/1/6418 6420/1/6420 6419/1/6419
f 6421/1/6421 6423/1/6423 6422/1/6422
f 6424/1/6424 6426/1/6426 6425/1/6425
f 6427/1/6427 6429/1/6429 6428/1/6428
f 6430/1/6430 6432/1/6432 6431/1/6431
f 6433/1/6433 6435/1/6435 6434/1/6434
f 6436/1/6436 6438/1/6438 6437/1/6437
f 6439/1/6439 6441/1/6441 6440/1/6440
f 6442/1/6442 6444/1/6444 6443/1/6443
f 6445/1/6445 6447/1/6447 6446/1/6446
f 6448/1/6448 6450/1/6450 6449/1/6449
f 6451/1/6451 6453/1/6453 6452/1/6452
f 6454/1/6454 6456/1/6456 6455/1/6455
f 6457/1/6457 6459/1/6459 6458/1/6458
f 6460/1/6460 6462/1/6462 6461/1/6461
f 6463/1/6463 6465/1/6465 6464/1/6464
f 6466/1/6466 6468/1/6468 6467/1/6467
f 6469/1/6469 6471/1/6471 6470/1/6470
f 6472/1/6472 6474/1/6474 6473/1/6473
f 6475/1/6475 6477/1/6477 6476/1/6476
f 6478/1/6478 6480/1/6480 6479/1/6479
f 6481/1/6481 6483/1/6483 6482/1/6482
f 6484/1/6484 6486/1/6486 6485/1/6485
f 6487/1/6487 6489/1/6489 6488/1/6488
f 6490/1/6490 6492/1/6492 6491/1/6491
f 6493/1/6493 6495/1/6495 6494/1/6494
f 6496/1/6496 6498/1/6498 6497/1/6497
f 6499/1/6499 6501/1/6501 6500/1/6500
f 6502/1/6502 6504/1/6504 6503/1/6503
f 6505/1/6505 6507/1/6507 6506/1/6506
f 6508/1/6508 6510/1/6510 6509/1/6509
f 6511/1/6511 6513/1/6513 6512/1/6512
f 6514/1/6514 6516/1/6516 6515/1/6515
f 6517/1/6517 6519/1/6519 6518/1/6518
f 6520/1/6520 6522/1/6522 6521/1/6521
f 6523/1/6523 6525/1/6525 6524/1/6524
f 6526/1/6526 6528/1/6528 6527/1/6527
f 6529/1/6529 6531/1/6531 6530/1/6530
f 6532/1/6532 6534/1/6534 6533/1/6533
f 6535/1/6535 6537/1/6537 6536/1/6536
f 6538/1/6538 6540/1/6540 6539/1/6539
f 6541/1/6541 6543/1/6543 6542/1/6542
f 6544/1/6544 6546/1/6546 6545/1/6545
f 6547/1/6547 6549/1/6549 6548/1/6548
f 6550/1/6550 6552/1/6552 6551/1/6551
f 6553/1/6553 6555/1/6555 6554/1/6554
f 6556/1/6556 6558/1/6558 6557/1/6557
f 6559/1/6559 6561/1/6561 6560/1/6560
f 6562/1/6562 6564/1/6564 6563/1/6563
f 6565/1/6565 6567/1/6567 6566/1/6566
f 6568/1/6568 6570/1/6570 6569/1/6569
f 6571/1/6571 6573/1/6573 6572/1/6572
f 6574/1/6574 6576/1/6576 6575/1/6575
f 6577/1/6577 6579/1/6579 6578/1/6578
f 6580/1/6580 6582/1/6582 6581/1/6581
f 6583/1/6583 6585/1/6585 6584/1/6584
f 6586/1/6586 6588/1/6588 6587/1/6587
f 6589/1/6589 6591/1/6591 6590/1/6590
f 6592/1/6592 6594/1/6594 6593/1/6593
f 6595/1/6595 6597/1/6597 6596/1/6596
f 6598/1/6598 6600/1/6600 6599/1/6599
f 6601/1/6601 6603/1/6603 6602/1/6602
f 6604/1/6604 6606/1/6606 6605/1/6605
f 6607/1/6607 6609/1/6609 6608/1/6608
f 6610/1/6610 6612/1/6612 6611/1/6611
f 6613/1/6613 6615/1/6615 6614/1/6614
f 6616/1/6616 6618/1/6618 6617/1/6617
f 6619/1/6619 6621/1/6621 6620/1/6620
f 6622/1/6622 6624/1/6624 6623/1/6623
f 6625/1/6625 6627/1/6627 6626/1/6626
f 6628/1/6628 6630/1/6630 6629/1/6629
f 6631/1/6631 6633/1/6633 6632/1/6632
f 6634/1/6634 6636/1/6636 6635/1/6635
f 6637/1/6637 6639/1/6639 6638/1/6638
f 6640/1/6640 6642/1/6642 6641/1/6641
f 6643/1/6643 6645/1/6645 6644/1/6644
f 6646/1/6646 6648/1/6648 6647/1/6647
f 6649/1/6649 6651/1/6651 6650/1/6650
f 6652/1/6652 6654/1/6654 6653/1/6653
f 6655/1/6655 6657/1/6657 6656/1/6656
f 6658/1/6658 6660/1/6660 6659/1/6659
f 6661/1/6661 6663/1/6663 6662/1/6662
f 6664/1/6664 6666/1/6666 6665/1/6665
f 6667/1/6667 6669/1/6669 6668/1/6668
f 6670/1/6670 6672/1/6672 6671/1/6671
f 6673/1/6673 6675/1/6675 6674/1/6674
f 6676/1/6676 6678/1/6678 6677/1/6677
f 6679/1/6679 6681/1/6681 6680/1/6680
f 6682/1/6682 6684/1/6684 6683/1/6683
f 6685/1/6685 6687/1/6687 6686/1/6686
f 6688/1/6688 6690/1/6690 6689/1/6689
f 6691/1/6691 6693/1/6693 6692/1/6692
f 6694/1/6694 6696/1/6696 6695/1/6695
f 6697/1/6697 6699/1/6699 6698/1/6698
f 6700/1/6700 6702/1/6702 6701/1/6701
f 6703/1/6703 6705/1/6705 6704/1/6704
f 6706/1/6706 6708/1/6708 6707/1/6707
f 6709/1/6709 6711/1/6711 6710/1/6710
f 6712/1/6712 6714/1/6714 6713/1/6713
f 6715/1/6715 6717/1/6717 6716/1/6716
f 6718/1/6718 6720/1/6720 6719/1/6719
f 6721/1/6721 6723/1/6723 6722/1/6722
f 6724/1/6724 6726/1/6726 6725/1/6725
f 6727/1/6727 6729/1/6729 6728/1/6728
f 6730/1/6730 6732/1/6732 6731/1/6731
f 6733/1/6733 6735/1/6735 6734/1/6734
f 6736/1/6736 6738/1/6738 6737/1/6737
f 6739/1/6739 6741/1/6741 6740/1/6740
f 6742/1/6742 6744/1/6744 6743/1/6743
f 6745/1/6745 6747/1/6747 6746/1/6746
f 6748/1/6748 6750/1/6750 6749/1/6749
f 6751/1/6751 6753/1/6753 6752/1/6752
f 6754/1/6754 6756/1/6756 6755/1/6755
f 6757/1/6757 6759/1/6759 6758/1/6758
f 6760/1/6760 6762/1/6762 6761/1/6761
f 6763/1/6763 6765/1/6765 6764/1/6764
f 6766/1/6766 6768/1/6768 6767/1/6767
f 6769/1/6769 6771/1/6771 6770/1/6770
f 6772/1/6772 6774/1/6774 6773/1/6773
f 6775/1/6775 6777/1/6777 6776/1/6776
f 6778/1/6778 6780/1/6780 6779/1/6779
f 6781/1/6781 6783/1/6783 6782/1/6782
f 6784/1/6784 6786/1/6786 6785/1/6785
f 6787/1/6787 6789/1/6789 6788/1/6788
f 6790/1/6790 6792/1/6792 6791/1/6791
f 6793/1/6793 6795/1/6795 6794/1/6794
f 6796/1/6796 6798/1/6798 6797/1/6797
f 6799/1/6799 6801/1/6801 6800/1/6800
f 6802/1/6802 6804/1/6804 6803/1/6803
f 6805/1/6805 6807/1/6807 6806/1/6806
f 6808/1/6808 6810/1/6810 6809/1/6809
f 6811/1/6811 6813/1/6813 6812/1/6812
f 6814/1/6814 6816/1/6816 6815/1/6815
f 6817/1/6817 6819/1/6819 6818/1/6818
f 6820/1/6820 6822/1/6822 6821/1/6821
f 6823/1/6823 6825/1/6825 6824/1/6824
f 6826/1/6826 6828/1/6828 6827/1/6827
f 6829/1/6829 6831/1/6831 6830/1/6830
f 6832/1/6832 6834/1/6834 6833/1/6833
f 6835/1/6835 6837/1/6837 6836/1/6836
f 6838/1/6838 6840/1/6840 6839/1/6839
f 6841/1/6841 6843/1/6843 6842/1/6842
f 6844/1/6844 6846/1/6846 6845/1/6845
f 6847/1/6847 6849/1/6849 6848/1/6848
f 6850/1/6850 6852/1/6852 6851/1/6851
f 6853/1/6853 6855/1/6855 6854/1/6854
f 6856/1/6856 6858/1/6858 6857/1/6857
f 6859/1/6859 6861/1/6861 6860/1/6860
f 6862/1/6862 6864/1/6864 6863/1/6863
f 6865/1/6865 6867/1/6867 6866/1/6866
f 6868/1/6868 6870/1/6870 6869/1/6869
f 6871/1/6871 6873/1/6873 6872/1/6872
f 6874/1/6874 6876/1/6876 6875/1/6875
f 6877/1/6877 6879/1/6879 6878/1/6878
f 6880/1/6880 6882/1/6882 6881/1/6881
f 6883/1/6883 6885/1/6885 6884/1/6884
f 6886/1/6886 6888/1/6888 6887/1/6887
f 6889/1/6889 6891/1/6891 6890/1/6890
f 6892/1/6892 6894/1/6894 6893/1/6893
f 6895/1/6895 6897/1/6897 6896/1/6896
f 6898/1/6898 6900/1/6900 6899/1/6899
f 6901/1/6901 6903/1/6903 6902/1/6902
f 6904/1/6904 6906/1/6906 6905/1/6905
f 6907/1/6907 6909/1/6909 6908/1/6908
f 6910/1/6910 6912/1/6912 6911/1/6911
f 6913/1/6913 6915/1/6915 6914/1/6914
f 6916/1/6916 6918/1/6918 6917/1/6917
f 6919/1/6919 6921/1/6921 6920/1/6920
f 6922/1/6922 6924/1/6924 6923/1/6923
f 6925/1/6925 6927/1/6927 6926/1/6926
f 6928/1/6928 6930/1/6930 6929/1/6929
f 6931/1/6931 6933/1/6933 6932/1/6932
f 6934/1/6934 6936/1/6936 6935/1/6935
f 6937/1/6937 6939/1/6939 6938/1/6938
f 6940/1/6940 6942/1/6942 6941/1/6941
f 6943/1/6943 6945/1/6945 6944/1/6944
f 6946/1/6946 6948/1/6948 6947/1/6947
f 6949/1/6949 6951/1/6951 6950/1/6950
f 6952/1/6952 6954/1/6954 6953/1/6953
f 6955/1/6955 6957/1/6957 6956/1/6956
f 6958/1/6958 6960/1/6960 6959/1/6959
f 6961/1/6961 6963/1/6963 6962/1/6962
f 6964/1/6964 6966/1/6966 6965/1/6965
f 6967/1/6967 6969/1/6969 6968/1/6968
f 6970/1/6970 6972/1/6972 6971/1/6971
f 6973/1/6973 6975/1/6975 6974/1/6974
f 6976/1/6976 6978/1/6978 6977/1/6977
f 6979/1/6979 6981/1/6981 6980/1/6980
f 6982/1/6982 6984/1/6984 6983/1/6983
f 6985/1/6985 6987/1/6987 6986/1/6986
f 6988/1/6988 6990/1/6990 6989/1/6989
f 6991/1/6991 6993/1/6993 6992/1/6992
f 6994/1/6994 6996/1/6996 6995/1/6995
f 6997/1/6997 6999/1/6999 6998/1/6998
f 7000/1/7000 7002/1/7002 7001/1/7001
f 7003/1/7003 7005/1/7005 7004/1/7004
f 7006/1/7006 7008/1/7008 7007/1/7007
f 7009/1/7009 7011/1/7011 7010/1/7010
f 7012/1/7012 7014/1/7014 7013/1/7013
f 7015/1/7015 7017/1/7017 7016/1/7016
f 7018/1/7018 7020/1/7020 7019/1/7019
f 7021/1/7021 7023/1/7023 7022/1/7022
f 7024/1/7024 7026/1/7026 7025/1/7025
f 7027/1/7027 7029/1/7029 7028/1/7028
f 7030/1/7030 7032/1/7032 7031/1/7031
f 7033/1/7033 7035/1/7035 7034/1/7034
f 7036/1/7036 7038/1/7038 7037/1/7037
f 7039/1/7039 7041/1/7041 7040/1/7040
f 7042/1/7042 7044/1/7044 7043/1/7043
f 7045/1/7045 7047/1/7047 7046/1/7046
f 7048/1/7048 7050/1/7050 7049/1/7049
f 7051/1/7051 7053/1/7053 7052/1/7052
f 7054/1/7054 7056/1/7056 7055/1/7055
f 7057/1/7057 7059/1/7059 7058/1/7058
f 7060/1/7060 7062/1/7062 7061/1/7061
f 7063/1/7063 7065/1/7065 7064/1/7064
f 7066/1/7066 7068/1/7068 7067/1/7067
f 7069/1/7069 7071/1/7071 7070/1/7070
f 7072/1/7072 7074/1/7074 7073/1/7073
f 7075/1/7075 7077/1/7077 7076/1/7076
f 7078/1/7078 7080/1/7080 7079/1/7079
f 7081/1/7081 7083/1/7083 7082/1/7082
f 7084/1/7084 7086/1/7086 7085/1/7085
f 7087/1/7087 7089/1/7089 7088/1/7088
f 7090/1/7090 7092/1/7092 7091/1/7091
f 7093/1/7093 7095/1/7095 7094/1/7094
f 7096/1/7096 7098/1/7098 7097/1/7097
f 7099/1/7099 7101/1/7101 7100/1/7100
f 7102/1/7102 7104/1/7104 7103/1/7103
f 7105/1/7105 7107/1/7107 7106/1/7106
f 7108/1/7108 7110/1/7110 7109/1/7109
f 7111/1/7111 7113/1/7113 7112/1/7112
f 7114/1/7114 7116/1/7116 7115/1/7115
f 7117/1/7117 7119/1/7119 7118/1/7118
f 7120/1/7120 7122/1/7122 7121/1/7121
f 7123/1/7123 7125/1/7125 7124/1/7124
f 7126/1/7126 7128/1/7128 7127/1/7127
f 7129/1/7129 7131/1/7131 7130/1/7130
f 7132/1/7132 7134/1/7134 7133/1/7133
f 7135/1/7135 7137/1/7137 7136/1/7136
f 7138/1/7138 7140/1/7140 7139/1/7139
f 7141/1/7141 7143/1/7143 7142/1/7142
f 7144/1/7144 7146/1/7146 7145/1/7145
f 7147/1/7147 7149/1/7149 7148/1/7148
f 7150/1/7150 7152/1/7152 7151/1/7151
f 7153/1/7153 7155/1/7155 7154/1/7154
f 7156/1/7156 7158/1/7158 7157/1/7157
f 7159/1/7159 7161/1/7161 7160/1/7160
f 7162/1/7162 7164/1/7164 7163/1/7163
f 7165/1/7165 7167/1/7167 7166/1/7166
f 7168/1/7168 7170/1/7170 7169/1/7169
f 7171/1/7171 7173/1/7173 7172/1/7172
f 7174/1/7174 7176/1/7176 7175/1/7175
f 7177/1/7177 7179/1/7179 7178/1/7178
f 7180/1/7180 7182/1/7182 7181/1/7181
f 7183/1/7183 7185/1/7185 7184/1/7184
f 7186/1/7186 7188/1/7188 7187/1/7187
f 7189/1/7189 7191/1/7191 7190/1/7190
f 7192/1/7192 7194/1/7194 7193/1/7193
f 7195/1/7195 7197/1/7197 7196/1/7196
f 7198/1/7198 7200/1/7200 7199/1/7199
f 7201/1/7201 7203/1/7203 7202/1/7202
f 7204/1/7204 7206/1/7206 7205/1/7205
f 7207/1/7207 7209/1/7209 7208/1/7208
f 7210/1/7210 7212/1/7212 7211/1/7211
f 7213/1/7213 7215/1/7215 7214/1/7214
f 7216/1/7216 7218/1/7218 7217/1/7217
f 7219/1/7219 7221/1/7221 7220/1/7220
f 7222/1/7222 7224/1/7224 7223/1/7223
f 7225/1/7225 7227/1/7227 7226/1/7226
f 7228/1/7228 7230/1/7230 7229/1/7229
f 7231/1/7231 7233/1/7233 7232/1/7232
f 7234/1/7234 7236/1/7236 7235/1/7235
f 7237/1/7237 7239/1/7239 7238/1/7238
f 7240/1/7240 7242/1/7242 7241/1/7241
f 7243/1/7243 7245/1/7245 7244/1/7244
f 7246/1/7246 7248/1/7248 7247/1/7247
f 7249/1/7249 7251/1/7251 7250/1/7250
f 7252/1/7252 7254/1/7254 7253/1/7253
f 7255/1/7255 7257/1/7257 7256/1/7256
f 7258/1/7258 7260/1/7260 7259/1/7259
f 7261/1/7261 7263/1/7263 7262/1/7262
f 7264/1/7264 7266/1/7266 7265/1/7265
f 7267/1/7267 7269/1/7269 7268/1/7268
f 7270/1/7270 7272/1/7272 7271/1/7271
f 7273/1/7273 7275/1/7275 7274/1/7274
f 7276/1/7276 7278/1/7278 7277/1/7277
f 7279/1/7279 7281/1/7281 7280/1/7280
f 7282/1/7282 7284/1/7284 7283/1/7283
f 7285/1/7285 7287/1/7287 7286/1/7286
f 7288/1/7288 7290/1/7290 7289/1/7289
f 7291/1/7291 7293/1/7293 7292/1/7292
f 7294/1/7294 7296/1/7296 7295/1/7295
f 7297/1/7297 7299/1/7299 7298/1/7298
f 7300/1/7300 7302/1/7302 7301/1/7301
f 7303/1/7303 7305/1/7305 7304/1/7304
f 7306/1/7306 7308/1/7308 7307/1/7307
f 7309/1/7309 7311/1/7311 7310/1/7310
f 7312/1/7312 7314/1/7314 7313/1/7313
f 7315/1/7315 7317/1/7317 7316/1/7316
f 7318/1/7318 7320/1/7320 7319/1/7319
f 7321/1/7321 7323/1/7323 7322/1/7322
f 7324/1/7324 7326/1/7326 7325/1/7325
f 7327/1/7327 7329/1/7329 7328/1/7328
f 7330/1/7330 7332/1/7332 7331/1/7331
f 7333/1/7333 7335/1/7335 7334/1/7334
f 7336/1/7336 7338/1/7338 7337/1/7337
f 7339/1/7339 7341/1/7341 7340/1/7340
f 7342/1/7342 7344/1/7344 7343/1/7343
f 7345/1/7345 7347/1/7347 7346/1/7346
f 7348/1/7348 7350/1/7350 7349/1/7349
f 7351/1/7351 7353/1/7353 7352/1/7352
f 7354/1/7354 7356/1/7356 7355/1/7355
f 7357/1/7357 7359/1/7359 7358/1/7358
f 7360/1/7360 7362/1/7362 7361/1/7361
f 7363/1/7363 7365/1/7365 7364/1/7364
f 7366/1/7366 7368/1/7368 7367/1/7367
f 7369/1/7369 7371/1/7371 7370/1/7370
f 7372/1/7372 7374/1/7374 7373/1/7373
f 7375/1/7375 7377/1/7377 7376/1/7376
f 7378/1/7378 7380/1/7380 7379/1/7379
f 7381/1/7381 7383/1/7383 7382/1/7382
f 7384/1/7384 7386/1/7386 7385/1/7385
f 7387/1/7387 7389/1/7389 7388/1/7388
f 7390/1/7390 7392/1/7392 7391/1/7391
f 7393/1/7393 7395/1/7395 7394/1/7394
f 7396/1/7396 7398/1/7398 7397/1/7397
f 7399/1/7399 7401/1/7401 7400/1/7400
f 7402/1/7402 7404/1/7404 7403/1/7403
f 7405/1/7405 7407/1/7407 7406/1/7406
f 7408/1/7408 7410/1/7410 7409/1/7409
f 7411/1/7411 7413/1/7413 7412/1/7412
f 7414/1/7414 7416/1/7416 7415/1/7415
f 7417/1/7417 7419/1/7419 7418/1/7418
f 7420/1/7420 7422/1/7422 7421/1/7421
f 7423/1/7423 7425/1/7425 7424/1/7424
f 7426/1/7426 7428/1/7428 7427/1/7427
f 7429/1/7429 7431/1/7431 7430/1/7430
f 7432/1/7432 7434/1/7434 7433/1/7433
f 7435/1/7435 7437/1/7437 7436/1/7436
f 7438/1/7438 7440/1/7440 7439/1/7439
f 7441/1/7441 7443/1/7443 7442/1/7442
f 7444/1/7444 7446/1/7446 7445/1/7445
f 7447/1/7447 7449/1/7449 7448/1/7448
f 7450/1/7450 7452/1/7452 7451/1/7451
f 7453/1/7453 7455/1/7455 7454/1/7454
f 7456/1/7456 7458/1/7458 7457/1/7457
f 7459/1/7459 7461/1/7461 7460/1/7460
f 7462/1/7462 7464/1/7464 7463/1/7463
f 7465/1/7465 7467/1/7467 7466/1/7466
f 7468/1/7468 7470/1/7470 7469/1/7469
f 7471/1/7471 7473/1/7473 7472/1/7472
f 7474/1/7474 7476/1/7476 7475/1/7475
f 7477/1/7477 7479/1/7479 7478/1/7478
f 7480/1/7480 7482/1/7482 7481/1/7481
f 7483/1/7483 7485/1/7485 7484/1/7484
f 7486/1/7486 7488/1/7488 7487/1/7487
f 7489/1/7489 7491/1/7491 7490/1/7490
f 7492/1/7492 7494/1/7494 7493/1/7493
f 7495/1/7495 7497/1/7497 7496/1/7496
f 7498/1/7498 7500/1/7500 7499/1/7499
f 7501/1/7501 7503/1/7503 7502/1/7502
f 7504/1/7504 7506/1/7506 7505/1/7505
f 7507/1/7507 7509/1/7509 7508/1/7508
f 7510/1/7510 7512/1/7512 7511/1/7511
f 7513/1/7513 7515/1/7515 7514/1/7514
f 7516/1/7516 7518/1/7518 7517/1/7517
f 7519/1/7519 7521/1/7521 7520/1/7520
f 7522/1/7522 7524/1/7524 7523/1/7523
f 7525/1/7525 7527/1/7527 7526/1/7526
f 7528/1/7528 7530/1/7530 7529/1/7529
f 7531/1/7531 7533/1/7533 7532/1/7532
f 7534/1/7534 7536/1/7536 7535/1/7535
